pair_id,a,b,a_label,b_label,a_derived_variable,b_derived_variable,status,reason_code,reason_family,reason,evidence,release_gate_blocked_indicators,release_gate_reason,before_present,before_flagged_redundant,analytical_status
droga_cualq_alguna_vez|drogaileg_alguna_vez,droga_cualq_alguna_vez,drogaileg_alguna_vez,Cualquier droga,Droga ilegal,prev_av,cdi_av,excluded,agregado_vs_componente,Uno es un agregado que incluye al otro entre sus componentes declarados.,Todo positivo de drogaileg_alguna_vez es necesariamente un positivo de droga_cualq_alguna_vez por construcción.,"[{""tipo"": ""grafo_de_variables_derivadas"", ""archivo"": ""encodat_analysis/src/derived_vars.py"", ""indicador"": ""droga_cualq_alguna_vez"", ""variable_derivada"": ""prev_av"", ""etiqueta_oficial"": ""Prevalencia de cualquier droga alguna vez"", ""syntax_source"": ""reconstruccion_proyecto"", ""bloque"": ""av"", ""regla_de_confirmacion"": null, ""variables_de_origen"": [""di1a"", ""di1b"", ""di1c"", ""di1d"", ""di1e"", ""di1f"", ""di1f1"", ""di1g"", ""di1h"", ""di1i"", ""di4a"", ""di4b"", ""di4c"", ""di4d"", ""di4e"", ""di4f"", ""di4f1"", ""di4g"", ""di4h"", ""di4i"", ""dm1a"", ""dm1b"", ""dm1c"", ""dm1d"", ""dm3a1"", ""dm3b1"", ""dm3c1"", ""dm3d1""], ""componentes_declarados"": [""opi_av"", ""tra_av"", ""sed_av"", ""anf_av"", ""mar_av"", ""coc_av"", ""cra_av"", ""alu_av"", ""inh_av"", ""her_av"", ""fent_av"", ""met_av"", ""otr_av"", ""marsin_av""], ""condicion_positiva"": [""dm1a en {1} y dm3a1 en {1}"", ""dm1b en {1} y dm3b1 en {1}"", ""dm1c en {1} y dm3c1 en {1}"", ""dm1d en {1} y dm3d1 en {1}"", ""di1a en {1} y di4a en {1-65,111,119,120}"", ""di1b en {1} y di4b en {1-65,111,119,120}"", ""di1c en {1} y di4c en {1-65,111,119,120}"", ""di1d en {1} y di4d en {1-65,111,119,120}"", ""di1e en {1} y di4e en {1-65,111,119,120}"", ""di1f en {1} y di4f en {1-65,111,119,120}"", ""di1f1 en {1} y di4f1 en {1-65,111,119,120}"", ""di1g en {1} y di4g en {1-65,111,119,120}"", ""di1h en {1} y di4h en {1-65,111,119,120}"", ""di1i en {1} y di4i en {1-65,111,119,120}""], ""origen_de_la_condicion"": ""unión de los componentes declarados del agregado""}, {""tipo"": ""grafo_de_variables_derivadas"", ""archivo"": ""encodat_analysis/src/derived_vars.py"", ""indicador"": ""drogaileg_alguna_vez"", ""variable_derivada"": ""cdi_av"", ""etiqueta_oficial"": ""Prevalencia de cualquier droga ilegal alguna vez"", ""syntax_source"": ""reconstruccion_proyecto"", ""bloque"": ""av"", ""regla_de_confirmacion"": null, ""variables_de_origen"": [""di1a"", ""di1b"", ""di1c"", ""di1d"", ""di1e"", ""di1f"", ""di1f1"", ""di1g"", ""di1h"", ""di1i"", ""di4a"", ""di4b"", ""di4c"", ""di4d"", ""di4e"", ""di4f"", ""di4f1"", ""di4g"", ""di4h"", ""di4i""], ""componentes_declarados"": [""mar_av"", ""coc_av"", ""cra_av"", ""alu_av"", ""inh_av"", ""her_av"", ""fent_av"", ""met_av"", ""otr_av"", ""marsin_av""], ""condicion_positiva"": [""di1a en {1} y di4a en {1-65,111,119,120}"", ""di1b en {1} y di4b en {1-65,111,119,120}"", ""di1c en {1} y di4c en {1-65,111,119,120}"", ""di1d en {1} y di4d en {1-65,111,119,120}"", ""di1e en {1} y di4e en {1-65,111,119,120}"", ""di1f en {1} y di4f en {1-65,111,119,120}"", ""di1f1 en {1} y di4f1 en {1-65,111,119,120}"", ""di1g en {1} y di4g en {1-65,111,119,120}"", ""di1h en {1} y di4h en {1-65,111,119,120}"", ""di1i en {1} y di4i en {1-65,111,119,120}""], ""origen_de_la_condicion"": ""unión de los componentes declarados del agregado""}, {""tipo"": ""implicacion_logica"", ""implica"": ""drogaileg_alguna_vez"", ""implicado"": ""droga_cualq_alguna_vez"", ""alcance"": ""total"", ""demostracion"": [{""condicion_b"": {""di1a"": ""1"", ""di4a"": ""1-65,111,119,120""}, ""condicion_b_con_saltos"": {""di1a"": ""1"", ""di4a"": ""1-65,111,119,120""}, ""condicion_a_garantizada"": {""di1a"": ""1"", ""di4a"": ""1-65,111,119,120""}, ""saltos_usados"": [""di4a<-di1a""]}, {""condicion_b"": {""di1b"": ""1"", ""di4b"": ""1-65,111,119,120""}, ""condicion_b_con_saltos"": {""di1b"": ""1"", ""di4b"": ""1-65,111,119,120""}, ""condicion_a_garantizada"": {""di1b"": ""1"", ""di4b"": ""1-65,111,119,120""}, ""saltos_usados"": [""di4b<-di1b""]}, {""condicion_b"": {""di1c"": ""1"", ""di4c"": ""1-65,111,119,120""}, ""condicion_b_con_saltos"": {""di1c"": ""1"", ""di4c"": ""1-65,111,119,120""}, ""condicion_a_garantizada"": {""di1c"": ""1"", ""di4c"": ""1-65,111,119,120""}, ""saltos_usados"": [""di4c<-di1c""]}, {""condicion_b"": {""di1d"": ""1"", ""di4d"": ""1-65,111,119,120""}, ""condicion_b_con_saltos"": {""di1d"": ""1"", ""di4d"": ""1-65,111,119,120""}, ""condicion_a_garantizada"": {""di1d"": ""1"", ""di4d"": ""1-65,111,119,120""}, ""saltos_usados"": [""di4d<-di1d""]}, {""condicion_b"": {""di1e"": ""1"", ""di4e"": ""1-65,111,119,120""}, ""condicion_b_con_saltos"": {""di1e"": ""1"", ""di4e"": ""1-65,111,119,120""}, ""condicion_a_garantizada"": {""di1e"": ""1"", ""di4e"": ""1-65,111,119,120""}, ""saltos_usados"": [""di4e<-di1e""]}, {""condicion_b"": {""di1f"": ""1"", ""di4f"": ""1-65,111,119,120""}, ""condicion_b_con_saltos"": {""di1f"": ""1"", ""di4f"": ""1-65,111,119,120""}, ""condicion_a_garantizada"": {""di1f"": ""1"", ""di4f"": ""1-65,111,119,120""}, ""saltos_usados"": [""di4f<-di1f""]}, {""condicion_b"": {""di1f1"": ""1"", ""di4f1"": ""1-65,111,119,120""}, ""condicion_b_con_saltos"": {""di1f1"": ""1"", ""di4f1"": ""1-65,111,119,120""}, ""condicion_a_garantizada"": {""di1f1"": ""1"", ""di4f1"": ""1-65,111,119,120""}, ""saltos_usados"": [""di4f1<-di1f1""]}, {""condicion_b"": {""di1g"": ""1"", ""di4g"": ""1-65,111,119,120""}, ""condicion_b_con_saltos"": {""di1g"": ""1"", ""di4g"": ""1-65,111,119,120""}, ""condicion_a_garantizada"": {""di1g"": ""1"", ""di4g"": ""1-65,111,119,120""}, ""saltos_usados"": [""di4g<-di1g""]}, {""condicion_b"": {""di1h"": ""1"", ""di4h"": ""1-65,111,119,120""}, ""condicion_b_con_saltos"": {""di1h"": ""1"", ""di4h"": ""1-65,111,119,120""}, ""condicion_a_garantizada"": {""di1h"": ""1"", ""di4h"": ""1-65,111,119,120""}, ""saltos_usados"": [""di4h<-di1h""]}, {""condicion_b"": {""di1i"": ""1"", ""di4i"": ""1-65,111,119,120""}, ""condicion_b_con_saltos"": {""di1i"": ""1"", ""di4i"": ""1-65,111,119,120""}, ""condicion_a_garantizada"": {""di1i"": ""1"", ""di4i"": ""1-65,111,119,120""}, ""saltos_usados"": [""di4i<-di1i""]}]}, {""tipo"": ""salto_del_cuestionario_verificado"", ""archivo"": ""encodat_analysis/correlations/evidence/questionnaire_routing.json"", ""saltos"": [{""salto"": ""di4a<-di1a"", ""parent_question"": ""DI1A. uso alguna vez de la sustancia"", ""parent_enabling_codes"": [1], ""counterexamples"": 0}, {""salto"": ""di4b<-di1b"", ""parent_question"": ""DI1B. uso alguna vez de la sustancia"", ""parent_enabling_codes"": [1], ""counterexamples"": 0}, {""salto"": ""di4c<-di1c"", ""parent_question"": ""DI1C. uso alguna vez de la sustancia"", ""parent_enabling_codes"": [1], ""counterexamples"": 0}, {""salto"": ""di4d<-di1d"", ""parent_question"": ""DI1D. uso alguna vez de la sustancia"", ""parent_enabling_codes"": [1], ""counterexamples"": 0}, {""salto"": ""di4e<-di1e"", ""parent_question"": ""DI1E. uso alguna vez de la sustancia"", ""parent_enabling_codes"": [1], ""counterexamples"": 0}, {""salto"": ""di4f1<-di1f1"", ""parent_question"": ""DI1F1. uso alguna vez de la sustancia"", ""parent_enabling_codes"": [1], ""counterexamples"": 0}, {""salto"": ""di4f<-di1f"", ""parent_question"": ""DI1F. uso alguna vez de la sustancia"", ""parent_enabling_codes"": [1], ""counterexamples"": 0}, {""salto"": ""di4g<-di1g"", ""parent_question"": ""DI1G. uso alguna vez de la sustancia"", ""parent_enabling_codes"": [1], ""counterexamples"": 0}, {""salto"": ""di4h<-di1h"", ""parent_question"": ""DI1H. uso alguna vez de la sustancia"", ""parent_enabling_codes"": [1], ""counterexamples"": 0}, {""salto"": ""di4i<-di1i"", ""parent_question"": ""DI1I. uso alguna vez de la sustancia"", ""parent_enabling_codes"": [1], ""counterexamples"": 0}]}]","[""droga_cualq_alguna_vez"", ""drogaileg_alguna_vez""]","droga_cualq_alguna_vez: Diferencia con el objetivo nacional registrada por el propio análisis; falta resolver derivación y reproducir fuente antes de exponer resultados como validados.; drogaileg_alguna_vez: Coincidencia nacional dentro de la tolerancia interna; falta verificar definición, denominador y celdas publicadas para certificar este indicador. No se declara incorrecto.",True,True,excluded_from_analysis
cannabis_alguna_vez|droga_cualq_alguna_vez,droga_cualq_alguna_vez,cannabis_alguna_vez,Cualquier droga,Cannabis,prev_av,mar_av,excluded,agregado_vs_componente,Uno es un agregado que incluye al otro entre sus componentes declarados.,Todo positivo de cannabis_alguna_vez es necesariamente un positivo de droga_cualq_alguna_vez por construcción.,"[{""tipo"": ""grafo_de_variables_derivadas"", ""archivo"": ""encodat_analysis/src/derived_vars.py"", ""indicador"": ""droga_cualq_alguna_vez"", ""variable_derivada"": ""prev_av"", ""etiqueta_oficial"": ""Prevalencia de cualquier droga alguna vez"", ""syntax_source"": ""reconstruccion_proyecto"", ""bloque"": ""av"", ""regla_de_confirmacion"": null, ""variables_de_origen"": [""di1a"", ""di1b"", ""di1c"", ""di1d"", ""di1e"", ""di1f"", ""di1f1"", ""di1g"", ""di1h"", ""di1i"", ""di4a"", ""di4b"", ""di4c"", ""di4d"", ""di4e"", ""di4f"", ""di4f1"", ""di4g"", ""di4h"", ""di4i"", ""dm1a"", ""dm1b"", ""dm1c"", ""dm1d"", ""dm3a1"", ""dm3b1"", ""dm3c1"", ""dm3d1""], ""componentes_declarados"": [""opi_av"", ""tra_av"", ""sed_av"", ""anf_av"", ""mar_av"", ""coc_av"", ""cra_av"", ""alu_av"", ""inh_av"", ""her_av"", ""fent_av"", ""met_av"", ""otr_av"", ""marsin_av""], ""condicion_positiva"": [""dm1a en {1} y dm3a1 en {1}"", ""dm1b en {1} y dm3b1 en {1}"", ""dm1c en {1} y dm3c1 en {1}"", ""dm1d en {1} y dm3d1 en {1}"", ""di1a en {1} y di4a en {1-65,111,119,120}"", ""di1b en {1} y di4b en {1-65,111,119,120}"", ""di1c en {1} y di4c en {1-65,111,119,120}"", ""di1d en {1} y di4d en {1-65,111,119,120}"", ""di1e en {1} y di4e en {1-65,111,119,120}"", ""di1f en {1} y di4f en {1-65,111,119,120}"", ""di1f1 en {1} y di4f1 en {1-65,111,119,120}"", ""di1g en {1} y di4g en {1-65,111,119,120}"", ""di1h en {1} y di4h en {1-65,111,119,120}"", ""di1i en {1} y di4i en {1-65,111,119,120}""], ""origen_de_la_condicion"": ""unión de los componentes declarados del agregado""}, {""tipo"": ""grafo_de_variables_derivadas"", ""archivo"": ""encodat_analysis/src/derived_vars.py"", ""indicador"": ""cannabis_alguna_vez"", ""variable_derivada"": ""mar_av"", ""etiqueta_oficial"": ""Mariguana Alguna Vez"", ""syntax_source"": ""reconstruccion_proyecto"", ""bloque"": ""av"", ""regla_de_confirmacion"": ""edad_inicio_valida_recode_oficial"", ""variables_de_origen"": [""di1a"", ""di4a""], ""componentes_declarados"": [], ""condicion_positiva"": [""di1a en {1} y di4a en {1-65,111,119,120}""], ""origen_de_la_condicion"": ""definición de derived_vars para el bloque «av»""}, {""tipo"": ""implicacion_logica"", ""implica"": ""cannabis_alguna_vez"", ""implicado"": ""droga_cualq_alguna_vez"", ""alcance"": ""total"", ""demostracion"": [{""condicion_b"": {""di1a"": ""1"", ""di4a"": ""1-65,111,119,120""}, ""condicion_b_con_saltos"": {""di1a"": ""1"", ""di4a"": ""1-65,111,119,120""}, ""condicion_a_garantizada"": {""di1a"": ""1"", ""di4a"": ""1-65,111,119,120""}, ""saltos_usados"": [""di4a<-di1a""]}]}, {""tipo"": ""salto_del_cuestionario_verificado"", ""archivo"": ""encodat_analysis/correlations/evidence/questionnaire_routing.json"", ""saltos"": [{""salto"": ""di4a<-di1a"", ""parent_question"": ""DI1A. uso alguna vez de la sustancia"", ""parent_enabling_codes"": [1], ""counterexamples"": 0}]}]","[""droga_cualq_alguna_vez"", ""cannabis_alguna_vez""]","droga_cualq_alguna_vez: Diferencia con el objetivo nacional registrada por el propio análisis; falta resolver derivación y reproducir fuente antes de exponer resultados como validados.; cannabis_alguna_vez: Coincidencia nacional dentro de la tolerancia interna; falta verificar definición, denominador y celdas publicadas para certificar este indicador. No se declara incorrecto.",True,True,excluded_from_analysis
cocaina_alguna_vez|droga_cualq_alguna_vez,droga_cualq_alguna_vez,cocaina_alguna_vez,Cualquier droga,Cocaína,prev_av,coc2_av,excluded,agregado_vs_componente,Uno es un agregado que incluye al otro entre sus componentes declarados.,Todo positivo de cocaina_alguna_vez es necesariamente un positivo de droga_cualq_alguna_vez por construcción.,"[{""tipo"": ""grafo_de_variables_derivadas"", ""archivo"": ""encodat_analysis/src/derived_vars.py"", ""indicador"": ""droga_cualq_alguna_vez"", ""variable_derivada"": ""prev_av"", ""etiqueta_oficial"": ""Prevalencia de cualquier droga alguna vez"", ""syntax_source"": ""reconstruccion_proyecto"", ""bloque"": ""av"", ""regla_de_confirmacion"": null, ""variables_de_origen"": [""di1a"", ""di1b"", ""di1c"", ""di1d"", ""di1e"", ""di1f"", ""di1f1"", ""di1g"", ""di1h"", ""di1i"", ""di4a"", ""di4b"", ""di4c"", ""di4d"", ""di4e"", ""di4f"", ""di4f1"", ""di4g"", ""di4h"", ""di4i"", ""dm1a"", ""dm1b"", ""dm1c"", ""dm1d"", ""dm3a1"", ""dm3b1"", ""dm3c1"", ""dm3d1""], ""componentes_declarados"": [""opi_av"", ""tra_av"", ""sed_av"", ""anf_av"", ""mar_av"", ""coc_av"", ""cra_av"", ""alu_av"", ""inh_av"", ""her_av"", ""fent_av"", ""met_av"", ""otr_av"", ""marsin_av""], ""condicion_positiva"": [""dm1a en {1} y dm3a1 en {1}"", ""dm1b en {1} y dm3b1 en {1}"", ""dm1c en {1} y dm3c1 en {1}"", ""dm1d en {1} y dm3d1 en {1}"", ""di1a en {1} y di4a en {1-65,111,119,120}"", ""di1b en {1} y di4b en {1-65,111,119,120}"", ""di1c en {1} y di4c en {1-65,111,119,120}"", ""di1d en {1} y di4d en {1-65,111,119,120}"", ""di1e en {1} y di4e en {1-65,111,119,120}"", ""di1f en {1} y di4f en {1-65,111,119,120}"", ""di1f1 en {1} y di4f1 en {1-65,111,119,120}"", ""di1g en {1} y di4g en {1-65,111,119,120}"", ""di1h en {1} y di4h en {1-65,111,119,120}"", ""di1i en {1} y di4i en {1-65,111,119,120}""], ""origen_de_la_condicion"": ""unión de los componentes declarados del agregado""}, {""tipo"": ""grafo_de_variables_derivadas"", ""archivo"": ""encodat_analysis/src/derived_vars.py"", ""indicador"": ""cocaina_alguna_vez"", ""variable_derivada"": ""coc2_av"", ""etiqueta_oficial"": ""Cocaína completa Alguna Vez"", ""syntax_source"": ""reconstruccion_proyecto"", ""bloque"": ""av"", ""regla_de_confirmacion"": null, ""variables_de_origen"": [""di1b"", ""di1c"", ""di4b"", ""di4c""], ""componentes_declarados"": [""coc_av"", ""cra_av""], ""condicion_positiva"": [""di1b en {1} y di4b en {1-65,111,119,120}"", ""di1c en {1} y di4c en {1-65,111,119,120}""], ""origen_de_la_condicion"": ""unión de los componentes declarados del agregado""}, {""tipo"": ""implicacion_logica"", ""implica"": ""cocaina_alguna_vez"", ""implicado"": ""droga_cualq_alguna_vez"", ""alcance"": ""total"", ""demostracion"": [{""condicion_b"": {""di1b"": ""1"", ""di4b"": ""1-65,111,119,120""}, ""condicion_b_con_saltos"": {""di1b"": ""1"", ""di4b"": ""1-65,111,119,120""}, ""condicion_a_garantizada"": {""di1b"": ""1"", ""di4b"": ""1-65,111,119,120""}, ""saltos_usados"": [""di4b<-di1b""]}, {""condicion_b"": {""di1c"": ""1"", ""di4c"": ""1-65,111,119,120""}, ""condicion_b_con_saltos"": {""di1c"": ""1"", ""di4c"": ""1-65,111,119,120""}, ""condicion_a_garantizada"": {""di1c"": ""1"", ""di4c"": ""1-65,111,119,120""}, ""saltos_usados"": [""di4c<-di1c""]}]}, {""tipo"": ""salto_del_cuestionario_verificado"", ""archivo"": ""encodat_analysis/correlations/evidence/questionnaire_routing.json"", ""saltos"": [{""salto"": ""di4b<-di1b"", ""parent_question"": ""DI1B. uso alguna vez de la sustancia"", ""parent_enabling_codes"": [1], ""counterexamples"": 0}, {""salto"": ""di4c<-di1c"", ""parent_question"": ""DI1C. uso alguna vez de la sustancia"", ""parent_enabling_codes"": [1], ""counterexamples"": 0}]}]","[""droga_cualq_alguna_vez"", ""cocaina_alguna_vez""]","droga_cualq_alguna_vez: Diferencia con el objetivo nacional registrada por el propio análisis; falta resolver derivación y reproducir fuente antes de exponer resultados como validados.; cocaina_alguna_vez: Coincidencia nacional dentro de la tolerancia interna; falta verificar definición, denominador y celdas publicadas para certificar este indicador. No se declara incorrecto.",True,True,excluded_from_analysis
crack_alguna_vez|droga_cualq_alguna_vez,droga_cualq_alguna_vez,crack_alguna_vez,Cualquier droga,Crack,prev_av,cra_av,excluded,agregado_vs_componente,Uno es un agregado que incluye al otro entre sus componentes declarados.,Todo positivo de crack_alguna_vez es necesariamente un positivo de droga_cualq_alguna_vez por construcción.,"[{""tipo"": ""grafo_de_variables_derivadas"", ""archivo"": ""encodat_analysis/src/derived_vars.py"", ""indicador"": ""droga_cualq_alguna_vez"", ""variable_derivada"": ""prev_av"", ""etiqueta_oficial"": ""Prevalencia de cualquier droga alguna vez"", ""syntax_source"": ""reconstruccion_proyecto"", ""bloque"": ""av"", ""regla_de_confirmacion"": null, ""variables_de_origen"": [""di1a"", ""di1b"", ""di1c"", ""di1d"", ""di1e"", ""di1f"", ""di1f1"", ""di1g"", ""di1h"", ""di1i"", ""di4a"", ""di4b"", ""di4c"", ""di4d"", ""di4e"", ""di4f"", ""di4f1"", ""di4g"", ""di4h"", ""di4i"", ""dm1a"", ""dm1b"", ""dm1c"", ""dm1d"", ""dm3a1"", ""dm3b1"", ""dm3c1"", ""dm3d1""], ""componentes_declarados"": [""opi_av"", ""tra_av"", ""sed_av"", ""anf_av"", ""mar_av"", ""coc_av"", ""cra_av"", ""alu_av"", ""inh_av"", ""her_av"", ""fent_av"", ""met_av"", ""otr_av"", ""marsin_av""], ""condicion_positiva"": [""dm1a en {1} y dm3a1 en {1}"", ""dm1b en {1} y dm3b1 en {1}"", ""dm1c en {1} y dm3c1 en {1}"", ""dm1d en {1} y dm3d1 en {1}"", ""di1a en {1} y di4a en {1-65,111,119,120}"", ""di1b en {1} y di4b en {1-65,111,119,120}"", ""di1c en {1} y di4c en {1-65,111,119,120}"", ""di1d en {1} y di4d en {1-65,111,119,120}"", ""di1e en {1} y di4e en {1-65,111,119,120}"", ""di1f en {1} y di4f en {1-65,111,119,120}"", ""di1f1 en {1} y di4f1 en {1-65,111,119,120}"", ""di1g en {1} y di4g en {1-65,111,119,120}"", ""di1h en {1} y di4h en {1-65,111,119,120}"", ""di1i en {1} y di4i en {1-65,111,119,120}""], ""origen_de_la_condicion"": ""unión de los componentes declarados del agregado""}, {""tipo"": ""grafo_de_variables_derivadas"", ""archivo"": ""encodat_analysis/src/derived_vars.py"", ""indicador"": ""crack_alguna_vez"", ""variable_derivada"": ""cra_av"", ""etiqueta_oficial"": ""Crack Alguna Vez"", ""syntax_source"": ""reconstruccion_proyecto"", ""bloque"": ""av"", ""regla_de_confirmacion"": ""edad_inicio_valida_recode_oficial"", ""variables_de_origen"": [""di1c"", ""di4c""], ""componentes_declarados"": [], ""condicion_positiva"": [""di1c en {1} y di4c en {1-65,111,119,120}""], ""origen_de_la_condicion"": ""definición de derived_vars para el bloque «av»""}, {""tipo"": ""implicacion_logica"", ""implica"": ""crack_alguna_vez"", ""implicado"": ""droga_cualq_alguna_vez"", ""alcance"": ""total"", ""demostracion"": [{""condicion_b"": {""di1c"": ""1"", ""di4c"": ""1-65,111,119,120""}, ""condicion_b_con_saltos"": {""di1c"": ""1"", ""di4c"": ""1-65,111,119,120""}, ""condicion_a_garantizada"": {""di1c"": ""1"", ""di4c"": ""1-65,111,119,120""}, ""saltos_usados"": [""di4c<-di1c""]}]}, {""tipo"": ""salto_del_cuestionario_verificado"", ""archivo"": ""encodat_analysis/correlations/evidence/questionnaire_routing.json"", ""saltos"": [{""salto"": ""di4c<-di1c"", ""parent_question"": ""DI1C. uso alguna vez de la sustancia"", ""parent_enabling_codes"": [1], ""counterexamples"": 0}]}]","[""droga_cualq_alguna_vez"", ""crack_alguna_vez""]","droga_cualq_alguna_vez: Diferencia con el objetivo nacional registrada por el propio análisis; falta resolver derivación y reproducir fuente antes de exponer resultados como validados.; crack_alguna_vez: Coincidencia nacional dentro de la tolerancia interna; falta verificar definición, denominador y celdas publicadas para certificar este indicador. No se declara incorrecto.",True,True,excluded_from_analysis
aluc_alguna_vez|droga_cualq_alguna_vez,droga_cualq_alguna_vez,aluc_alguna_vez,Cualquier droga,Alucinógenos,prev_av,alu_av,excluded,agregado_vs_componente,Uno es un agregado que incluye al otro entre sus componentes declarados.,Todo positivo de aluc_alguna_vez es necesariamente un positivo de droga_cualq_alguna_vez por construcción.,"[{""tipo"": ""grafo_de_variables_derivadas"", ""archivo"": ""encodat_analysis/src/derived_vars.py"", ""indicador"": ""droga_cualq_alguna_vez"", ""variable_derivada"": ""prev_av"", ""etiqueta_oficial"": ""Prevalencia de cualquier droga alguna vez"", ""syntax_source"": ""reconstruccion_proyecto"", ""bloque"": ""av"", ""regla_de_confirmacion"": null, ""variables_de_origen"": [""di1a"", ""di1b"", ""di1c"", ""di1d"", ""di1e"", ""di1f"", ""di1f1"", ""di1g"", ""di1h"", ""di1i"", ""di4a"", ""di4b"", ""di4c"", ""di4d"", ""di4e"", ""di4f"", ""di4f1"", ""di4g"", ""di4h"", ""di4i"", ""dm1a"", ""dm1b"", ""dm1c"", ""dm1d"", ""dm3a1"", ""dm3b1"", ""dm3c1"", ""dm3d1""], ""componentes_declarados"": [""opi_av"", ""tra_av"", ""sed_av"", ""anf_av"", ""mar_av"", ""coc_av"", ""cra_av"", ""alu_av"", ""inh_av"", ""her_av"", ""fent_av"", ""met_av"", ""otr_av"", ""marsin_av""], ""condicion_positiva"": [""dm1a en {1} y dm3a1 en {1}"", ""dm1b en {1} y dm3b1 en {1}"", ""dm1c en {1} y dm3c1 en {1}"", ""dm1d en {1} y dm3d1 en {1}"", ""di1a en {1} y di4a en {1-65,111,119,120}"", ""di1b en {1} y di4b en {1-65,111,119,120}"", ""di1c en {1} y di4c en {1-65,111,119,120}"", ""di1d en {1} y di4d en {1-65,111,119,120}"", ""di1e en {1} y di4e en {1-65,111,119,120}"", ""di1f en {1} y di4f en {1-65,111,119,120}"", ""di1f1 en {1} y di4f1 en {1-65,111,119,120}"", ""di1g en {1} y di4g en {1-65,111,119,120}"", ""di1h en {1} y di4h en {1-65,111,119,120}"", ""di1i en {1} y di4i en {1-65,111,119,120}""], ""origen_de_la_condicion"": ""unión de los componentes declarados del agregado""}, {""tipo"": ""grafo_de_variables_derivadas"", ""archivo"": ""encodat_analysis/src/derived_vars.py"", ""indicador"": ""aluc_alguna_vez"", ""variable_derivada"": ""alu_av"", ""etiqueta_oficial"": ""Alucinógenos Alguna Vez"", ""syntax_source"": ""reconstruccion_proyecto"", ""bloque"": ""av"", ""regla_de_confirmacion"": ""edad_inicio_valida_recode_oficial"", ""variables_de_origen"": [""di1d"", ""di4d""], ""componentes_declarados"": [], ""condicion_positiva"": [""di1d en {1} y di4d en {1-65,111,119,120}""], ""origen_de_la_condicion"": ""definición de derived_vars para el bloque «av»""}, {""tipo"": ""implicacion_logica"", ""implica"": ""aluc_alguna_vez"", ""implicado"": ""droga_cualq_alguna_vez"", ""alcance"": ""total"", ""demostracion"": [{""condicion_b"": {""di1d"": ""1"", ""di4d"": ""1-65,111,119,120""}, ""condicion_b_con_saltos"": {""di1d"": ""1"", ""di4d"": ""1-65,111,119,120""}, ""condicion_a_garantizada"": {""di1d"": ""1"", ""di4d"": ""1-65,111,119,120""}, ""saltos_usados"": [""di4d<-di1d""]}]}, {""tipo"": ""salto_del_cuestionario_verificado"", ""archivo"": ""encodat_analysis/correlations/evidence/questionnaire_routing.json"", ""saltos"": [{""salto"": ""di4d<-di1d"", ""parent_question"": ""DI1D. uso alguna vez de la sustancia"", ""parent_enabling_codes"": [1], ""counterexamples"": 0}]}]","[""droga_cualq_alguna_vez"", ""aluc_alguna_vez""]","droga_cualq_alguna_vez: Diferencia con el objetivo nacional registrada por el propio análisis; falta resolver derivación y reproducir fuente antes de exponer resultados como validados.; aluc_alguna_vez: Coincidencia nacional dentro de la tolerancia interna; falta verificar definición, denominador y celdas publicadas para certificar este indicador. No se declara incorrecto.",True,True,excluded_from_analysis
droga_cualq_alguna_vez|inhalables_alguna_vez,droga_cualq_alguna_vez,inhalables_alguna_vez,Cualquier droga,Inhalables,prev_av,inh_av,excluded,agregado_vs_componente,Uno es un agregado que incluye al otro entre sus componentes declarados.,Todo positivo de inhalables_alguna_vez es necesariamente un positivo de droga_cualq_alguna_vez por construcción.,"[{""tipo"": ""grafo_de_variables_derivadas"", ""archivo"": ""encodat_analysis/src/derived_vars.py"", ""indicador"": ""droga_cualq_alguna_vez"", ""variable_derivada"": ""prev_av"", ""etiqueta_oficial"": ""Prevalencia de cualquier droga alguna vez"", ""syntax_source"": ""reconstruccion_proyecto"", ""bloque"": ""av"", ""regla_de_confirmacion"": null, ""variables_de_origen"": [""di1a"", ""di1b"", ""di1c"", ""di1d"", ""di1e"", ""di1f"", ""di1f1"", ""di1g"", ""di1h"", ""di1i"", ""di4a"", ""di4b"", ""di4c"", ""di4d"", ""di4e"", ""di4f"", ""di4f1"", ""di4g"", ""di4h"", ""di4i"", ""dm1a"", ""dm1b"", ""dm1c"", ""dm1d"", ""dm3a1"", ""dm3b1"", ""dm3c1"", ""dm3d1""], ""componentes_declarados"": [""opi_av"", ""tra_av"", ""sed_av"", ""anf_av"", ""mar_av"", ""coc_av"", ""cra_av"", ""alu_av"", ""inh_av"", ""her_av"", ""fent_av"", ""met_av"", ""otr_av"", ""marsin_av""], ""condicion_positiva"": [""dm1a en {1} y dm3a1 en {1}"", ""dm1b en {1} y dm3b1 en {1}"", ""dm1c en {1} y dm3c1 en {1}"", ""dm1d en {1} y dm3d1 en {1}"", ""di1a en {1} y di4a en {1-65,111,119,120}"", ""di1b en {1} y di4b en {1-65,111,119,120}"", ""di1c en {1} y di4c en {1-65,111,119,120}"", ""di1d en {1} y di4d en {1-65,111,119,120}"", ""di1e en {1} y di4e en {1-65,111,119,120}"", ""di1f en {1} y di4f en {1-65,111,119,120}"", ""di1f1 en {1} y di4f1 en {1-65,111,119,120}"", ""di1g en {1} y di4g en {1-65,111,119,120}"", ""di1h en {1} y di4h en {1-65,111,119,120}"", ""di1i en {1} y di4i en {1-65,111,119,120}""], ""origen_de_la_condicion"": ""unión de los componentes declarados del agregado""}, {""tipo"": ""grafo_de_variables_derivadas"", ""archivo"": ""encodat_analysis/src/derived_vars.py"", ""indicador"": ""inhalables_alguna_vez"", ""variable_derivada"": ""inh_av"", ""etiqueta_oficial"": ""Inhalables Alguna Vez"", ""syntax_source"": ""reconstruccion_proyecto"", ""bloque"": ""av"", ""regla_de_confirmacion"": ""edad_inicio_valida_recode_oficial"", ""variables_de_origen"": [""di1e"", ""di4e""], ""componentes_declarados"": [], ""condicion_positiva"": [""di1e en {1} y di4e en {1-65,111,119,120}""], ""origen_de_la_condicion"": ""definición de derived_vars para el bloque «av»""}, {""tipo"": ""implicacion_logica"", ""implica"": ""inhalables_alguna_vez"", ""implicado"": ""droga_cualq_alguna_vez"", ""alcance"": ""total"", ""demostracion"": [{""condicion_b"": {""di1e"": ""1"", ""di4e"": ""1-65,111,119,120""}, ""condicion_b_con_saltos"": {""di1e"": ""1"", ""di4e"": ""1-65,111,119,120""}, ""condicion_a_garantizada"": {""di1e"": ""1"", ""di4e"": ""1-65,111,119,120""}, ""saltos_usados"": [""di4e<-di1e""]}]}, {""tipo"": ""salto_del_cuestionario_verificado"", ""archivo"": ""encodat_analysis/correlations/evidence/questionnaire_routing.json"", ""saltos"": [{""salto"": ""di4e<-di1e"", ""parent_question"": ""DI1E. uso alguna vez de la sustancia"", ""parent_enabling_codes"": [1], ""counterexamples"": 0}]}]","[""droga_cualq_alguna_vez"", ""inhalables_alguna_vez""]","droga_cualq_alguna_vez: Diferencia con el objetivo nacional registrada por el propio análisis; falta resolver derivación y reproducir fuente antes de exponer resultados como validados.; inhalables_alguna_vez: Coincidencia nacional dentro de la tolerancia interna; falta verificar definición, denominador y celdas publicadas para certificar este indicador. No se declara incorrecto.",True,True,excluded_from_analysis
droga_cualq_alguna_vez|heroina_alguna_vez,droga_cualq_alguna_vez,heroina_alguna_vez,Cualquier droga,Heroína,prev_av,her_av,excluded,agregado_vs_componente,Uno es un agregado que incluye al otro entre sus componentes declarados.,Todo positivo de heroina_alguna_vez es necesariamente un positivo de droga_cualq_alguna_vez por construcción.,"[{""tipo"": ""grafo_de_variables_derivadas"", ""archivo"": ""encodat_analysis/src/derived_vars.py"", ""indicador"": ""droga_cualq_alguna_vez"", ""variable_derivada"": ""prev_av"", ""etiqueta_oficial"": ""Prevalencia de cualquier droga alguna vez"", ""syntax_source"": ""reconstruccion_proyecto"", ""bloque"": ""av"", ""regla_de_confirmacion"": null, ""variables_de_origen"": [""di1a"", ""di1b"", ""di1c"", ""di1d"", ""di1e"", ""di1f"", ""di1f1"", ""di1g"", ""di1h"", ""di1i"", ""di4a"", ""di4b"", ""di4c"", ""di4d"", ""di4e"", ""di4f"", ""di4f1"", ""di4g"", ""di4h"", ""di4i"", ""dm1a"", ""dm1b"", ""dm1c"", ""dm1d"", ""dm3a1"", ""dm3b1"", ""dm3c1"", ""dm3d1""], ""componentes_declarados"": [""opi_av"", ""tra_av"", ""sed_av"", ""anf_av"", ""mar_av"", ""coc_av"", ""cra_av"", ""alu_av"", ""inh_av"", ""her_av"", ""fent_av"", ""met_av"", ""otr_av"", ""marsin_av""], ""condicion_positiva"": [""dm1a en {1} y dm3a1 en {1}"", ""dm1b en {1} y dm3b1 en {1}"", ""dm1c en {1} y dm3c1 en {1}"", ""dm1d en {1} y dm3d1 en {1}"", ""di1a en {1} y di4a en {1-65,111,119,120}"", ""di1b en {1} y di4b en {1-65,111,119,120}"", ""di1c en {1} y di4c en {1-65,111,119,120}"", ""di1d en {1} y di4d en {1-65,111,119,120}"", ""di1e en {1} y di4e en {1-65,111,119,120}"", ""di1f en {1} y di4f en {1-65,111,119,120}"", ""di1f1 en {1} y di4f1 en {1-65,111,119,120}"", ""di1g en {1} y di4g en {1-65,111,119,120}"", ""di1h en {1} y di4h en {1-65,111,119,120}"", ""di1i en {1} y di4i en {1-65,111,119,120}""], ""origen_de_la_condicion"": ""unión de los componentes declarados del agregado""}, {""tipo"": ""grafo_de_variables_derivadas"", ""archivo"": ""encodat_analysis/src/derived_vars.py"", ""indicador"": ""heroina_alguna_vez"", ""variable_derivada"": ""her_av"", ""etiqueta_oficial"": ""Heroína Alguna Vez"", ""syntax_source"": ""reconstruccion_proyecto"", ""bloque"": ""av"", ""regla_de_confirmacion"": ""edad_inicio_valida_recode_oficial"", ""variables_de_origen"": [""di1f"", ""di4f""], ""componentes_declarados"": [], ""condicion_positiva"": [""di1f en {1} y di4f en {1-65,111,119,120}""], ""origen_de_la_condicion"": ""definición de derived_vars para el bloque «av»""}, {""tipo"": ""implicacion_logica"", ""implica"": ""heroina_alguna_vez"", ""implicado"": ""droga_cualq_alguna_vez"", ""alcance"": ""total"", ""demostracion"": [{""condicion_b"": {""di1f"": ""1"", ""di4f"": ""1-65,111,119,120""}, ""condicion_b_con_saltos"": {""di1f"": ""1"", ""di4f"": ""1-65,111,119,120""}, ""condicion_a_garantizada"": {""di1f"": ""1"", ""di4f"": ""1-65,111,119,120""}, ""saltos_usados"": [""di4f<-di1f""]}]}, {""tipo"": ""salto_del_cuestionario_verificado"", ""archivo"": ""encodat_analysis/correlations/evidence/questionnaire_routing.json"", ""saltos"": [{""salto"": ""di4f<-di1f"", ""parent_question"": ""DI1F. uso alguna vez de la sustancia"", ""parent_enabling_codes"": [1], ""counterexamples"": 0}]}]","[""droga_cualq_alguna_vez"", ""heroina_alguna_vez""]","droga_cualq_alguna_vez: Diferencia con el objetivo nacional registrada por el propio análisis; falta resolver derivación y reproducir fuente antes de exponer resultados como validados.; heroina_alguna_vez: Coincidencia nacional dentro de la tolerancia interna; falta verificar definición, denominador y celdas publicadas para certificar este indicador. No se declara incorrecto.",True,True,excluded_from_analysis
droga_cualq_alguna_vez|fentanilo_alguna_vez,droga_cualq_alguna_vez,fentanilo_alguna_vez,Cualquier droga,Fentanilo,prev_av,fent_av,excluded,agregado_vs_componente,Uno es un agregado que incluye al otro entre sus componentes declarados.,Todo positivo de fentanilo_alguna_vez es necesariamente un positivo de droga_cualq_alguna_vez por construcción.,"[{""tipo"": ""grafo_de_variables_derivadas"", ""archivo"": ""encodat_analysis/src/derived_vars.py"", ""indicador"": ""droga_cualq_alguna_vez"", ""variable_derivada"": ""prev_av"", ""etiqueta_oficial"": ""Prevalencia de cualquier droga alguna vez"", ""syntax_source"": ""reconstruccion_proyecto"", ""bloque"": ""av"", ""regla_de_confirmacion"": null, ""variables_de_origen"": [""di1a"", ""di1b"", ""di1c"", ""di1d"", ""di1e"", ""di1f"", ""di1f1"", ""di1g"", ""di1h"", ""di1i"", ""di4a"", ""di4b"", ""di4c"", ""di4d"", ""di4e"", ""di4f"", ""di4f1"", ""di4g"", ""di4h"", ""di4i"", ""dm1a"", ""dm1b"", ""dm1c"", ""dm1d"", ""dm3a1"", ""dm3b1"", ""dm3c1"", ""dm3d1""], ""componentes_declarados"": [""opi_av"", ""tra_av"", ""sed_av"", ""anf_av"", ""mar_av"", ""coc_av"", ""cra_av"", ""alu_av"", ""inh_av"", ""her_av"", ""fent_av"", ""met_av"", ""otr_av"", ""marsin_av""], ""condicion_positiva"": [""dm1a en {1} y dm3a1 en {1}"", ""dm1b en {1} y dm3b1 en {1}"", ""dm1c en {1} y dm3c1 en {1}"", ""dm1d en {1} y dm3d1 en {1}"", ""di1a en {1} y di4a en {1-65,111,119,120}"", ""di1b en {1} y di4b en {1-65,111,119,120}"", ""di1c en {1} y di4c en {1-65,111,119,120}"", ""di1d en {1} y di4d en {1-65,111,119,120}"", ""di1e en {1} y di4e en {1-65,111,119,120}"", ""di1f en {1} y di4f en {1-65,111,119,120}"", ""di1f1 en {1} y di4f1 en {1-65,111,119,120}"", ""di1g en {1} y di4g en {1-65,111,119,120}"", ""di1h en {1} y di4h en {1-65,111,119,120}"", ""di1i en {1} y di4i en {1-65,111,119,120}""], ""origen_de_la_condicion"": ""unión de los componentes declarados del agregado""}, {""tipo"": ""grafo_de_variables_derivadas"", ""archivo"": ""encodat_analysis/src/derived_vars.py"", ""indicador"": ""fentanilo_alguna_vez"", ""variable_derivada"": ""fent_av"", ""etiqueta_oficial"": ""Fentanilo no médico Alguna Vez"", ""syntax_source"": ""reconstruccion_proyecto"", ""bloque"": ""av"", ""regla_de_confirmacion"": ""edad_inicio_valida_recode_oficial"", ""variables_de_origen"": [""di1f1"", ""di4f1""], ""componentes_declarados"": [], ""condicion_positiva"": [""di1f1 en {1} y di4f1 en {1-65,111,119,120}""], ""origen_de_la_condicion"": ""definición de derived_vars para el bloque «av»""}, {""tipo"": ""implicacion_logica"", ""implica"": ""fentanilo_alguna_vez"", ""implicado"": ""droga_cualq_alguna_vez"", ""alcance"": ""total"", ""demostracion"": [{""condicion_b"": {""di1f1"": ""1"", ""di4f1"": ""1-65,111,119,120""}, ""condicion_b_con_saltos"": {""di1f1"": ""1"", ""di4f1"": ""1-65,111,119,120""}, ""condicion_a_garantizada"": {""di1f1"": ""1"", ""di4f1"": ""1-65,111,119,120""}, ""saltos_usados"": [""di4f1<-di1f1""]}]}, {""tipo"": ""salto_del_cuestionario_verificado"", ""archivo"": ""encodat_analysis/correlations/evidence/questionnaire_routing.json"", ""saltos"": [{""salto"": ""di4f1<-di1f1"", ""parent_question"": ""DI1F1. uso alguna vez de la sustancia"", ""parent_enabling_codes"": [1], ""counterexamples"": 0}]}]","[""droga_cualq_alguna_vez"", ""fentanilo_alguna_vez""]","droga_cualq_alguna_vez: Diferencia con el objetivo nacional registrada por el propio análisis; falta resolver derivación y reproducir fuente antes de exponer resultados como validados.; fentanilo_alguna_vez: Coincidencia nacional dentro de la tolerancia interna; falta verificar definición, denominador y celdas publicadas para certificar este indicador. No se declara incorrecto.",True,True,excluded_from_analysis
ats_alguna_vez|droga_cualq_alguna_vez,droga_cualq_alguna_vez,ats_alguna_vez,Cualquier droga,Metanfetaminas,prev_av,met_av,excluded,agregado_vs_componente,Uno es un agregado que incluye al otro entre sus componentes declarados.,Todo positivo de ats_alguna_vez es necesariamente un positivo de droga_cualq_alguna_vez por construcción.,"[{""tipo"": ""grafo_de_variables_derivadas"", ""archivo"": ""encodat_analysis/src/derived_vars.py"", ""indicador"": ""droga_cualq_alguna_vez"", ""variable_derivada"": ""prev_av"", ""etiqueta_oficial"": ""Prevalencia de cualquier droga alguna vez"", ""syntax_source"": ""reconstruccion_proyecto"", ""bloque"": ""av"", ""regla_de_confirmacion"": null, ""variables_de_origen"": [""di1a"", ""di1b"", ""di1c"", ""di1d"", ""di1e"", ""di1f"", ""di1f1"", ""di1g"", ""di1h"", ""di1i"", ""di4a"", ""di4b"", ""di4c"", ""di4d"", ""di4e"", ""di4f"", ""di4f1"", ""di4g"", ""di4h"", ""di4i"", ""dm1a"", ""dm1b"", ""dm1c"", ""dm1d"", ""dm3a1"", ""dm3b1"", ""dm3c1"", ""dm3d1""], ""componentes_declarados"": [""opi_av"", ""tra_av"", ""sed_av"", ""anf_av"", ""mar_av"", ""coc_av"", ""cra_av"", ""alu_av"", ""inh_av"", ""her_av"", ""fent_av"", ""met_av"", ""otr_av"", ""marsin_av""], ""condicion_positiva"": [""dm1a en {1} y dm3a1 en {1}"", ""dm1b en {1} y dm3b1 en {1}"", ""dm1c en {1} y dm3c1 en {1}"", ""dm1d en {1} y dm3d1 en {1}"", ""di1a en {1} y di4a en {1-65,111,119,120}"", ""di1b en {1} y di4b en {1-65,111,119,120}"", ""di1c en {1} y di4c en {1-65,111,119,120}"", ""di1d en {1} y di4d en {1-65,111,119,120}"", ""di1e en {1} y di4e en {1-65,111,119,120}"", ""di1f en {1} y di4f en {1-65,111,119,120}"", ""di1f1 en {1} y di4f1 en {1-65,111,119,120}"", ""di1g en {1} y di4g en {1-65,111,119,120}"", ""di1h en {1} y di4h en {1-65,111,119,120}"", ""di1i en {1} y di4i en {1-65,111,119,120}""], ""origen_de_la_condicion"": ""unión de los componentes declarados del agregado""}, {""tipo"": ""grafo_de_variables_derivadas"", ""archivo"": ""encodat_analysis/src/derived_vars.py"", ""indicador"": ""ats_alguna_vez"", ""variable_derivada"": ""met_av"", ""etiqueta_oficial"": ""Estimulantes tipo anfetamínico Alguna Vez"", ""syntax_source"": ""reconstruccion_proyecto"", ""bloque"": ""av"", ""regla_de_confirmacion"": ""edad_inicio_valida_recode_oficial"", ""variables_de_origen"": [""di1g"", ""di4g""], ""componentes_declarados"": [], ""condicion_positiva"": [""di1g en {1} y di4g en {1-65,111,119,120}""], ""origen_de_la_condicion"": ""definición de derived_vars para el bloque «av»""}, {""tipo"": ""implicacion_logica"", ""implica"": ""ats_alguna_vez"", ""implicado"": ""droga_cualq_alguna_vez"", ""alcance"": ""total"", ""demostracion"": [{""condicion_b"": {""di1g"": ""1"", ""di4g"": ""1-65,111,119,120""}, ""condicion_b_con_saltos"": {""di1g"": ""1"", ""di4g"": ""1-65,111,119,120""}, ""condicion_a_garantizada"": {""di1g"": ""1"", ""di4g"": ""1-65,111,119,120""}, ""saltos_usados"": [""di4g<-di1g""]}]}, {""tipo"": ""salto_del_cuestionario_verificado"", ""archivo"": ""encodat_analysis/correlations/evidence/questionnaire_routing.json"", ""saltos"": [{""salto"": ""di4g<-di1g"", ""parent_question"": ""DI1G. uso alguna vez de la sustancia"", ""parent_enabling_codes"": [1], ""counterexamples"": 0}]}]","[""droga_cualq_alguna_vez"", ""ats_alguna_vez""]","droga_cualq_alguna_vez: Diferencia con el objetivo nacional registrada por el propio análisis; falta resolver derivación y reproducir fuente antes de exponer resultados como validados.; ats_alguna_vez: Coincidencia nacional dentro de la tolerancia interna; falta verificar definición, denominador y celdas publicadas para certificar este indicador. No se declara incorrecto.",True,True,excluded_from_analysis
droga_cualq_alguna_vez|otras_ileg_alguna_vez,droga_cualq_alguna_vez,otras_ileg_alguna_vez,Cualquier droga,Otras ilegales,prev_av,drog_ile_av2,excluded,agregado_vs_componente,Uno es un agregado que incluye al otro entre sus componentes declarados.,Todo positivo de otras_ileg_alguna_vez es necesariamente un positivo de droga_cualq_alguna_vez por construcción.,"[{""tipo"": ""grafo_de_variables_derivadas"", ""archivo"": ""encodat_analysis/src/derived_vars.py"", ""indicador"": ""droga_cualq_alguna_vez"", ""variable_derivada"": ""prev_av"", ""etiqueta_oficial"": ""Prevalencia de cualquier droga alguna vez"", ""syntax_source"": ""reconstruccion_proyecto"", ""bloque"": ""av"", ""regla_de_confirmacion"": null, ""variables_de_origen"": [""di1a"", ""di1b"", ""di1c"", ""di1d"", ""di1e"", ""di1f"", ""di1f1"", ""di1g"", ""di1h"", ""di1i"", ""di4a"", ""di4b"", ""di4c"", ""di4d"", ""di4e"", ""di4f"", ""di4f1"", ""di4g"", ""di4h"", ""di4i"", ""dm1a"", ""dm1b"", ""dm1c"", ""dm1d"", ""dm3a1"", ""dm3b1"", ""dm3c1"", ""dm3d1""], ""componentes_declarados"": [""opi_av"", ""tra_av"", ""sed_av"", ""anf_av"", ""mar_av"", ""coc_av"", ""cra_av"", ""alu_av"", ""inh_av"", ""her_av"", ""fent_av"", ""met_av"", ""otr_av"", ""marsin_av""], ""condicion_positiva"": [""dm1a en {1} y dm3a1 en {1}"", ""dm1b en {1} y dm3b1 en {1}"", ""dm1c en {1} y dm3c1 en {1}"", ""dm1d en {1} y dm3d1 en {1}"", ""di1a en {1} y di4a en {1-65,111,119,120}"", ""di1b en {1} y di4b en {1-65,111,119,120}"", ""di1c en {1} y di4c en {1-65,111,119,120}"", ""di1d en {1} y di4d en {1-65,111,119,120}"", ""di1e en {1} y di4e en {1-65,111,119,120}"", ""di1f en {1} y di4f en {1-65,111,119,120}"", ""di1f1 en {1} y di4f1 en {1-65,111,119,120}"", ""di1g en {1} y di4g en {1-65,111,119,120}"", ""di1h en {1} y di4h en {1-65,111,119,120}"", ""di1i en {1} y di4i en {1-65,111,119,120}""], ""origen_de_la_condicion"": ""unión de los componentes declarados del agregado""}, {""tipo"": ""grafo_de_variables_derivadas"", ""archivo"": ""encodat_analysis/src/derived_vars.py"", ""indicador"": ""otras_ileg_alguna_vez"", ""variable_derivada"": ""drog_ile_av2"", ""etiqueta_oficial"": ""Consumo de drogas alguna vez sin mariguana, cocaína+ ni metanfetaminas"", ""syntax_source"": ""oficial"", ""bloque"": ""av"", ""regla_de_confirmacion"": null, ""variables_de_origen"": [""di1d"", ""di1e"", ""di1f"", ""di1f1"", ""di1h"", ""di1i"", ""di4d"", ""di4e"", ""di4f"", ""di4f1"", ""di4h"", ""di4i""], ""componentes_declarados"": [""alu_av"", ""inh_av"", ""her_av"", ""fent_av"", ""otr_av"", ""marsin_av""], ""condicion_positiva"": [""di1d en {1} y di4d en {1-65,111,119,120}"", ""di1e en {1} y di4e en {1-65,111,119,120}"", ""di1f en {1} y di4f en {1-65,111,119,120}"", ""di1f1 en {1} y di4f1 en {1-65,111,119,120}"", ""di1h en {1} y di4h en {1-65,111,119,120}"", ""di1i en {1} y di4i en {1-65,111,119,120}""], ""origen_de_la_condicion"": ""unión de los componentes declarados del agregado""}, {""tipo"": ""implicacion_logica"", ""implica"": ""otras_ileg_alguna_vez"", ""implicado"": ""droga_cualq_alguna_vez"", ""alcance"": ""total"", ""demostracion"": [{""condicion_b"": {""di1d"": ""1"", ""di4d"": ""1-65,111,119,120""}, ""condicion_b_con_saltos"": {""di1d"": ""1"", ""di4d"": ""1-65,111,119,120""}, ""condicion_a_garantizada"": {""di1d"": ""1"", ""di4d"": ""1-65,111,119,120""}, ""saltos_usados"": [""di4d<-di1d""]}, {""condicion_b"": {""di1e"": ""1"", ""di4e"": ""1-65,111,119,120""}, ""condicion_b_con_saltos"": {""di1e"": ""1"", ""di4e"": ""1-65,111,119,120""}, ""condicion_a_garantizada"": {""di1e"": ""1"", ""di4e"": ""1-65,111,119,120""}, ""saltos_usados"": [""di4e<-di1e""]}, {""condicion_b"": {""di1f"": ""1"", ""di4f"": ""1-65,111,119,120""}, ""condicion_b_con_saltos"": {""di1f"": ""1"", ""di4f"": ""1-65,111,119,120""}, ""condicion_a_garantizada"": {""di1f"": ""1"", ""di4f"": ""1-65,111,119,120""}, ""saltos_usados"": [""di4f<-di1f""]}, {""condicion_b"": {""di1f1"": ""1"", ""di4f1"": ""1-65,111,119,120""}, ""condicion_b_con_saltos"": {""di1f1"": ""1"", ""di4f1"": ""1-65,111,119,120""}, ""condicion_a_garantizada"": {""di1f1"": ""1"", ""di4f1"": ""1-65,111,119,120""}, ""saltos_usados"": [""di4f1<-di1f1""]}, {""condicion_b"": {""di1h"": ""1"", ""di4h"": ""1-65,111,119,120""}, ""condicion_b_con_saltos"": {""di1h"": ""1"", ""di4h"": ""1-65,111,119,120""}, ""condicion_a_garantizada"": {""di1h"": ""1"", ""di4h"": ""1-65,111,119,120""}, ""saltos_usados"": [""di4h<-di1h""]}, {""condicion_b"": {""di1i"": ""1"", ""di4i"": ""1-65,111,119,120""}, ""condicion_b_con_saltos"": {""di1i"": ""1"", ""di4i"": ""1-65,111,119,120""}, ""condicion_a_garantizada"": {""di1i"": ""1"", ""di4i"": ""1-65,111,119,120""}, ""saltos_usados"": [""di4i<-di1i""]}]}, {""tipo"": ""salto_del_cuestionario_verificado"", ""archivo"": ""encodat_analysis/correlations/evidence/questionnaire_routing.json"", ""saltos"": [{""salto"": ""di4d<-di1d"", ""parent_question"": ""DI1D. uso alguna vez de la sustancia"", ""parent_enabling_codes"": [1], ""counterexamples"": 0}, {""salto"": ""di4e<-di1e"", ""parent_question"": ""DI1E. uso alguna vez de la sustancia"", ""parent_enabling_codes"": [1], ""counterexamples"": 0}, {""salto"": ""di4f1<-di1f1"", ""parent_question"": ""DI1F1. uso alguna vez de la sustancia"", ""parent_enabling_codes"": [1], ""counterexamples"": 0}, {""salto"": ""di4f<-di1f"", ""parent_question"": ""DI1F. uso alguna vez de la sustancia"", ""parent_enabling_codes"": [1], ""counterexamples"": 0}, {""salto"": ""di4h<-di1h"", ""parent_question"": ""DI1H. uso alguna vez de la sustancia"", ""parent_enabling_codes"": [1], ""counterexamples"": 0}, {""salto"": ""di4i<-di1i"", ""parent_question"": ""DI1I. uso alguna vez de la sustancia"", ""parent_enabling_codes"": [1], ""counterexamples"": 0}]}]","[""droga_cualq_alguna_vez"", ""otras_ileg_alguna_vez""]","droga_cualq_alguna_vez: Diferencia con el objetivo nacional registrada por el propio análisis; falta resolver derivación y reproducir fuente antes de exponer resultados como validados.; otras_ileg_alguna_vez: Coincidencia nacional dentro de la tolerancia interna; falta verificar definición, denominador y celdas publicadas para certificar este indicador. No se declara incorrecto.",True,True,excluded_from_analysis
droga_cualq_alguna_vez|drogamedica_alguna_vez,droga_cualq_alguna_vez,drogamedica_alguna_vez,Cualquier droga,Droga médica,prev_av,cdm_av,excluded,agregado_vs_componente,Uno es un agregado que incluye al otro entre sus componentes declarados.,Todo positivo de drogamedica_alguna_vez es necesariamente un positivo de droga_cualq_alguna_vez por construcción.,"[{""tipo"": ""grafo_de_variables_derivadas"", ""archivo"": ""encodat_analysis/src/derived_vars.py"", ""indicador"": ""droga_cualq_alguna_vez"", ""variable_derivada"": ""prev_av"", ""etiqueta_oficial"": ""Prevalencia de cualquier droga alguna vez"", ""syntax_source"": ""reconstruccion_proyecto"", ""bloque"": ""av"", ""regla_de_confirmacion"": null, ""variables_de_origen"": [""di1a"", ""di1b"", ""di1c"", ""di1d"", ""di1e"", ""di1f"", ""di1f1"", ""di1g"", ""di1h"", ""di1i"", ""di4a"", ""di4b"", ""di4c"", ""di4d"", ""di4e"", ""di4f"", ""di4f1"", ""di4g"", ""di4h"", ""di4i"", ""dm1a"", ""dm1b"", ""dm1c"", ""dm1d"", ""dm3a1"", ""dm3b1"", ""dm3c1"", ""dm3d1""], ""componentes_declarados"": [""opi_av"", ""tra_av"", ""sed_av"", ""anf_av"", ""mar_av"", ""coc_av"", ""cra_av"", ""alu_av"", ""inh_av"", ""her_av"", ""fent_av"", ""met_av"", ""otr_av"", ""marsin_av""], ""condicion_positiva"": [""dm1a en {1} y dm3a1 en {1}"", ""dm1b en {1} y dm3b1 en {1}"", ""dm1c en {1} y dm3c1 en {1}"", ""dm1d en {1} y dm3d1 en {1}"", ""di1a en {1} y di4a en {1-65,111,119,120}"", ""di1b en {1} y di4b en {1-65,111,119,120}"", ""di1c en {1} y di4c en {1-65,111,119,120}"", ""di1d en {1} y di4d en {1-65,111,119,120}"", ""di1e en {1} y di4e en {1-65,111,119,120}"", ""di1f en {1} y di4f en {1-65,111,119,120}"", ""di1f1 en {1} y di4f1 en {1-65,111,119,120}"", ""di1g en {1} y di4g en {1-65,111,119,120}"", ""di1h en {1} y di4h en {1-65,111,119,120}"", ""di1i en {1} y di4i en {1-65,111,119,120}""], ""origen_de_la_condicion"": ""unión de los componentes declarados del agregado""}, {""tipo"": ""grafo_de_variables_derivadas"", ""archivo"": ""encodat_analysis/src/derived_vars.py"", ""indicador"": ""drogamedica_alguna_vez"", ""variable_derivada"": ""cdm_av"", ""etiqueta_oficial"": ""Prevalencia de cualquier droga médica alguna vez"", ""syntax_source"": ""reconstruccion_proyecto"", ""bloque"": ""av"", ""regla_de_confirmacion"": null, ""variables_de_origen"": [""dm1a"", ""dm1b"", ""dm1c"", ""dm1d"", ""dm3a1"", ""dm3b1"", ""dm3c1"", ""dm3d1""], ""componentes_declarados"": [""opi_av"", ""tra_av"", ""sed_av"", ""anf_av""], ""condicion_positiva"": [""dm1a en {1} y dm3a1 en {1}"", ""dm1b en {1} y dm3b1 en {1}"", ""dm1c en {1} y dm3c1 en {1}"", ""dm1d en {1} y dm3d1 en {1}""], ""origen_de_la_condicion"": ""unión de los componentes declarados del agregado""}, {""tipo"": ""implicacion_logica"", ""implica"": ""drogamedica_alguna_vez"", ""implicado"": ""droga_cualq_alguna_vez"", ""alcance"": ""total"", ""demostracion"": [{""condicion_b"": {""dm1a"": ""1"", ""dm3a1"": ""1""}, ""condicion_b_con_saltos"": {""dm1a"": ""1"", ""dm3a1"": ""1""}, ""condicion_a_garantizada"": {""dm1a"": ""1"", ""dm3a1"": ""1""}, ""saltos_usados"": [""dm3a1<-dm1a""]}, {""condicion_b"": {""dm1b"": ""1"", ""dm3b1"": ""1""}, ""condicion_b_con_saltos"": {""dm1b"": ""1"", ""dm3b1"": ""1""}, ""condicion_a_garantizada"": {""dm1b"": ""1"", ""dm3b1"": ""1""}, ""saltos_usados"": [""dm3b1<-dm1b""]}, {""condicion_b"": {""dm1c"": ""1"", ""dm3c1"": ""1""}, ""condicion_b_con_saltos"": {""dm1c"": ""1"", ""dm3c1"": ""1""}, ""condicion_a_garantizada"": {""dm1c"": ""1"", ""dm3c1"": ""1""}, ""saltos_usados"": [""dm3c1<-dm1c""]}, {""condicion_b"": {""dm1d"": ""1"", ""dm3d1"": ""1""}, ""condicion_b_con_saltos"": {""dm1d"": ""1"", ""dm3d1"": ""1""}, ""condicion_a_garantizada"": {""dm1d"": ""1"", ""dm3d1"": ""1""}, ""saltos_usados"": [""dm3d1<-dm1d""]}]}, {""tipo"": ""salto_del_cuestionario_verificado"", ""archivo"": ""encodat_analysis/correlations/evidence/questionnaire_routing.json"", ""saltos"": [{""salto"": ""dm3a1<-dm1a"", ""parent_question"": ""DM1A. uso alguna vez de la sustancia"", ""parent_enabling_codes"": [1], ""counterexamples"": 0}, {""salto"": ""dm3b1<-dm1b"", ""parent_question"": ""DM1B. uso alguna vez de la sustancia"", ""parent_enabling_codes"": [1], ""counterexamples"": 0}, {""salto"": ""dm3c1<-dm1c"", ""parent_question"": ""DM1C. uso alguna vez de la sustancia"", ""parent_enabling_codes"": [1], ""counterexamples"": 0}, {""salto"": ""dm3d1<-dm1d"", ""parent_question"": ""DM1D. uso alguna vez de la sustancia"", ""parent_enabling_codes"": [1], ""counterexamples"": 0}]}]","[""droga_cualq_alguna_vez"", ""drogamedica_alguna_vez""]",droga_cualq_alguna_vez: Diferencia con el objetivo nacional registrada por el propio análisis; falta resolver derivación y reproducir fuente antes de exponer resultados como validados.; drogamedica_alguna_vez: Diferencia con el objetivo nacional registrada por el propio análisis; falta resolver derivación y reproducir fuente antes de exponer resultados como validados.,True,True,excluded_from_analysis
droga_cualq_alguna_vez|opioides_alguna_vez,droga_cualq_alguna_vez,opioides_alguna_vez,Cualquier droga,Opioides,prev_av,opi_av,excluded,agregado_vs_componente,Uno es un agregado que incluye al otro entre sus componentes declarados.,Todo positivo de opioides_alguna_vez es necesariamente un positivo de droga_cualq_alguna_vez por construcción.,"[{""tipo"": ""grafo_de_variables_derivadas"", ""archivo"": ""encodat_analysis/src/derived_vars.py"", ""indicador"": ""droga_cualq_alguna_vez"", ""variable_derivada"": ""prev_av"", ""etiqueta_oficial"": ""Prevalencia de cualquier droga alguna vez"", ""syntax_source"": ""reconstruccion_proyecto"", ""bloque"": ""av"", ""regla_de_confirmacion"": null, ""variables_de_origen"": [""di1a"", ""di1b"", ""di1c"", ""di1d"", ""di1e"", ""di1f"", ""di1f1"", ""di1g"", ""di1h"", ""di1i"", ""di4a"", ""di4b"", ""di4c"", ""di4d"", ""di4e"", ""di4f"", ""di4f1"", ""di4g"", ""di4h"", ""di4i"", ""dm1a"", ""dm1b"", ""dm1c"", ""dm1d"", ""dm3a1"", ""dm3b1"", ""dm3c1"", ""dm3d1""], ""componentes_declarados"": [""opi_av"", ""tra_av"", ""sed_av"", ""anf_av"", ""mar_av"", ""coc_av"", ""cra_av"", ""alu_av"", ""inh_av"", ""her_av"", ""fent_av"", ""met_av"", ""otr_av"", ""marsin_av""], ""condicion_positiva"": [""dm1a en {1} y dm3a1 en {1}"", ""dm1b en {1} y dm3b1 en {1}"", ""dm1c en {1} y dm3c1 en {1}"", ""dm1d en {1} y dm3d1 en {1}"", ""di1a en {1} y di4a en {1-65,111,119,120}"", ""di1b en {1} y di4b en {1-65,111,119,120}"", ""di1c en {1} y di4c en {1-65,111,119,120}"", ""di1d en {1} y di4d en {1-65,111,119,120}"", ""di1e en {1} y di4e en {1-65,111,119,120}"", ""di1f en {1} y di4f en {1-65,111,119,120}"", ""di1f1 en {1} y di4f1 en {1-65,111,119,120}"", ""di1g en {1} y di4g en {1-65,111,119,120}"", ""di1h en {1} y di4h en {1-65,111,119,120}"", ""di1i en {1} y di4i en {1-65,111,119,120}""], ""origen_de_la_condicion"": ""unión de los componentes declarados del agregado""}, {""tipo"": ""grafo_de_variables_derivadas"", ""archivo"": ""encodat_analysis/src/derived_vars.py"", ""indicador"": ""opioides_alguna_vez"", ""variable_derivada"": ""opi_av"", ""etiqueta_oficial"": ""Opioides Alguna Vez"", ""syntax_source"": ""reconstruccion_proyecto"", ""bloque"": ""av"", ""regla_de_confirmacion"": null, ""variables_de_origen"": [""dm1a"", ""dm3a1""], ""componentes_declarados"": [], ""condicion_positiva"": [""dm1a en {1} y dm3a1 en {1}""], ""origen_de_la_condicion"": ""definición de derived_vars para el bloque «av»""}, {""tipo"": ""implicacion_logica"", ""implica"": ""opioides_alguna_vez"", ""implicado"": ""droga_cualq_alguna_vez"", ""alcance"": ""total"", ""demostracion"": [{""condicion_b"": {""dm1a"": ""1"", ""dm3a1"": ""1""}, ""condicion_b_con_saltos"": {""dm1a"": ""1"", ""dm3a1"": ""1""}, ""condicion_a_garantizada"": {""dm1a"": ""1"", ""dm3a1"": ""1""}, ""saltos_usados"": [""dm3a1<-dm1a""]}]}, {""tipo"": ""salto_del_cuestionario_verificado"", ""archivo"": ""encodat_analysis/correlations/evidence/questionnaire_routing.json"", ""saltos"": [{""salto"": ""dm3a1<-dm1a"", ""parent_question"": ""DM1A. uso alguna vez de la sustancia"", ""parent_enabling_codes"": [1], ""counterexamples"": 0}]}]","[""droga_cualq_alguna_vez"", ""opioides_alguna_vez""]",droga_cualq_alguna_vez: Diferencia con el objetivo nacional registrada por el propio análisis; falta resolver derivación y reproducir fuente antes de exponer resultados como validados.; opioides_alguna_vez: Diferencia con el objetivo nacional registrada por el propio análisis; falta resolver derivación y reproducir fuente antes de exponer resultados como validados.,True,True,excluded_from_analysis
droga_cualq_alguna_vez|tranq_alguna_vez,droga_cualq_alguna_vez,tranq_alguna_vez,Cualquier droga,Tranquilizantes,prev_av,tra_av,excluded,agregado_vs_componente,Uno es un agregado que incluye al otro entre sus componentes declarados.,Todo positivo de tranq_alguna_vez es necesariamente un positivo de droga_cualq_alguna_vez por construcción.,"[{""tipo"": ""grafo_de_variables_derivadas"", ""archivo"": ""encodat_analysis/src/derived_vars.py"", ""indicador"": ""droga_cualq_alguna_vez"", ""variable_derivada"": ""prev_av"", ""etiqueta_oficial"": ""Prevalencia de cualquier droga alguna vez"", ""syntax_source"": ""reconstruccion_proyecto"", ""bloque"": ""av"", ""regla_de_confirmacion"": null, ""variables_de_origen"": [""di1a"", ""di1b"", ""di1c"", ""di1d"", ""di1e"", ""di1f"", ""di1f1"", ""di1g"", ""di1h"", ""di1i"", ""di4a"", ""di4b"", ""di4c"", ""di4d"", ""di4e"", ""di4f"", ""di4f1"", ""di4g"", ""di4h"", ""di4i"", ""dm1a"", ""dm1b"", ""dm1c"", ""dm1d"", ""dm3a1"", ""dm3b1"", ""dm3c1"", ""dm3d1""], ""componentes_declarados"": [""opi_av"", ""tra_av"", ""sed_av"", ""anf_av"", ""mar_av"", ""coc_av"", ""cra_av"", ""alu_av"", ""inh_av"", ""her_av"", ""fent_av"", ""met_av"", ""otr_av"", ""marsin_av""], ""condicion_positiva"": [""dm1a en {1} y dm3a1 en {1}"", ""dm1b en {1} y dm3b1 en {1}"", ""dm1c en {1} y dm3c1 en {1}"", ""dm1d en {1} y dm3d1 en {1}"", ""di1a en {1} y di4a en {1-65,111,119,120}"", ""di1b en {1} y di4b en {1-65,111,119,120}"", ""di1c en {1} y di4c en {1-65,111,119,120}"", ""di1d en {1} y di4d en {1-65,111,119,120}"", ""di1e en {1} y di4e en {1-65,111,119,120}"", ""di1f en {1} y di4f en {1-65,111,119,120}"", ""di1f1 en {1} y di4f1 en {1-65,111,119,120}"", ""di1g en {1} y di4g en {1-65,111,119,120}"", ""di1h en {1} y di4h en {1-65,111,119,120}"", ""di1i en {1} y di4i en {1-65,111,119,120}""], ""origen_de_la_condicion"": ""unión de los componentes declarados del agregado""}, {""tipo"": ""grafo_de_variables_derivadas"", ""archivo"": ""encodat_analysis/src/derived_vars.py"", ""indicador"": ""tranq_alguna_vez"", ""variable_derivada"": ""tra_av"", ""etiqueta_oficial"": ""Tranquilizantes Alguna Vez"", ""syntax_source"": ""reconstruccion_proyecto"", ""bloque"": ""av"", ""regla_de_confirmacion"": null, ""variables_de_origen"": [""dm1b"", ""dm3b1""], ""componentes_declarados"": [], ""condicion_positiva"": [""dm1b en {1} y dm3b1 en {1}""], ""origen_de_la_condicion"": ""definición de derived_vars para el bloque «av»""}, {""tipo"": ""implicacion_logica"", ""implica"": ""tranq_alguna_vez"", ""implicado"": ""droga_cualq_alguna_vez"", ""alcance"": ""total"", ""demostracion"": [{""condicion_b"": {""dm1b"": ""1"", ""dm3b1"": ""1""}, ""condicion_b_con_saltos"": {""dm1b"": ""1"", ""dm3b1"": ""1""}, ""condicion_a_garantizada"": {""dm1b"": ""1"", ""dm3b1"": ""1""}, ""saltos_usados"": [""dm3b1<-dm1b""]}]}, {""tipo"": ""salto_del_cuestionario_verificado"", ""archivo"": ""encodat_analysis/correlations/evidence/questionnaire_routing.json"", ""saltos"": [{""salto"": ""dm3b1<-dm1b"", ""parent_question"": ""DM1B. uso alguna vez de la sustancia"", ""parent_enabling_codes"": [1], ""counterexamples"": 0}]}]","[""droga_cualq_alguna_vez"", ""tranq_alguna_vez""]","droga_cualq_alguna_vez: Diferencia con el objetivo nacional registrada por el propio análisis; falta resolver derivación y reproducir fuente antes de exponer resultados como validados.; tranq_alguna_vez: Coincidencia nacional dentro de la tolerancia interna; falta verificar definición, denominador y celdas publicadas para certificar este indicador. No se declara incorrecto.",True,True,excluded_from_analysis
droga_cualq_alguna_vez|sedantes_alguna_vez,droga_cualq_alguna_vez,sedantes_alguna_vez,Cualquier droga,Sedantes,prev_av,sed_av,excluded,agregado_vs_componente,Uno es un agregado que incluye al otro entre sus componentes declarados.,Todo positivo de sedantes_alguna_vez es necesariamente un positivo de droga_cualq_alguna_vez por construcción.,"[{""tipo"": ""grafo_de_variables_derivadas"", ""archivo"": ""encodat_analysis/src/derived_vars.py"", ""indicador"": ""droga_cualq_alguna_vez"", ""variable_derivada"": ""prev_av"", ""etiqueta_oficial"": ""Prevalencia de cualquier droga alguna vez"", ""syntax_source"": ""reconstruccion_proyecto"", ""bloque"": ""av"", ""regla_de_confirmacion"": null, ""variables_de_origen"": [""di1a"", ""di1b"", ""di1c"", ""di1d"", ""di1e"", ""di1f"", ""di1f1"", ""di1g"", ""di1h"", ""di1i"", ""di4a"", ""di4b"", ""di4c"", ""di4d"", ""di4e"", ""di4f"", ""di4f1"", ""di4g"", ""di4h"", ""di4i"", ""dm1a"", ""dm1b"", ""dm1c"", ""dm1d"", ""dm3a1"", ""dm3b1"", ""dm3c1"", ""dm3d1""], ""componentes_declarados"": [""opi_av"", ""tra_av"", ""sed_av"", ""anf_av"", ""mar_av"", ""coc_av"", ""cra_av"", ""alu_av"", ""inh_av"", ""her_av"", ""fent_av"", ""met_av"", ""otr_av"", ""marsin_av""], ""condicion_positiva"": [""dm1a en {1} y dm3a1 en {1}"", ""dm1b en {1} y dm3b1 en {1}"", ""dm1c en {1} y dm3c1 en {1}"", ""dm1d en {1} y dm3d1 en {1}"", ""di1a en {1} y di4a en {1-65,111,119,120}"", ""di1b en {1} y di4b en {1-65,111,119,120}"", ""di1c en {1} y di4c en {1-65,111,119,120}"", ""di1d en {1} y di4d en {1-65,111,119,120}"", ""di1e en {1} y di4e en {1-65,111,119,120}"", ""di1f en {1} y di4f en {1-65,111,119,120}"", ""di1f1 en {1} y di4f1 en {1-65,111,119,120}"", ""di1g en {1} y di4g en {1-65,111,119,120}"", ""di1h en {1} y di4h en {1-65,111,119,120}"", ""di1i en {1} y di4i en {1-65,111,119,120}""], ""origen_de_la_condicion"": ""unión de los componentes declarados del agregado""}, {""tipo"": ""grafo_de_variables_derivadas"", ""archivo"": ""encodat_analysis/src/derived_vars.py"", ""indicador"": ""sedantes_alguna_vez"", ""variable_derivada"": ""sed_av"", ""etiqueta_oficial"": ""Sedantes Alguna Vez"", ""syntax_source"": ""reconstruccion_proyecto"", ""bloque"": ""av"", ""regla_de_confirmacion"": null, ""variables_de_origen"": [""dm1c"", ""dm3c1""], ""componentes_declarados"": [], ""condicion_positiva"": [""dm1c en {1} y dm3c1 en {1}""], ""origen_de_la_condicion"": ""definición de derived_vars para el bloque «av»""}, {""tipo"": ""implicacion_logica"", ""implica"": ""sedantes_alguna_vez"", ""implicado"": ""droga_cualq_alguna_vez"", ""alcance"": ""total"", ""demostracion"": [{""condicion_b"": {""dm1c"": ""1"", ""dm3c1"": ""1""}, ""condicion_b_con_saltos"": {""dm1c"": ""1"", ""dm3c1"": ""1""}, ""condicion_a_garantizada"": {""dm1c"": ""1"", ""dm3c1"": ""1""}, ""saltos_usados"": [""dm3c1<-dm1c""]}]}, {""tipo"": ""salto_del_cuestionario_verificado"", ""archivo"": ""encodat_analysis/correlations/evidence/questionnaire_routing.json"", ""saltos"": [{""salto"": ""dm3c1<-dm1c"", ""parent_question"": ""DM1C. uso alguna vez de la sustancia"", ""parent_enabling_codes"": [1], ""counterexamples"": 0}]}]","[""droga_cualq_alguna_vez"", ""sedantes_alguna_vez""]",droga_cualq_alguna_vez: Diferencia con el objetivo nacional registrada por el propio análisis; falta resolver derivación y reproducir fuente antes de exponer resultados como validados.; sedantes_alguna_vez: Diferencia con el objetivo nacional registrada por el propio análisis; falta resolver derivación y reproducir fuente antes de exponer resultados como validados.,True,True,excluded_from_analysis
droga_cualq_alguna_vez|estimmed_alguna_vez,droga_cualq_alguna_vez,estimmed_alguna_vez,Cualquier droga,Estim. médicos,prev_av,anf_av,excluded,agregado_vs_componente,Uno es un agregado que incluye al otro entre sus componentes declarados.,Todo positivo de estimmed_alguna_vez es necesariamente un positivo de droga_cualq_alguna_vez por construcción.,"[{""tipo"": ""grafo_de_variables_derivadas"", ""archivo"": ""encodat_analysis/src/derived_vars.py"", ""indicador"": ""droga_cualq_alguna_vez"", ""variable_derivada"": ""prev_av"", ""etiqueta_oficial"": ""Prevalencia de cualquier droga alguna vez"", ""syntax_source"": ""reconstruccion_proyecto"", ""bloque"": ""av"", ""regla_de_confirmacion"": null, ""variables_de_origen"": [""di1a"", ""di1b"", ""di1c"", ""di1d"", ""di1e"", ""di1f"", ""di1f1"", ""di1g"", ""di1h"", ""di1i"", ""di4a"", ""di4b"", ""di4c"", ""di4d"", ""di4e"", ""di4f"", ""di4f1"", ""di4g"", ""di4h"", ""di4i"", ""dm1a"", ""dm1b"", ""dm1c"", ""dm1d"", ""dm3a1"", ""dm3b1"", ""dm3c1"", ""dm3d1""], ""componentes_declarados"": [""opi_av"", ""tra_av"", ""sed_av"", ""anf_av"", ""mar_av"", ""coc_av"", ""cra_av"", ""alu_av"", ""inh_av"", ""her_av"", ""fent_av"", ""met_av"", ""otr_av"", ""marsin_av""], ""condicion_positiva"": [""dm1a en {1} y dm3a1 en {1}"", ""dm1b en {1} y dm3b1 en {1}"", ""dm1c en {1} y dm3c1 en {1}"", ""dm1d en {1} y dm3d1 en {1}"", ""di1a en {1} y di4a en {1-65,111,119,120}"", ""di1b en {1} y di4b en {1-65,111,119,120}"", ""di1c en {1} y di4c en {1-65,111,119,120}"", ""di1d en {1} y di4d en {1-65,111,119,120}"", ""di1e en {1} y di4e en {1-65,111,119,120}"", ""di1f en {1} y di4f en {1-65,111,119,120}"", ""di1f1 en {1} y di4f1 en {1-65,111,119,120}"", ""di1g en {1} y di4g en {1-65,111,119,120}"", ""di1h en {1} y di4h en {1-65,111,119,120}"", ""di1i en {1} y di4i en {1-65,111,119,120}""], ""origen_de_la_condicion"": ""unión de los componentes declarados del agregado""}, {""tipo"": ""grafo_de_variables_derivadas"", ""archivo"": ""encodat_analysis/src/derived_vars.py"", ""indicador"": ""estimmed_alguna_vez"", ""variable_derivada"": ""anf_av"", ""etiqueta_oficial"": ""Anfetaminas Alguna Vez"", ""syntax_source"": ""reconstruccion_proyecto"", ""bloque"": ""av"", ""regla_de_confirmacion"": null, ""variables_de_origen"": [""dm1d"", ""dm3d1""], ""componentes_declarados"": [], ""condicion_positiva"": [""dm1d en {1} y dm3d1 en {1}""], ""origen_de_la_condicion"": ""definición de derived_vars para el bloque «av»""}, {""tipo"": ""implicacion_logica"", ""implica"": ""estimmed_alguna_vez"", ""implicado"": ""droga_cualq_alguna_vez"", ""alcance"": ""total"", ""demostracion"": [{""condicion_b"": {""dm1d"": ""1"", ""dm3d1"": ""1""}, ""condicion_b_con_saltos"": {""dm1d"": ""1"", ""dm3d1"": ""1""}, ""condicion_a_garantizada"": {""dm1d"": ""1"", ""dm3d1"": ""1""}, ""saltos_usados"": [""dm3d1<-dm1d""]}]}, {""tipo"": ""salto_del_cuestionario_verificado"", ""archivo"": ""encodat_analysis/correlations/evidence/questionnaire_routing.json"", ""saltos"": [{""salto"": ""dm3d1<-dm1d"", ""parent_question"": ""DM1D. uso alguna vez de la sustancia"", ""parent_enabling_codes"": [1], ""counterexamples"": 0}]}]","[""droga_cualq_alguna_vez"", ""estimmed_alguna_vez""]","droga_cualq_alguna_vez: Diferencia con el objetivo nacional registrada por el propio análisis; falta resolver derivación y reproducir fuente antes de exponer resultados como validados.; estimmed_alguna_vez: Coincidencia nacional dentro de la tolerancia interna; falta verificar definición, denominador y celdas publicadas para certificar este indicador. No se declara incorrecto.",True,True,excluded_from_analysis
droga_cualq_alguna_vez|droga_cualq_ult_ano,droga_cualq_alguna_vez,droga_cualq_ult_ano,Cualquier droga,Cualquier droga (año),prev_av,prev_ua,excluded,implicacion_parcial_por_componente_compartido,Una rama completa de la construcción de uno fuerza el positivo del otro: comparten un componente con su condición íntegra.,4 de 14 ramas de la construcción de droga_cualq_ult_ano garantizan un positivo de droga_cualq_alguna_vez.,"[{""tipo"": ""grafo_de_variables_derivadas"", ""archivo"": ""encodat_analysis/src/derived_vars.py"", ""indicador"": ""droga_cualq_alguna_vez"", ""variable_derivada"": ""prev_av"", ""etiqueta_oficial"": ""Prevalencia de cualquier droga alguna vez"", ""syntax_source"": ""reconstruccion_proyecto"", ""bloque"": ""av"", ""regla_de_confirmacion"": null, ""variables_de_origen"": [""di1a"", ""di1b"", ""di1c"", ""di1d"", ""di1e"", ""di1f"", ""di1f1"", ""di1g"", ""di1h"", ""di1i"", ""di4a"", ""di4b"", ""di4c"", ""di4d"", ""di4e"", ""di4f"", ""di4f1"", ""di4g"", ""di4h"", ""di4i"", ""dm1a"", ""dm1b"", ""dm1c"", ""dm1d"", ""dm3a1"", ""dm3b1"", ""dm3c1"", ""dm3d1""], ""componentes_declarados"": [""opi_av"", ""tra_av"", ""sed_av"", ""anf_av"", ""mar_av"", ""coc_av"", ""cra_av"", ""alu_av"", ""inh_av"", ""her_av"", ""fent_av"", ""met_av"", ""otr_av"", ""marsin_av""], ""condicion_positiva"": [""dm1a en {1} y dm3a1 en {1}"", ""dm1b en {1} y dm3b1 en {1}"", ""dm1c en {1} y dm3c1 en {1}"", ""dm1d en {1} y dm3d1 en {1}"", ""di1a en {1} y di4a en {1-65,111,119,120}"", ""di1b en {1} y di4b en {1-65,111,119,120}"", ""di1c en {1} y di4c en {1-65,111,119,120}"", ""di1d en {1} y di4d en {1-65,111,119,120}"", ""di1e en {1} y di4e en {1-65,111,119,120}"", ""di1f en {1} y di4f en {1-65,111,119,120}"", ""di1f1 en {1} y di4f1 en {1-65,111,119,120}"", ""di1g en {1} y di4g en {1-65,111,119,120}"", ""di1h en {1} y di4h en {1-65,111,119,120}"", ""di1i en {1} y di4i en {1-65,111,119,120}""], ""origen_de_la_condicion"": ""unión de los componentes declarados del agregado""}, {""tipo"": ""grafo_de_variables_derivadas"", ""archivo"": ""encodat_analysis/src/derived_vars.py"", ""indicador"": ""droga_cualq_ult_ano"", ""variable_derivada"": ""prev_ua"", ""etiqueta_oficial"": ""Prevalencia de cualquier droga último año"", ""syntax_source"": ""reconstruccion_proyecto"", ""bloque"": ""ua"", ""regla_de_confirmacion"": null, ""variables_de_origen"": [""di6a"", ""di6b"", ""di6c"", ""di6d"", ""di6e"", ""di6f"", ""di6f1"", ""di6g"", ""di6h"", ""di6i"", ""dm1a"", ""dm1b"", ""dm1c"", ""dm1d"", ""dm3a1"", ""dm3b1"", ""dm3c1"", ""dm3d1"", ""dm6a"", ""dm6b"", ""dm6c"", ""dm6d""], ""componentes_declarados"": [""opi_ua"", ""tra_ua"", ""sed_ua"", ""anf_ua"", ""mar_ua"", ""coc_ua"", ""cra_ua"", ""alu_ua"", ""inh_ua"", ""her_ua"", ""fent_ua"", ""met_ua"", ""otr_ua"", ""marsin_ua""], ""condicion_positiva"": [""dm1a en {1} y dm3a1 en {1} y dm6a en {1-5}"", ""dm1b en {1} y dm3b1 en {1} y dm6b en {1-5}"", ""dm1c en {1} y dm3c1 en {1} y dm6c en {1-5}"", ""dm1d en {1} y dm3d1 en {1} y dm6d en {1-5}"", ""di6a en {1-5}"", ""di6b en {1-5}"", ""di6c en {1-5}"", ""di6d en {1-5}"", ""di6e en {1-5}"", ""di6f en {1-5}"", ""di6f1 en {1-5}"", ""di6g en {1-5}"", ""di6h en {1-5}"", ""di6i en {1-5}""], ""origen_de_la_condicion"": ""unión de los componentes declarados del agregado""}, {""tipo"": ""implicacion_logica"", ""implica"": ""droga_cualq_ult_ano"", ""implicado"": ""droga_cualq_alguna_vez"", ""alcance"": ""parcial"", ""demostracion"": [{""condicion_b"": {""dm1a"": ""1"", ""dm3a1"": ""1"", ""dm6a"": ""1-5""}, ""condicion_b_con_saltos"": {""dm1a"": ""1"", ""dm3a1"": ""1"", ""dm6a"": ""1-5""}, ""condicion_a_garantizada"": {""dm1a"": ""1"", ""dm3a1"": ""1""}, ""saltos_usados"": [""dm3a1<-dm1a"", ""dm6a<-dm1a""]}, {""condicion_b"": {""dm1b"": ""1"", ""dm3b1"": ""1"", ""dm6b"": ""1-5""}, ""condicion_b_con_saltos"": {""dm1b"": ""1"", ""dm3b1"": ""1"", ""dm6b"": ""1-5""}, ""condicion_a_garantizada"": {""dm1b"": ""1"", ""dm3b1"": ""1""}, ""saltos_usados"": [""dm3b1<-dm1b"", ""dm6b<-dm1b""]}, {""condicion_b"": {""dm1c"": ""1"", ""dm3c1"": ""1"", ""dm6c"": ""1-5""}, ""condicion_b_con_saltos"": {""dm1c"": ""1"", ""dm3c1"": ""1"", ""dm6c"": ""1-5""}, ""condicion_a_garantizada"": {""dm1c"": ""1"", ""dm3c1"": ""1""}, ""saltos_usados"": [""dm3c1<-dm1c"", ""dm6c<-dm1c""]}, {""condicion_b"": {""dm1d"": ""1"", ""dm3d1"": ""1"", ""dm6d"": ""1-5""}, ""condicion_b_con_saltos"": {""dm1d"": ""1"", ""dm3d1"": ""1"", ""dm6d"": ""1-5""}, ""condicion_a_garantizada"": {""dm1d"": ""1"", ""dm3d1"": ""1""}, ""saltos_usados"": [""dm3d1<-dm1d"", ""dm6d<-dm1d""]}]}, {""tipo"": ""salto_del_cuestionario_verificado"", ""archivo"": ""encodat_analysis/correlations/evidence/questionnaire_routing.json"", ""saltos"": [{""salto"": ""dm3a1<-dm1a"", ""parent_question"": ""DM1A. uso alguna vez de la sustancia"", ""parent_enabling_codes"": [1], ""counterexamples"": 0}, {""salto"": ""dm3b1<-dm1b"", ""parent_question"": ""DM1B. uso alguna vez de la sustancia"", ""parent_enabling_codes"": [1], ""counterexamples"": 0}, {""salto"": ""dm3c1<-dm1c"", ""parent_question"": ""DM1C. uso alguna vez de la sustancia"", ""parent_enabling_codes"": [1], ""counterexamples"": 0}, {""salto"": ""dm3d1<-dm1d"", ""parent_question"": ""DM1D. uso alguna vez de la sustancia"", ""parent_enabling_codes"": [1], ""counterexamples"": 0}, {""salto"": ""dm6a<-dm1a"", ""parent_question"": ""DM1A. uso alguna vez de la sustancia"", ""parent_enabling_codes"": [1], ""counterexamples"": 0}, {""salto"": ""dm6b<-dm1b"", ""parent_question"": ""DM1B. uso alguna vez de la sustancia"", ""parent_enabling_codes"": [1], ""counterexamples"": 0}, {""salto"": ""dm6c<-dm1c"", ""parent_question"": ""DM1C. uso alguna vez de la sustancia"", ""parent_enabling_codes"": [1], ""counterexamples"": 0}, {""salto"": ""dm6d<-dm1d"", ""parent_question"": ""DM1D. uso alguna vez de la sustancia"", ""parent_enabling_codes"": [1], ""counterexamples"": 0}]}]","[""droga_cualq_alguna_vez"", ""droga_cualq_ult_ano""]",droga_cualq_alguna_vez: Diferencia con el objetivo nacional registrada por el propio análisis; falta resolver derivación y reproducir fuente antes de exponer resultados como validados.; droga_cualq_ult_ano: Diferencia con el objetivo nacional registrada por el propio análisis; falta resolver derivación y reproducir fuente antes de exponer resultados como validados.,True,True,excluded_from_analysis
droga_cualq_alguna_vez|drogamedica_ult_ano,droga_cualq_alguna_vez,drogamedica_ult_ano,Cualquier droga,Droga médica (año),prev_av,cdm_ua,excluded,ventana_temporal_anidada,Ventanas temporales anidadas por construcción: la condición del periodo corto contiene la del periodo largo.,Todo positivo de drogamedica_ult_ano es necesariamente un positivo de droga_cualq_alguna_vez por construcción.,"[{""tipo"": ""grafo_de_variables_derivadas"", ""archivo"": ""encodat_analysis/src/derived_vars.py"", ""indicador"": ""droga_cualq_alguna_vez"", ""variable_derivada"": ""prev_av"", ""etiqueta_oficial"": ""Prevalencia de cualquier droga alguna vez"", ""syntax_source"": ""reconstruccion_proyecto"", ""bloque"": ""av"", ""regla_de_confirmacion"": null, ""variables_de_origen"": [""di1a"", ""di1b"", ""di1c"", ""di1d"", ""di1e"", ""di1f"", ""di1f1"", ""di1g"", ""di1h"", ""di1i"", ""di4a"", ""di4b"", ""di4c"", ""di4d"", ""di4e"", ""di4f"", ""di4f1"", ""di4g"", ""di4h"", ""di4i"", ""dm1a"", ""dm1b"", ""dm1c"", ""dm1d"", ""dm3a1"", ""dm3b1"", ""dm3c1"", ""dm3d1""], ""componentes_declarados"": [""opi_av"", ""tra_av"", ""sed_av"", ""anf_av"", ""mar_av"", ""coc_av"", ""cra_av"", ""alu_av"", ""inh_av"", ""her_av"", ""fent_av"", ""met_av"", ""otr_av"", ""marsin_av""], ""condicion_positiva"": [""dm1a en {1} y dm3a1 en {1}"", ""dm1b en {1} y dm3b1 en {1}"", ""dm1c en {1} y dm3c1 en {1}"", ""dm1d en {1} y dm3d1 en {1}"", ""di1a en {1} y di4a en {1-65,111,119,120}"", ""di1b en {1} y di4b en {1-65,111,119,120}"", ""di1c en {1} y di4c en {1-65,111,119,120}"", ""di1d en {1} y di4d en {1-65,111,119,120}"", ""di1e en {1} y di4e en {1-65,111,119,120}"", ""di1f en {1} y di4f en {1-65,111,119,120}"", ""di1f1 en {1} y di4f1 en {1-65,111,119,120}"", ""di1g en {1} y di4g en {1-65,111,119,120}"", ""di1h en {1} y di4h en {1-65,111,119,120}"", ""di1i en {1} y di4i en {1-65,111,119,120}""], ""origen_de_la_condicion"": ""unión de los componentes declarados del agregado""}, {""tipo"": ""grafo_de_variables_derivadas"", ""archivo"": ""encodat_analysis/src/derived_vars.py"", ""indicador"": ""drogamedica_ult_ano"", ""variable_derivada"": ""cdm_ua"", ""etiqueta_oficial"": ""Prevalencia de cualquier droga médica último año"", ""syntax_source"": ""reconstruccion_proyecto"", ""bloque"": ""ua"", ""regla_de_confirmacion"": null, ""variables_de_origen"": [""dm1a"", ""dm1b"", ""dm1c"", ""dm1d"", ""dm3a1"", ""dm3b1"", ""dm3c1"", ""dm3d1"", ""dm6a"", ""dm6b"", ""dm6c"", ""dm6d""], ""componentes_declarados"": [""opi_ua"", ""tra_ua"", ""sed_ua"", ""anf_ua""], ""condicion_positiva"": [""dm1a en {1} y dm3a1 en {1} y dm6a en {1-5}"", ""dm1b en {1} y dm3b1 en {1} y dm6b en {1-5}"", ""dm1c en {1} y dm3c1 en {1} y dm6c en {1-5}"", ""dm1d en {1} y dm3d1 en {1} y dm6d en {1-5}""], ""origen_de_la_condicion"": ""unión de los componentes declarados del agregado""}, {""tipo"": ""implicacion_logica"", ""implica"": ""drogamedica_ult_ano"", ""implicado"": ""droga_cualq_alguna_vez"", ""alcance"": ""total"", ""demostracion"": [{""condicion_b"": {""dm1a"": ""1"", ""dm3a1"": ""1"", ""dm6a"": ""1-5""}, ""condicion_b_con_saltos"": {""dm1a"": ""1"", ""dm3a1"": ""1"", ""dm6a"": ""1-5""}, ""condicion_a_garantizada"": {""dm1a"": ""1"", ""dm3a1"": ""1""}, ""saltos_usados"": [""dm3a1<-dm1a"", ""dm6a<-dm1a""]}, {""condicion_b"": {""dm1b"": ""1"", ""dm3b1"": ""1"", ""dm6b"": ""1-5""}, ""condicion_b_con_saltos"": {""dm1b"": ""1"", ""dm3b1"": ""1"", ""dm6b"": ""1-5""}, ""condicion_a_garantizada"": {""dm1b"": ""1"", ""dm3b1"": ""1""}, ""saltos_usados"": [""dm3b1<-dm1b"", ""dm6b<-dm1b""]}, {""condicion_b"": {""dm1c"": ""1"", ""dm3c1"": ""1"", ""dm6c"": ""1-5""}, ""condicion_b_con_saltos"": {""dm1c"": ""1"", ""dm3c1"": ""1"", ""dm6c"": ""1-5""}, ""condicion_a_garantizada"": {""dm1c"": ""1"", ""dm3c1"": ""1""}, ""saltos_usados"": [""dm3c1<-dm1c"", ""dm6c<-dm1c""]}, {""condicion_b"": {""dm1d"": ""1"", ""dm3d1"": ""1"", ""dm6d"": ""1-5""}, ""condicion_b_con_saltos"": {""dm1d"": ""1"", ""dm3d1"": ""1"", ""dm6d"": ""1-5""}, ""condicion_a_garantizada"": {""dm1d"": ""1"", ""dm3d1"": ""1""}, ""saltos_usados"": [""dm3d1<-dm1d"", ""dm6d<-dm1d""]}]}, {""tipo"": ""salto_del_cuestionario_verificado"", ""archivo"": ""encodat_analysis/correlations/evidence/questionnaire_routing.json"", ""saltos"": [{""salto"": ""dm3a1<-dm1a"", ""parent_question"": ""DM1A. uso alguna vez de la sustancia"", ""parent_enabling_codes"": [1], ""counterexamples"": 0}, {""salto"": ""dm3b1<-dm1b"", ""parent_question"": ""DM1B. uso alguna vez de la sustancia"", ""parent_enabling_codes"": [1], ""counterexamples"": 0}, {""salto"": ""dm3c1<-dm1c"", ""parent_question"": ""DM1C. uso alguna vez de la sustancia"", ""parent_enabling_codes"": [1], ""counterexamples"": 0}, {""salto"": ""dm3d1<-dm1d"", ""parent_question"": ""DM1D. uso alguna vez de la sustancia"", ""parent_enabling_codes"": [1], ""counterexamples"": 0}, {""salto"": ""dm6a<-dm1a"", ""parent_question"": ""DM1A. uso alguna vez de la sustancia"", ""parent_enabling_codes"": [1], ""counterexamples"": 0}, {""salto"": ""dm6b<-dm1b"", ""parent_question"": ""DM1B. uso alguna vez de la sustancia"", ""parent_enabling_codes"": [1], ""counterexamples"": 0}, {""salto"": ""dm6c<-dm1c"", ""parent_question"": ""DM1C. uso alguna vez de la sustancia"", ""parent_enabling_codes"": [1], ""counterexamples"": 0}, {""salto"": ""dm6d<-dm1d"", ""parent_question"": ""DM1D. uso alguna vez de la sustancia"", ""parent_enabling_codes"": [1], ""counterexamples"": 0}]}]","[""droga_cualq_alguna_vez"", ""drogamedica_ult_ano""]",droga_cualq_alguna_vez: Diferencia con el objetivo nacional registrada por el propio análisis; falta resolver derivación y reproducir fuente antes de exponer resultados como validados.; drogamedica_ult_ano: Diferencia con el objetivo nacional registrada por el propio análisis; falta resolver derivación y reproducir fuente antes de exponer resultados como validados.,True,True,excluded_from_analysis
cannabis_alguna_vez|drogaileg_alguna_vez,drogaileg_alguna_vez,cannabis_alguna_vez,Droga ilegal,Cannabis,cdi_av,mar_av,excluded,agregado_vs_componente,Uno es un agregado que incluye al otro entre sus componentes declarados.,Todo positivo de cannabis_alguna_vez es necesariamente un positivo de drogaileg_alguna_vez por construcción.,"[{""tipo"": ""grafo_de_variables_derivadas"", ""archivo"": ""encodat_analysis/src/derived_vars.py"", ""indicador"": ""drogaileg_alguna_vez"", ""variable_derivada"": ""cdi_av"", ""etiqueta_oficial"": ""Prevalencia de cualquier droga ilegal alguna vez"", ""syntax_source"": ""reconstruccion_proyecto"", ""bloque"": ""av"", ""regla_de_confirmacion"": null, ""variables_de_origen"": [""di1a"", ""di1b"", ""di1c"", ""di1d"", ""di1e"", ""di1f"", ""di1f1"", ""di1g"", ""di1h"", ""di1i"", ""di4a"", ""di4b"", ""di4c"", ""di4d"", ""di4e"", ""di4f"", ""di4f1"", ""di4g"", ""di4h"", ""di4i""], ""componentes_declarados"": [""mar_av"", ""coc_av"", ""cra_av"", ""alu_av"", ""inh_av"", ""her_av"", ""fent_av"", ""met_av"", ""otr_av"", ""marsin_av""], ""condicion_positiva"": [""di1a en {1} y di4a en {1-65,111,119,120}"", ""di1b en {1} y di4b en {1-65,111,119,120}"", ""di1c en {1} y di4c en {1-65,111,119,120}"", ""di1d en {1} y di4d en {1-65,111,119,120}"", ""di1e en {1} y di4e en {1-65,111,119,120}"", ""di1f en {1} y di4f en {1-65,111,119,120}"", ""di1f1 en {1} y di4f1 en {1-65,111,119,120}"", ""di1g en {1} y di4g en {1-65,111,119,120}"", ""di1h en {1} y di4h en {1-65,111,119,120}"", ""di1i en {1} y di4i en {1-65,111,119,120}""], ""origen_de_la_condicion"": ""unión de los componentes declarados del agregado""}, {""tipo"": ""grafo_de_variables_derivadas"", ""archivo"": ""encodat_analysis/src/derived_vars.py"", ""indicador"": ""cannabis_alguna_vez"", ""variable_derivada"": ""mar_av"", ""etiqueta_oficial"": ""Mariguana Alguna Vez"", ""syntax_source"": ""reconstruccion_proyecto"", ""bloque"": ""av"", ""regla_de_confirmacion"": ""edad_inicio_valida_recode_oficial"", ""variables_de_origen"": [""di1a"", ""di4a""], ""componentes_declarados"": [], ""condicion_positiva"": [""di1a en {1} y di4a en {1-65,111,119,120}""], ""origen_de_la_condicion"": ""definición de derived_vars para el bloque «av»""}, {""tipo"": ""implicacion_logica"", ""implica"": ""cannabis_alguna_vez"", ""implicado"": ""drogaileg_alguna_vez"", ""alcance"": ""total"", ""demostracion"": [{""condicion_b"": {""di1a"": ""1"", ""di4a"": ""1-65,111,119,120""}, ""condicion_b_con_saltos"": {""di1a"": ""1"", ""di4a"": ""1-65,111,119,120""}, ""condicion_a_garantizada"": {""di1a"": ""1"", ""di4a"": ""1-65,111,119,120""}, ""saltos_usados"": [""di4a<-di1a""]}]}, {""tipo"": ""salto_del_cuestionario_verificado"", ""archivo"": ""encodat_analysis/correlations/evidence/questionnaire_routing.json"", ""saltos"": [{""salto"": ""di4a<-di1a"", ""parent_question"": ""DI1A. uso alguna vez de la sustancia"", ""parent_enabling_codes"": [1], ""counterexamples"": 0}]}]","[""drogaileg_alguna_vez"", ""cannabis_alguna_vez""]","drogaileg_alguna_vez: Coincidencia nacional dentro de la tolerancia interna; falta verificar definición, denominador y celdas publicadas para certificar este indicador. No se declara incorrecto.; cannabis_alguna_vez: Coincidencia nacional dentro de la tolerancia interna; falta verificar definición, denominador y celdas publicadas para certificar este indicador. No se declara incorrecto.",True,True,excluded_from_analysis
cocaina_alguna_vez|drogaileg_alguna_vez,drogaileg_alguna_vez,cocaina_alguna_vez,Droga ilegal,Cocaína,cdi_av,coc2_av,excluded,agregado_vs_componente,Uno es un agregado que incluye al otro entre sus componentes declarados.,Todo positivo de cocaina_alguna_vez es necesariamente un positivo de drogaileg_alguna_vez por construcción.,"[{""tipo"": ""grafo_de_variables_derivadas"", ""archivo"": ""encodat_analysis/src/derived_vars.py"", ""indicador"": ""drogaileg_alguna_vez"", ""variable_derivada"": ""cdi_av"", ""etiqueta_oficial"": ""Prevalencia de cualquier droga ilegal alguna vez"", ""syntax_source"": ""reconstruccion_proyecto"", ""bloque"": ""av"", ""regla_de_confirmacion"": null, ""variables_de_origen"": [""di1a"", ""di1b"", ""di1c"", ""di1d"", ""di1e"", ""di1f"", ""di1f1"", ""di1g"", ""di1h"", ""di1i"", ""di4a"", ""di4b"", ""di4c"", ""di4d"", ""di4e"", ""di4f"", ""di4f1"", ""di4g"", ""di4h"", ""di4i""], ""componentes_declarados"": [""mar_av"", ""coc_av"", ""cra_av"", ""alu_av"", ""inh_av"", ""her_av"", ""fent_av"", ""met_av"", ""otr_av"", ""marsin_av""], ""condicion_positiva"": [""di1a en {1} y di4a en {1-65,111,119,120}"", ""di1b en {1} y di4b en {1-65,111,119,120}"", ""di1c en {1} y di4c en {1-65,111,119,120}"", ""di1d en {1} y di4d en {1-65,111,119,120}"", ""di1e en {1} y di4e en {1-65,111,119,120}"", ""di1f en {1} y di4f en {1-65,111,119,120}"", ""di1f1 en {1} y di4f1 en {1-65,111,119,120}"", ""di1g en {1} y di4g en {1-65,111,119,120}"", ""di1h en {1} y di4h en {1-65,111,119,120}"", ""di1i en {1} y di4i en {1-65,111,119,120}""], ""origen_de_la_condicion"": ""unión de los componentes declarados del agregado""}, {""tipo"": ""grafo_de_variables_derivadas"", ""archivo"": ""encodat_analysis/src/derived_vars.py"", ""indicador"": ""cocaina_alguna_vez"", ""variable_derivada"": ""coc2_av"", ""etiqueta_oficial"": ""Cocaína completa Alguna Vez"", ""syntax_source"": ""reconstruccion_proyecto"", ""bloque"": ""av"", ""regla_de_confirmacion"": null, ""variables_de_origen"": [""di1b"", ""di1c"", ""di4b"", ""di4c""], ""componentes_declarados"": [""coc_av"", ""cra_av""], ""condicion_positiva"": [""di1b en {1} y di4b en {1-65,111,119,120}"", ""di1c en {1} y di4c en {1-65,111,119,120}""], ""origen_de_la_condicion"": ""unión de los componentes declarados del agregado""}, {""tipo"": ""implicacion_logica"", ""implica"": ""cocaina_alguna_vez"", ""implicado"": ""drogaileg_alguna_vez"", ""alcance"": ""total"", ""demostracion"": [{""condicion_b"": {""di1b"": ""1"", ""di4b"": ""1-65,111,119,120""}, ""condicion_b_con_saltos"": {""di1b"": ""1"", ""di4b"": ""1-65,111,119,120""}, ""condicion_a_garantizada"": {""di1b"": ""1"", ""di4b"": ""1-65,111,119,120""}, ""saltos_usados"": [""di4b<-di1b""]}, {""condicion_b"": {""di1c"": ""1"", ""di4c"": ""1-65,111,119,120""}, ""condicion_b_con_saltos"": {""di1c"": ""1"", ""di4c"": ""1-65,111,119,120""}, ""condicion_a_garantizada"": {""di1c"": ""1"", ""di4c"": ""1-65,111,119,120""}, ""saltos_usados"": [""di4c<-di1c""]}]}, {""tipo"": ""salto_del_cuestionario_verificado"", ""archivo"": ""encodat_analysis/correlations/evidence/questionnaire_routing.json"", ""saltos"": [{""salto"": ""di4b<-di1b"", ""parent_question"": ""DI1B. uso alguna vez de la sustancia"", ""parent_enabling_codes"": [1], ""counterexamples"": 0}, {""salto"": ""di4c<-di1c"", ""parent_question"": ""DI1C. uso alguna vez de la sustancia"", ""parent_enabling_codes"": [1], ""counterexamples"": 0}]}]","[""drogaileg_alguna_vez"", ""cocaina_alguna_vez""]","drogaileg_alguna_vez: Coincidencia nacional dentro de la tolerancia interna; falta verificar definición, denominador y celdas publicadas para certificar este indicador. No se declara incorrecto.; cocaina_alguna_vez: Coincidencia nacional dentro de la tolerancia interna; falta verificar definición, denominador y celdas publicadas para certificar este indicador. No se declara incorrecto.",True,True,excluded_from_analysis
crack_alguna_vez|drogaileg_alguna_vez,drogaileg_alguna_vez,crack_alguna_vez,Droga ilegal,Crack,cdi_av,cra_av,excluded,agregado_vs_componente,Uno es un agregado que incluye al otro entre sus componentes declarados.,Todo positivo de crack_alguna_vez es necesariamente un positivo de drogaileg_alguna_vez por construcción.,"[{""tipo"": ""grafo_de_variables_derivadas"", ""archivo"": ""encodat_analysis/src/derived_vars.py"", ""indicador"": ""drogaileg_alguna_vez"", ""variable_derivada"": ""cdi_av"", ""etiqueta_oficial"": ""Prevalencia de cualquier droga ilegal alguna vez"", ""syntax_source"": ""reconstruccion_proyecto"", ""bloque"": ""av"", ""regla_de_confirmacion"": null, ""variables_de_origen"": [""di1a"", ""di1b"", ""di1c"", ""di1d"", ""di1e"", ""di1f"", ""di1f1"", ""di1g"", ""di1h"", ""di1i"", ""di4a"", ""di4b"", ""di4c"", ""di4d"", ""di4e"", ""di4f"", ""di4f1"", ""di4g"", ""di4h"", ""di4i""], ""componentes_declarados"": [""mar_av"", ""coc_av"", ""cra_av"", ""alu_av"", ""inh_av"", ""her_av"", ""fent_av"", ""met_av"", ""otr_av"", ""marsin_av""], ""condicion_positiva"": [""di1a en {1} y di4a en {1-65,111,119,120}"", ""di1b en {1} y di4b en {1-65,111,119,120}"", ""di1c en {1} y di4c en {1-65,111,119,120}"", ""di1d en {1} y di4d en {1-65,111,119,120}"", ""di1e en {1} y di4e en {1-65,111,119,120}"", ""di1f en {1} y di4f en {1-65,111,119,120}"", ""di1f1 en {1} y di4f1 en {1-65,111,119,120}"", ""di1g en {1} y di4g en {1-65,111,119,120}"", ""di1h en {1} y di4h en {1-65,111,119,120}"", ""di1i en {1} y di4i en {1-65,111,119,120}""], ""origen_de_la_condicion"": ""unión de los componentes declarados del agregado""}, {""tipo"": ""grafo_de_variables_derivadas"", ""archivo"": ""encodat_analysis/src/derived_vars.py"", ""indicador"": ""crack_alguna_vez"", ""variable_derivada"": ""cra_av"", ""etiqueta_oficial"": ""Crack Alguna Vez"", ""syntax_source"": ""reconstruccion_proyecto"", ""bloque"": ""av"", ""regla_de_confirmacion"": ""edad_inicio_valida_recode_oficial"", ""variables_de_origen"": [""di1c"", ""di4c""], ""componentes_declarados"": [], ""condicion_positiva"": [""di1c en {1} y di4c en {1-65,111,119,120}""], ""origen_de_la_condicion"": ""definición de derived_vars para el bloque «av»""}, {""tipo"": ""implicacion_logica"", ""implica"": ""crack_alguna_vez"", ""implicado"": ""drogaileg_alguna_vez"", ""alcance"": ""total"", ""demostracion"": [{""condicion_b"": {""di1c"": ""1"", ""di4c"": ""1-65,111,119,120""}, ""condicion_b_con_saltos"": {""di1c"": ""1"", ""di4c"": ""1-65,111,119,120""}, ""condicion_a_garantizada"": {""di1c"": ""1"", ""di4c"": ""1-65,111,119,120""}, ""saltos_usados"": [""di4c<-di1c""]}]}, {""tipo"": ""salto_del_cuestionario_verificado"", ""archivo"": ""encodat_analysis/correlations/evidence/questionnaire_routing.json"", ""saltos"": [{""salto"": ""di4c<-di1c"", ""parent_question"": ""DI1C. uso alguna vez de la sustancia"", ""parent_enabling_codes"": [1], ""counterexamples"": 0}]}]","[""drogaileg_alguna_vez"", ""crack_alguna_vez""]","drogaileg_alguna_vez: Coincidencia nacional dentro de la tolerancia interna; falta verificar definición, denominador y celdas publicadas para certificar este indicador. No se declara incorrecto.; crack_alguna_vez: Coincidencia nacional dentro de la tolerancia interna; falta verificar definición, denominador y celdas publicadas para certificar este indicador. No se declara incorrecto.",True,True,excluded_from_analysis
aluc_alguna_vez|drogaileg_alguna_vez,drogaileg_alguna_vez,aluc_alguna_vez,Droga ilegal,Alucinógenos,cdi_av,alu_av,excluded,agregado_vs_componente,Uno es un agregado que incluye al otro entre sus componentes declarados.,Todo positivo de aluc_alguna_vez es necesariamente un positivo de drogaileg_alguna_vez por construcción.,"[{""tipo"": ""grafo_de_variables_derivadas"", ""archivo"": ""encodat_analysis/src/derived_vars.py"", ""indicador"": ""drogaileg_alguna_vez"", ""variable_derivada"": ""cdi_av"", ""etiqueta_oficial"": ""Prevalencia de cualquier droga ilegal alguna vez"", ""syntax_source"": ""reconstruccion_proyecto"", ""bloque"": ""av"", ""regla_de_confirmacion"": null, ""variables_de_origen"": [""di1a"", ""di1b"", ""di1c"", ""di1d"", ""di1e"", ""di1f"", ""di1f1"", ""di1g"", ""di1h"", ""di1i"", ""di4a"", ""di4b"", ""di4c"", ""di4d"", ""di4e"", ""di4f"", ""di4f1"", ""di4g"", ""di4h"", ""di4i""], ""componentes_declarados"": [""mar_av"", ""coc_av"", ""cra_av"", ""alu_av"", ""inh_av"", ""her_av"", ""fent_av"", ""met_av"", ""otr_av"", ""marsin_av""], ""condicion_positiva"": [""di1a en {1} y di4a en {1-65,111,119,120}"", ""di1b en {1} y di4b en {1-65,111,119,120}"", ""di1c en {1} y di4c en {1-65,111,119,120}"", ""di1d en {1} y di4d en {1-65,111,119,120}"", ""di1e en {1} y di4e en {1-65,111,119,120}"", ""di1f en {1} y di4f en {1-65,111,119,120}"", ""di1f1 en {1} y di4f1 en {1-65,111,119,120}"", ""di1g en {1} y di4g en {1-65,111,119,120}"", ""di1h en {1} y di4h en {1-65,111,119,120}"", ""di1i en {1} y di4i en {1-65,111,119,120}""], ""origen_de_la_condicion"": ""unión de los componentes declarados del agregado""}, {""tipo"": ""grafo_de_variables_derivadas"", ""archivo"": ""encodat_analysis/src/derived_vars.py"", ""indicador"": ""aluc_alguna_vez"", ""variable_derivada"": ""alu_av"", ""etiqueta_oficial"": ""Alucinógenos Alguna Vez"", ""syntax_source"": ""reconstruccion_proyecto"", ""bloque"": ""av"", ""regla_de_confirmacion"": ""edad_inicio_valida_recode_oficial"", ""variables_de_origen"": [""di1d"", ""di4d""], ""componentes_declarados"": [], ""condicion_positiva"": [""di1d en {1} y di4d en {1-65,111,119,120}""], ""origen_de_la_condicion"": ""definición de derived_vars para el bloque «av»""}, {""tipo"": ""implicacion_logica"", ""implica"": ""aluc_alguna_vez"", ""implicado"": ""drogaileg_alguna_vez"", ""alcance"": ""total"", ""demostracion"": [{""condicion_b"": {""di1d"": ""1"", ""di4d"": ""1-65,111,119,120""}, ""condicion_b_con_saltos"": {""di1d"": ""1"", ""di4d"": ""1-65,111,119,120""}, ""condicion_a_garantizada"": {""di1d"": ""1"", ""di4d"": ""1-65,111,119,120""}, ""saltos_usados"": [""di4d<-di1d""]}]}, {""tipo"": ""salto_del_cuestionario_verificado"", ""archivo"": ""encodat_analysis/correlations/evidence/questionnaire_routing.json"", ""saltos"": [{""salto"": ""di4d<-di1d"", ""parent_question"": ""DI1D. uso alguna vez de la sustancia"", ""parent_enabling_codes"": [1], ""counterexamples"": 0}]}]","[""drogaileg_alguna_vez"", ""aluc_alguna_vez""]","drogaileg_alguna_vez: Coincidencia nacional dentro de la tolerancia interna; falta verificar definición, denominador y celdas publicadas para certificar este indicador. No se declara incorrecto.; aluc_alguna_vez: Coincidencia nacional dentro de la tolerancia interna; falta verificar definición, denominador y celdas publicadas para certificar este indicador. No se declara incorrecto.",True,True,excluded_from_analysis
drogaileg_alguna_vez|inhalables_alguna_vez,drogaileg_alguna_vez,inhalables_alguna_vez,Droga ilegal,Inhalables,cdi_av,inh_av,excluded,agregado_vs_componente,Uno es un agregado que incluye al otro entre sus componentes declarados.,Todo positivo de inhalables_alguna_vez es necesariamente un positivo de drogaileg_alguna_vez por construcción.,"[{""tipo"": ""grafo_de_variables_derivadas"", ""archivo"": ""encodat_analysis/src/derived_vars.py"", ""indicador"": ""drogaileg_alguna_vez"", ""variable_derivada"": ""cdi_av"", ""etiqueta_oficial"": ""Prevalencia de cualquier droga ilegal alguna vez"", ""syntax_source"": ""reconstruccion_proyecto"", ""bloque"": ""av"", ""regla_de_confirmacion"": null, ""variables_de_origen"": [""di1a"", ""di1b"", ""di1c"", ""di1d"", ""di1e"", ""di1f"", ""di1f1"", ""di1g"", ""di1h"", ""di1i"", ""di4a"", ""di4b"", ""di4c"", ""di4d"", ""di4e"", ""di4f"", ""di4f1"", ""di4g"", ""di4h"", ""di4i""], ""componentes_declarados"": [""mar_av"", ""coc_av"", ""cra_av"", ""alu_av"", ""inh_av"", ""her_av"", ""fent_av"", ""met_av"", ""otr_av"", ""marsin_av""], ""condicion_positiva"": [""di1a en {1} y di4a en {1-65,111,119,120}"", ""di1b en {1} y di4b en {1-65,111,119,120}"", ""di1c en {1} y di4c en {1-65,111,119,120}"", ""di1d en {1} y di4d en {1-65,111,119,120}"", ""di1e en {1} y di4e en {1-65,111,119,120}"", ""di1f en {1} y di4f en {1-65,111,119,120}"", ""di1f1 en {1} y di4f1 en {1-65,111,119,120}"", ""di1g en {1} y di4g en {1-65,111,119,120}"", ""di1h en {1} y di4h en {1-65,111,119,120}"", ""di1i en {1} y di4i en {1-65,111,119,120}""], ""origen_de_la_condicion"": ""unión de los componentes declarados del agregado""}, {""tipo"": ""grafo_de_variables_derivadas"", ""archivo"": ""encodat_analysis/src/derived_vars.py"", ""indicador"": ""inhalables_alguna_vez"", ""variable_derivada"": ""inh_av"", ""etiqueta_oficial"": ""Inhalables Alguna Vez"", ""syntax_source"": ""reconstruccion_proyecto"", ""bloque"": ""av"", ""regla_de_confirmacion"": ""edad_inicio_valida_recode_oficial"", ""variables_de_origen"": [""di1e"", ""di4e""], ""componentes_declarados"": [], ""condicion_positiva"": [""di1e en {1} y di4e en {1-65,111,119,120}""], ""origen_de_la_condicion"": ""definición de derived_vars para el bloque «av»""}, {""tipo"": ""implicacion_logica"", ""implica"": ""inhalables_alguna_vez"", ""implicado"": ""drogaileg_alguna_vez"", ""alcance"": ""total"", ""demostracion"": [{""condicion_b"": {""di1e"": ""1"", ""di4e"": ""1-65,111,119,120""}, ""condicion_b_con_saltos"": {""di1e"": ""1"", ""di4e"": ""1-65,111,119,120""}, ""condicion_a_garantizada"": {""di1e"": ""1"", ""di4e"": ""1-65,111,119,120""}, ""saltos_usados"": [""di4e<-di1e""]}]}, {""tipo"": ""salto_del_cuestionario_verificado"", ""archivo"": ""encodat_analysis/correlations/evidence/questionnaire_routing.json"", ""saltos"": [{""salto"": ""di4e<-di1e"", ""parent_question"": ""DI1E. uso alguna vez de la sustancia"", ""parent_enabling_codes"": [1], ""counterexamples"": 0}]}]","[""drogaileg_alguna_vez"", ""inhalables_alguna_vez""]","drogaileg_alguna_vez: Coincidencia nacional dentro de la tolerancia interna; falta verificar definición, denominador y celdas publicadas para certificar este indicador. No se declara incorrecto.; inhalables_alguna_vez: Coincidencia nacional dentro de la tolerancia interna; falta verificar definición, denominador y celdas publicadas para certificar este indicador. No se declara incorrecto.",True,True,excluded_from_analysis
drogaileg_alguna_vez|heroina_alguna_vez,drogaileg_alguna_vez,heroina_alguna_vez,Droga ilegal,Heroína,cdi_av,her_av,excluded,agregado_vs_componente,Uno es un agregado que incluye al otro entre sus componentes declarados.,Todo positivo de heroina_alguna_vez es necesariamente un positivo de drogaileg_alguna_vez por construcción.,"[{""tipo"": ""grafo_de_variables_derivadas"", ""archivo"": ""encodat_analysis/src/derived_vars.py"", ""indicador"": ""drogaileg_alguna_vez"", ""variable_derivada"": ""cdi_av"", ""etiqueta_oficial"": ""Prevalencia de cualquier droga ilegal alguna vez"", ""syntax_source"": ""reconstruccion_proyecto"", ""bloque"": ""av"", ""regla_de_confirmacion"": null, ""variables_de_origen"": [""di1a"", ""di1b"", ""di1c"", ""di1d"", ""di1e"", ""di1f"", ""di1f1"", ""di1g"", ""di1h"", ""di1i"", ""di4a"", ""di4b"", ""di4c"", ""di4d"", ""di4e"", ""di4f"", ""di4f1"", ""di4g"", ""di4h"", ""di4i""], ""componentes_declarados"": [""mar_av"", ""coc_av"", ""cra_av"", ""alu_av"", ""inh_av"", ""her_av"", ""fent_av"", ""met_av"", ""otr_av"", ""marsin_av""], ""condicion_positiva"": [""di1a en {1} y di4a en {1-65,111,119,120}"", ""di1b en {1} y di4b en {1-65,111,119,120}"", ""di1c en {1} y di4c en {1-65,111,119,120}"", ""di1d en {1} y di4d en {1-65,111,119,120}"", ""di1e en {1} y di4e en {1-65,111,119,120}"", ""di1f en {1} y di4f en {1-65,111,119,120}"", ""di1f1 en {1} y di4f1 en {1-65,111,119,120}"", ""di1g en {1} y di4g en {1-65,111,119,120}"", ""di1h en {1} y di4h en {1-65,111,119,120}"", ""di1i en {1} y di4i en {1-65,111,119,120}""], ""origen_de_la_condicion"": ""unión de los componentes declarados del agregado""}, {""tipo"": ""grafo_de_variables_derivadas"", ""archivo"": ""encodat_analysis/src/derived_vars.py"", ""indicador"": ""heroina_alguna_vez"", ""variable_derivada"": ""her_av"", ""etiqueta_oficial"": ""Heroína Alguna Vez"", ""syntax_source"": ""reconstruccion_proyecto"", ""bloque"": ""av"", ""regla_de_confirmacion"": ""edad_inicio_valida_recode_oficial"", ""variables_de_origen"": [""di1f"", ""di4f""], ""componentes_declarados"": [], ""condicion_positiva"": [""di1f en {1} y di4f en {1-65,111,119,120}""], ""origen_de_la_condicion"": ""definición de derived_vars para el bloque «av»""}, {""tipo"": ""implicacion_logica"", ""implica"": ""heroina_alguna_vez"", ""implicado"": ""drogaileg_alguna_vez"", ""alcance"": ""total"", ""demostracion"": [{""condicion_b"": {""di1f"": ""1"", ""di4f"": ""1-65,111,119,120""}, ""condicion_b_con_saltos"": {""di1f"": ""1"", ""di4f"": ""1-65,111,119,120""}, ""condicion_a_garantizada"": {""di1f"": ""1"", ""di4f"": ""1-65,111,119,120""}, ""saltos_usados"": [""di4f<-di1f""]}]}, {""tipo"": ""salto_del_cuestionario_verificado"", ""archivo"": ""encodat_analysis/correlations/evidence/questionnaire_routing.json"", ""saltos"": [{""salto"": ""di4f<-di1f"", ""parent_question"": ""DI1F. uso alguna vez de la sustancia"", ""parent_enabling_codes"": [1], ""counterexamples"": 0}]}]","[""drogaileg_alguna_vez"", ""heroina_alguna_vez""]","drogaileg_alguna_vez: Coincidencia nacional dentro de la tolerancia interna; falta verificar definición, denominador y celdas publicadas para certificar este indicador. No se declara incorrecto.; heroina_alguna_vez: Coincidencia nacional dentro de la tolerancia interna; falta verificar definición, denominador y celdas publicadas para certificar este indicador. No se declara incorrecto.",True,True,excluded_from_analysis
drogaileg_alguna_vez|fentanilo_alguna_vez,drogaileg_alguna_vez,fentanilo_alguna_vez,Droga ilegal,Fentanilo,cdi_av,fent_av,excluded,agregado_vs_componente,Uno es un agregado que incluye al otro entre sus componentes declarados.,Todo positivo de fentanilo_alguna_vez es necesariamente un positivo de drogaileg_alguna_vez por construcción.,"[{""tipo"": ""grafo_de_variables_derivadas"", ""archivo"": ""encodat_analysis/src/derived_vars.py"", ""indicador"": ""drogaileg_alguna_vez"", ""variable_derivada"": ""cdi_av"", ""etiqueta_oficial"": ""Prevalencia de cualquier droga ilegal alguna vez"", ""syntax_source"": ""reconstruccion_proyecto"", ""bloque"": ""av"", ""regla_de_confirmacion"": null, ""variables_de_origen"": [""di1a"", ""di1b"", ""di1c"", ""di1d"", ""di1e"", ""di1f"", ""di1f1"", ""di1g"", ""di1h"", ""di1i"", ""di4a"", ""di4b"", ""di4c"", ""di4d"", ""di4e"", ""di4f"", ""di4f1"", ""di4g"", ""di4h"", ""di4i""], ""componentes_declarados"": [""mar_av"", ""coc_av"", ""cra_av"", ""alu_av"", ""inh_av"", ""her_av"", ""fent_av"", ""met_av"", ""otr_av"", ""marsin_av""], ""condicion_positiva"": [""di1a en {1} y di4a en {1-65,111,119,120}"", ""di1b en {1} y di4b en {1-65,111,119,120}"", ""di1c en {1} y di4c en {1-65,111,119,120}"", ""di1d en {1} y di4d en {1-65,111,119,120}"", ""di1e en {1} y di4e en {1-65,111,119,120}"", ""di1f en {1} y di4f en {1-65,111,119,120}"", ""di1f1 en {1} y di4f1 en {1-65,111,119,120}"", ""di1g en {1} y di4g en {1-65,111,119,120}"", ""di1h en {1} y di4h en {1-65,111,119,120}"", ""di1i en {1} y di4i en {1-65,111,119,120}""], ""origen_de_la_condicion"": ""unión de los componentes declarados del agregado""}, {""tipo"": ""grafo_de_variables_derivadas"", ""archivo"": ""encodat_analysis/src/derived_vars.py"", ""indicador"": ""fentanilo_alguna_vez"", ""variable_derivada"": ""fent_av"", ""etiqueta_oficial"": ""Fentanilo no médico Alguna Vez"", ""syntax_source"": ""reconstruccion_proyecto"", ""bloque"": ""av"", ""regla_de_confirmacion"": ""edad_inicio_valida_recode_oficial"", ""variables_de_origen"": [""di1f1"", ""di4f1""], ""componentes_declarados"": [], ""condicion_positiva"": [""di1f1 en {1} y di4f1 en {1-65,111,119,120}""], ""origen_de_la_condicion"": ""definición de derived_vars para el bloque «av»""}, {""tipo"": ""implicacion_logica"", ""implica"": ""fentanilo_alguna_vez"", ""implicado"": ""drogaileg_alguna_vez"", ""alcance"": ""total"", ""demostracion"": [{""condicion_b"": {""di1f1"": ""1"", ""di4f1"": ""1-65,111,119,120""}, ""condicion_b_con_saltos"": {""di1f1"": ""1"", ""di4f1"": ""1-65,111,119,120""}, ""condicion_a_garantizada"": {""di1f1"": ""1"", ""di4f1"": ""1-65,111,119,120""}, ""saltos_usados"": [""di4f1<-di1f1""]}]}, {""tipo"": ""salto_del_cuestionario_verificado"", ""archivo"": ""encodat_analysis/correlations/evidence/questionnaire_routing.json"", ""saltos"": [{""salto"": ""di4f1<-di1f1"", ""parent_question"": ""DI1F1. uso alguna vez de la sustancia"", ""parent_enabling_codes"": [1], ""counterexamples"": 0}]}]","[""drogaileg_alguna_vez"", ""fentanilo_alguna_vez""]","drogaileg_alguna_vez: Coincidencia nacional dentro de la tolerancia interna; falta verificar definición, denominador y celdas publicadas para certificar este indicador. No se declara incorrecto.; fentanilo_alguna_vez: Coincidencia nacional dentro de la tolerancia interna; falta verificar definición, denominador y celdas publicadas para certificar este indicador. No se declara incorrecto.",True,True,excluded_from_analysis
ats_alguna_vez|drogaileg_alguna_vez,drogaileg_alguna_vez,ats_alguna_vez,Droga ilegal,Metanfetaminas,cdi_av,met_av,excluded,agregado_vs_componente,Uno es un agregado que incluye al otro entre sus componentes declarados.,Todo positivo de ats_alguna_vez es necesariamente un positivo de drogaileg_alguna_vez por construcción.,"[{""tipo"": ""grafo_de_variables_derivadas"", ""archivo"": ""encodat_analysis/src/derived_vars.py"", ""indicador"": ""drogaileg_alguna_vez"", ""variable_derivada"": ""cdi_av"", ""etiqueta_oficial"": ""Prevalencia de cualquier droga ilegal alguna vez"", ""syntax_source"": ""reconstruccion_proyecto"", ""bloque"": ""av"", ""regla_de_confirmacion"": null, ""variables_de_origen"": [""di1a"", ""di1b"", ""di1c"", ""di1d"", ""di1e"", ""di1f"", ""di1f1"", ""di1g"", ""di1h"", ""di1i"", ""di4a"", ""di4b"", ""di4c"", ""di4d"", ""di4e"", ""di4f"", ""di4f1"", ""di4g"", ""di4h"", ""di4i""], ""componentes_declarados"": [""mar_av"", ""coc_av"", ""cra_av"", ""alu_av"", ""inh_av"", ""her_av"", ""fent_av"", ""met_av"", ""otr_av"", ""marsin_av""], ""condicion_positiva"": [""di1a en {1} y di4a en {1-65,111,119,120}"", ""di1b en {1} y di4b en {1-65,111,119,120}"", ""di1c en {1} y di4c en {1-65,111,119,120}"", ""di1d en {1} y di4d en {1-65,111,119,120}"", ""di1e en {1} y di4e en {1-65,111,119,120}"", ""di1f en {1} y di4f en {1-65,111,119,120}"", ""di1f1 en {1} y di4f1 en {1-65,111,119,120}"", ""di1g en {1} y di4g en {1-65,111,119,120}"", ""di1h en {1} y di4h en {1-65,111,119,120}"", ""di1i en {1} y di4i en {1-65,111,119,120}""], ""origen_de_la_condicion"": ""unión de los componentes declarados del agregado""}, {""tipo"": ""grafo_de_variables_derivadas"", ""archivo"": ""encodat_analysis/src/derived_vars.py"", ""indicador"": ""ats_alguna_vez"", ""variable_derivada"": ""met_av"", ""etiqueta_oficial"": ""Estimulantes tipo anfetamínico Alguna Vez"", ""syntax_source"": ""reconstruccion_proyecto"", ""bloque"": ""av"", ""regla_de_confirmacion"": ""edad_inicio_valida_recode_oficial"", ""variables_de_origen"": [""di1g"", ""di4g""], ""componentes_declarados"": [], ""condicion_positiva"": [""di1g en {1} y di4g en {1-65,111,119,120}""], ""origen_de_la_condicion"": ""definición de derived_vars para el bloque «av»""}, {""tipo"": ""implicacion_logica"", ""implica"": ""ats_alguna_vez"", ""implicado"": ""drogaileg_alguna_vez"", ""alcance"": ""total"", ""demostracion"": [{""condicion_b"": {""di1g"": ""1"", ""di4g"": ""1-65,111,119,120""}, ""condicion_b_con_saltos"": {""di1g"": ""1"", ""di4g"": ""1-65,111,119,120""}, ""condicion_a_garantizada"": {""di1g"": ""1"", ""di4g"": ""1-65,111,119,120""}, ""saltos_usados"": [""di4g<-di1g""]}]}, {""tipo"": ""salto_del_cuestionario_verificado"", ""archivo"": ""encodat_analysis/correlations/evidence/questionnaire_routing.json"", ""saltos"": [{""salto"": ""di4g<-di1g"", ""parent_question"": ""DI1G. uso alguna vez de la sustancia"", ""parent_enabling_codes"": [1], ""counterexamples"": 0}]}]","[""drogaileg_alguna_vez"", ""ats_alguna_vez""]","drogaileg_alguna_vez: Coincidencia nacional dentro de la tolerancia interna; falta verificar definición, denominador y celdas publicadas para certificar este indicador. No se declara incorrecto.; ats_alguna_vez: Coincidencia nacional dentro de la tolerancia interna; falta verificar definición, denominador y celdas publicadas para certificar este indicador. No se declara incorrecto.",True,True,excluded_from_analysis
drogaileg_alguna_vez|otras_ileg_alguna_vez,drogaileg_alguna_vez,otras_ileg_alguna_vez,Droga ilegal,Otras ilegales,cdi_av,drog_ile_av2,excluded,agregado_vs_componente,Uno es un agregado que incluye al otro entre sus componentes declarados.,Todo positivo de otras_ileg_alguna_vez es necesariamente un positivo de drogaileg_alguna_vez por construcción.,"[{""tipo"": ""grafo_de_variables_derivadas"", ""archivo"": ""encodat_analysis/src/derived_vars.py"", ""indicador"": ""drogaileg_alguna_vez"", ""variable_derivada"": ""cdi_av"", ""etiqueta_oficial"": ""Prevalencia de cualquier droga ilegal alguna vez"", ""syntax_source"": ""reconstruccion_proyecto"", ""bloque"": ""av"", ""regla_de_confirmacion"": null, ""variables_de_origen"": [""di1a"", ""di1b"", ""di1c"", ""di1d"", ""di1e"", ""di1f"", ""di1f1"", ""di1g"", ""di1h"", ""di1i"", ""di4a"", ""di4b"", ""di4c"", ""di4d"", ""di4e"", ""di4f"", ""di4f1"", ""di4g"", ""di4h"", ""di4i""], ""componentes_declarados"": [""mar_av"", ""coc_av"", ""cra_av"", ""alu_av"", ""inh_av"", ""her_av"", ""fent_av"", ""met_av"", ""otr_av"", ""marsin_av""], ""condicion_positiva"": [""di1a en {1} y di4a en {1-65,111,119,120}"", ""di1b en {1} y di4b en {1-65,111,119,120}"", ""di1c en {1} y di4c en {1-65,111,119,120}"", ""di1d en {1} y di4d en {1-65,111,119,120}"", ""di1e en {1} y di4e en {1-65,111,119,120}"", ""di1f en {1} y di4f en {1-65,111,119,120}"", ""di1f1 en {1} y di4f1 en {1-65,111,119,120}"", ""di1g en {1} y di4g en {1-65,111,119,120}"", ""di1h en {1} y di4h en {1-65,111,119,120}"", ""di1i en {1} y di4i en {1-65,111,119,120}""], ""origen_de_la_condicion"": ""unión de los componentes declarados del agregado""}, {""tipo"": ""grafo_de_variables_derivadas"", ""archivo"": ""encodat_analysis/src/derived_vars.py"", ""indicador"": ""otras_ileg_alguna_vez"", ""variable_derivada"": ""drog_ile_av2"", ""etiqueta_oficial"": ""Consumo de drogas alguna vez sin mariguana, cocaína+ ni metanfetaminas"", ""syntax_source"": ""oficial"", ""bloque"": ""av"", ""regla_de_confirmacion"": null, ""variables_de_origen"": [""di1d"", ""di1e"", ""di1f"", ""di1f1"", ""di1h"", ""di1i"", ""di4d"", ""di4e"", ""di4f"", ""di4f1"", ""di4h"", ""di4i""], ""componentes_declarados"": [""alu_av"", ""inh_av"", ""her_av"", ""fent_av"", ""otr_av"", ""marsin_av""], ""condicion_positiva"": [""di1d en {1} y di4d en {1-65,111,119,120}"", ""di1e en {1} y di4e en {1-65,111,119,120}"", ""di1f en {1} y di4f en {1-65,111,119,120}"", ""di1f1 en {1} y di4f1 en {1-65,111,119,120}"", ""di1h en {1} y di4h en {1-65,111,119,120}"", ""di1i en {1} y di4i en {1-65,111,119,120}""], ""origen_de_la_condicion"": ""unión de los componentes declarados del agregado""}, {""tipo"": ""implicacion_logica"", ""implica"": ""otras_ileg_alguna_vez"", ""implicado"": ""drogaileg_alguna_vez"", ""alcance"": ""total"", ""demostracion"": [{""condicion_b"": {""di1d"": ""1"", ""di4d"": ""1-65,111,119,120""}, ""condicion_b_con_saltos"": {""di1d"": ""1"", ""di4d"": ""1-65,111,119,120""}, ""condicion_a_garantizada"": {""di1d"": ""1"", ""di4d"": ""1-65,111,119,120""}, ""saltos_usados"": [""di4d<-di1d""]}, {""condicion_b"": {""di1e"": ""1"", ""di4e"": ""1-65,111,119,120""}, ""condicion_b_con_saltos"": {""di1e"": ""1"", ""di4e"": ""1-65,111,119,120""}, ""condicion_a_garantizada"": {""di1e"": ""1"", ""di4e"": ""1-65,111,119,120""}, ""saltos_usados"": [""di4e<-di1e""]}, {""condicion_b"": {""di1f"": ""1"", ""di4f"": ""1-65,111,119,120""}, ""condicion_b_con_saltos"": {""di1f"": ""1"", ""di4f"": ""1-65,111,119,120""}, ""condicion_a_garantizada"": {""di1f"": ""1"", ""di4f"": ""1-65,111,119,120""}, ""saltos_usados"": [""di4f<-di1f""]}, {""condicion_b"": {""di1f1"": ""1"", ""di4f1"": ""1-65,111,119,120""}, ""condicion_b_con_saltos"": {""di1f1"": ""1"", ""di4f1"": ""1-65,111,119,120""}, ""condicion_a_garantizada"": {""di1f1"": ""1"", ""di4f1"": ""1-65,111,119,120""}, ""saltos_usados"": [""di4f1<-di1f1""]}, {""condicion_b"": {""di1h"": ""1"", ""di4h"": ""1-65,111,119,120""}, ""condicion_b_con_saltos"": {""di1h"": ""1"", ""di4h"": ""1-65,111,119,120""}, ""condicion_a_garantizada"": {""di1h"": ""1"", ""di4h"": ""1-65,111,119,120""}, ""saltos_usados"": [""di4h<-di1h""]}, {""condicion_b"": {""di1i"": ""1"", ""di4i"": ""1-65,111,119,120""}, ""condicion_b_con_saltos"": {""di1i"": ""1"", ""di4i"": ""1-65,111,119,120""}, ""condicion_a_garantizada"": {""di1i"": ""1"", ""di4i"": ""1-65,111,119,120""}, ""saltos_usados"": [""di4i<-di1i""]}]}, {""tipo"": ""salto_del_cuestionario_verificado"", ""archivo"": ""encodat_analysis/correlations/evidence/questionnaire_routing.json"", ""saltos"": [{""salto"": ""di4d<-di1d"", ""parent_question"": ""DI1D. uso alguna vez de la sustancia"", ""parent_enabling_codes"": [1], ""counterexamples"": 0}, {""salto"": ""di4e<-di1e"", ""parent_question"": ""DI1E. uso alguna vez de la sustancia"", ""parent_enabling_codes"": [1], ""counterexamples"": 0}, {""salto"": ""di4f1<-di1f1"", ""parent_question"": ""DI1F1. uso alguna vez de la sustancia"", ""parent_enabling_codes"": [1], ""counterexamples"": 0}, {""salto"": ""di4f<-di1f"", ""parent_question"": ""DI1F. uso alguna vez de la sustancia"", ""parent_enabling_codes"": [1], ""counterexamples"": 0}, {""salto"": ""di4h<-di1h"", ""parent_question"": ""DI1H. uso alguna vez de la sustancia"", ""parent_enabling_codes"": [1], ""counterexamples"": 0}, {""salto"": ""di4i<-di1i"", ""parent_question"": ""DI1I. uso alguna vez de la sustancia"", ""parent_enabling_codes"": [1], ""counterexamples"": 0}]}]","[""drogaileg_alguna_vez"", ""otras_ileg_alguna_vez""]","drogaileg_alguna_vez: Coincidencia nacional dentro de la tolerancia interna; falta verificar definición, denominador y celdas publicadas para certificar este indicador. No se declara incorrecto.; otras_ileg_alguna_vez: Coincidencia nacional dentro de la tolerancia interna; falta verificar definición, denominador y celdas publicadas para certificar este indicador. No se declara incorrecto.",True,True,excluded_from_analysis
cocaina_alguna_vez|crack_alguna_vez,cocaina_alguna_vez,crack_alguna_vez,Cocaína,Crack,coc2_av,cra_av,excluded,agregado_vs_componente,Uno es un agregado que incluye al otro entre sus componentes declarados.,Todo positivo de crack_alguna_vez es necesariamente un positivo de cocaina_alguna_vez por construcción.,"[{""tipo"": ""grafo_de_variables_derivadas"", ""archivo"": ""encodat_analysis/src/derived_vars.py"", ""indicador"": ""cocaina_alguna_vez"", ""variable_derivada"": ""coc2_av"", ""etiqueta_oficial"": ""Cocaína completa Alguna Vez"", ""syntax_source"": ""reconstruccion_proyecto"", ""bloque"": ""av"", ""regla_de_confirmacion"": null, ""variables_de_origen"": [""di1b"", ""di1c"", ""di4b"", ""di4c""], ""componentes_declarados"": [""coc_av"", ""cra_av""], ""condicion_positiva"": [""di1b en {1} y di4b en {1-65,111,119,120}"", ""di1c en {1} y di4c en {1-65,111,119,120}""], ""origen_de_la_condicion"": ""unión de los componentes declarados del agregado""}, {""tipo"": ""grafo_de_variables_derivadas"", ""archivo"": ""encodat_analysis/src/derived_vars.py"", ""indicador"": ""crack_alguna_vez"", ""variable_derivada"": ""cra_av"", ""etiqueta_oficial"": ""Crack Alguna Vez"", ""syntax_source"": ""reconstruccion_proyecto"", ""bloque"": ""av"", ""regla_de_confirmacion"": ""edad_inicio_valida_recode_oficial"", ""variables_de_origen"": [""di1c"", ""di4c""], ""componentes_declarados"": [], ""condicion_positiva"": [""di1c en {1} y di4c en {1-65,111,119,120}""], ""origen_de_la_condicion"": ""definición de derived_vars para el bloque «av»""}, {""tipo"": ""implicacion_logica"", ""implica"": ""crack_alguna_vez"", ""implicado"": ""cocaina_alguna_vez"", ""alcance"": ""total"", ""demostracion"": [{""condicion_b"": {""di1c"": ""1"", ""di4c"": ""1-65,111,119,120""}, ""condicion_b_con_saltos"": {""di1c"": ""1"", ""di4c"": ""1-65,111,119,120""}, ""condicion_a_garantizada"": {""di1c"": ""1"", ""di4c"": ""1-65,111,119,120""}, ""saltos_usados"": [""di4c<-di1c""]}]}, {""tipo"": ""salto_del_cuestionario_verificado"", ""archivo"": ""encodat_analysis/correlations/evidence/questionnaire_routing.json"", ""saltos"": [{""salto"": ""di4c<-di1c"", ""parent_question"": ""DI1C. uso alguna vez de la sustancia"", ""parent_enabling_codes"": [1], ""counterexamples"": 0}]}]","[""cocaina_alguna_vez"", ""crack_alguna_vez""]","cocaina_alguna_vez: Coincidencia nacional dentro de la tolerancia interna; falta verificar definición, denominador y celdas publicadas para certificar este indicador. No se declara incorrecto.; crack_alguna_vez: Coincidencia nacional dentro de la tolerancia interna; falta verificar definición, denominador y celdas publicadas para certificar este indicador. No se declara incorrecto.",True,True,excluded_from_analysis
aluc_alguna_vez|otras_ileg_alguna_vez,aluc_alguna_vez,otras_ileg_alguna_vez,Alucinógenos,Otras ilegales,alu_av,drog_ile_av2,excluded,agregado_vs_componente,Uno es un agregado que incluye al otro entre sus componentes declarados.,Todo positivo de aluc_alguna_vez es necesariamente un positivo de otras_ileg_alguna_vez por construcción.,"[{""tipo"": ""grafo_de_variables_derivadas"", ""archivo"": ""encodat_analysis/src/derived_vars.py"", ""indicador"": ""aluc_alguna_vez"", ""variable_derivada"": ""alu_av"", ""etiqueta_oficial"": ""Alucinógenos Alguna Vez"", ""syntax_source"": ""reconstruccion_proyecto"", ""bloque"": ""av"", ""regla_de_confirmacion"": ""edad_inicio_valida_recode_oficial"", ""variables_de_origen"": [""di1d"", ""di4d""], ""componentes_declarados"": [], ""condicion_positiva"": [""di1d en {1} y di4d en {1-65,111,119,120}""], ""origen_de_la_condicion"": ""definición de derived_vars para el bloque «av»""}, {""tipo"": ""grafo_de_variables_derivadas"", ""archivo"": ""encodat_analysis/src/derived_vars.py"", ""indicador"": ""otras_ileg_alguna_vez"", ""variable_derivada"": ""drog_ile_av2"", ""etiqueta_oficial"": ""Consumo de drogas alguna vez sin mariguana, cocaína+ ni metanfetaminas"", ""syntax_source"": ""oficial"", ""bloque"": ""av"", ""regla_de_confirmacion"": null, ""variables_de_origen"": [""di1d"", ""di1e"", ""di1f"", ""di1f1"", ""di1h"", ""di1i"", ""di4d"", ""di4e"", ""di4f"", ""di4f1"", ""di4h"", ""di4i""], ""componentes_declarados"": [""alu_av"", ""inh_av"", ""her_av"", ""fent_av"", ""otr_av"", ""marsin_av""], ""condicion_positiva"": [""di1d en {1} y di4d en {1-65,111,119,120}"", ""di1e en {1} y di4e en {1-65,111,119,120}"", ""di1f en {1} y di4f en {1-65,111,119,120}"", ""di1f1 en {1} y di4f1 en {1-65,111,119,120}"", ""di1h en {1} y di4h en {1-65,111,119,120}"", ""di1i en {1} y di4i en {1-65,111,119,120}""], ""origen_de_la_condicion"": ""unión de los componentes declarados del agregado""}, {""tipo"": ""implicacion_logica"", ""implica"": ""aluc_alguna_vez"", ""implicado"": ""otras_ileg_alguna_vez"", ""alcance"": ""total"", ""demostracion"": [{""condicion_b"": {""di1d"": ""1"", ""di4d"": ""1-65,111,119,120""}, ""condicion_b_con_saltos"": {""di1d"": ""1"", ""di4d"": ""1-65,111,119,120""}, ""condicion_a_garantizada"": {""di1d"": ""1"", ""di4d"": ""1-65,111,119,120""}, ""saltos_usados"": [""di4d<-di1d""]}]}, {""tipo"": ""salto_del_cuestionario_verificado"", ""archivo"": ""encodat_analysis/correlations/evidence/questionnaire_routing.json"", ""saltos"": [{""salto"": ""di4d<-di1d"", ""parent_question"": ""DI1D. uso alguna vez de la sustancia"", ""parent_enabling_codes"": [1], ""counterexamples"": 0}]}]","[""aluc_alguna_vez"", ""otras_ileg_alguna_vez""]","aluc_alguna_vez: Coincidencia nacional dentro de la tolerancia interna; falta verificar definición, denominador y celdas publicadas para certificar este indicador. No se declara incorrecto.; otras_ileg_alguna_vez: Coincidencia nacional dentro de la tolerancia interna; falta verificar definición, denominador y celdas publicadas para certificar este indicador. No se declara incorrecto.",True,True,excluded_from_analysis
inhalables_alguna_vez|otras_ileg_alguna_vez,inhalables_alguna_vez,otras_ileg_alguna_vez,Inhalables,Otras ilegales,inh_av,drog_ile_av2,excluded,agregado_vs_componente,Uno es un agregado que incluye al otro entre sus componentes declarados.,Todo positivo de inhalables_alguna_vez es necesariamente un positivo de otras_ileg_alguna_vez por construcción.,"[{""tipo"": ""grafo_de_variables_derivadas"", ""archivo"": ""encodat_analysis/src/derived_vars.py"", ""indicador"": ""inhalables_alguna_vez"", ""variable_derivada"": ""inh_av"", ""etiqueta_oficial"": ""Inhalables Alguna Vez"", ""syntax_source"": ""reconstruccion_proyecto"", ""bloque"": ""av"", ""regla_de_confirmacion"": ""edad_inicio_valida_recode_oficial"", ""variables_de_origen"": [""di1e"", ""di4e""], ""componentes_declarados"": [], ""condicion_positiva"": [""di1e en {1} y di4e en {1-65,111,119,120}""], ""origen_de_la_condicion"": ""definición de derived_vars para el bloque «av»""}, {""tipo"": ""grafo_de_variables_derivadas"", ""archivo"": ""encodat_analysis/src/derived_vars.py"", ""indicador"": ""otras_ileg_alguna_vez"", ""variable_derivada"": ""drog_ile_av2"", ""etiqueta_oficial"": ""Consumo de drogas alguna vez sin mariguana, cocaína+ ni metanfetaminas"", ""syntax_source"": ""oficial"", ""bloque"": ""av"", ""regla_de_confirmacion"": null, ""variables_de_origen"": [""di1d"", ""di1e"", ""di1f"", ""di1f1"", ""di1h"", ""di1i"", ""di4d"", ""di4e"", ""di4f"", ""di4f1"", ""di4h"", ""di4i""], ""componentes_declarados"": [""alu_av"", ""inh_av"", ""her_av"", ""fent_av"", ""otr_av"", ""marsin_av""], ""condicion_positiva"": [""di1d en {1} y di4d en {1-65,111,119,120}"", ""di1e en {1} y di4e en {1-65,111,119,120}"", ""di1f en {1} y di4f en {1-65,111,119,120}"", ""di1f1 en {1} y di4f1 en {1-65,111,119,120}"", ""di1h en {1} y di4h en {1-65,111,119,120}"", ""di1i en {1} y di4i en {1-65,111,119,120}""], ""origen_de_la_condicion"": ""unión de los componentes declarados del agregado""}, {""tipo"": ""implicacion_logica"", ""implica"": ""inhalables_alguna_vez"", ""implicado"": ""otras_ileg_alguna_vez"", ""alcance"": ""total"", ""demostracion"": [{""condicion_b"": {""di1e"": ""1"", ""di4e"": ""1-65,111,119,120""}, ""condicion_b_con_saltos"": {""di1e"": ""1"", ""di4e"": ""1-65,111,119,120""}, ""condicion_a_garantizada"": {""di1e"": ""1"", ""di4e"": ""1-65,111,119,120""}, ""saltos_usados"": [""di4e<-di1e""]}]}, {""tipo"": ""salto_del_cuestionario_verificado"", ""archivo"": ""encodat_analysis/correlations/evidence/questionnaire_routing.json"", ""saltos"": [{""salto"": ""di4e<-di1e"", ""parent_question"": ""DI1E. uso alguna vez de la sustancia"", ""parent_enabling_codes"": [1], ""counterexamples"": 0}]}]","[""inhalables_alguna_vez"", ""otras_ileg_alguna_vez""]","inhalables_alguna_vez: Coincidencia nacional dentro de la tolerancia interna; falta verificar definición, denominador y celdas publicadas para certificar este indicador. No se declara incorrecto.; otras_ileg_alguna_vez: Coincidencia nacional dentro de la tolerancia interna; falta verificar definición, denominador y celdas publicadas para certificar este indicador. No se declara incorrecto.",True,True,excluded_from_analysis
heroina_alguna_vez|otras_ileg_alguna_vez,heroina_alguna_vez,otras_ileg_alguna_vez,Heroína,Otras ilegales,her_av,drog_ile_av2,excluded,agregado_vs_componente,Uno es un agregado que incluye al otro entre sus componentes declarados.,Todo positivo de heroina_alguna_vez es necesariamente un positivo de otras_ileg_alguna_vez por construcción.,"[{""tipo"": ""grafo_de_variables_derivadas"", ""archivo"": ""encodat_analysis/src/derived_vars.py"", ""indicador"": ""heroina_alguna_vez"", ""variable_derivada"": ""her_av"", ""etiqueta_oficial"": ""Heroína Alguna Vez"", ""syntax_source"": ""reconstruccion_proyecto"", ""bloque"": ""av"", ""regla_de_confirmacion"": ""edad_inicio_valida_recode_oficial"", ""variables_de_origen"": [""di1f"", ""di4f""], ""componentes_declarados"": [], ""condicion_positiva"": [""di1f en {1} y di4f en {1-65,111,119,120}""], ""origen_de_la_condicion"": ""definición de derived_vars para el bloque «av»""}, {""tipo"": ""grafo_de_variables_derivadas"", ""archivo"": ""encodat_analysis/src/derived_vars.py"", ""indicador"": ""otras_ileg_alguna_vez"", ""variable_derivada"": ""drog_ile_av2"", ""etiqueta_oficial"": ""Consumo de drogas alguna vez sin mariguana, cocaína+ ni metanfetaminas"", ""syntax_source"": ""oficial"", ""bloque"": ""av"", ""regla_de_confirmacion"": null, ""variables_de_origen"": [""di1d"", ""di1e"", ""di1f"", ""di1f1"", ""di1h"", ""di1i"", ""di4d"", ""di4e"", ""di4f"", ""di4f1"", ""di4h"", ""di4i""], ""componentes_declarados"": [""alu_av"", ""inh_av"", ""her_av"", ""fent_av"", ""otr_av"", ""marsin_av""], ""condicion_positiva"": [""di1d en {1} y di4d en {1-65,111,119,120}"", ""di1e en {1} y di4e en {1-65,111,119,120}"", ""di1f en {1} y di4f en {1-65,111,119,120}"", ""di1f1 en {1} y di4f1 en {1-65,111,119,120}"", ""di1h en {1} y di4h en {1-65,111,119,120}"", ""di1i en {1} y di4i en {1-65,111,119,120}""], ""origen_de_la_condicion"": ""unión de los componentes declarados del agregado""}, {""tipo"": ""implicacion_logica"", ""implica"": ""heroina_alguna_vez"", ""implicado"": ""otras_ileg_alguna_vez"", ""alcance"": ""total"", ""demostracion"": [{""condicion_b"": {""di1f"": ""1"", ""di4f"": ""1-65,111,119,120""}, ""condicion_b_con_saltos"": {""di1f"": ""1"", ""di4f"": ""1-65,111,119,120""}, ""condicion_a_garantizada"": {""di1f"": ""1"", ""di4f"": ""1-65,111,119,120""}, ""saltos_usados"": [""di4f<-di1f""]}]}, {""tipo"": ""salto_del_cuestionario_verificado"", ""archivo"": ""encodat_analysis/correlations/evidence/questionnaire_routing.json"", ""saltos"": [{""salto"": ""di4f<-di1f"", ""parent_question"": ""DI1F. uso alguna vez de la sustancia"", ""parent_enabling_codes"": [1], ""counterexamples"": 0}]}]","[""heroina_alguna_vez"", ""otras_ileg_alguna_vez""]","heroina_alguna_vez: Coincidencia nacional dentro de la tolerancia interna; falta verificar definición, denominador y celdas publicadas para certificar este indicador. No se declara incorrecto.; otras_ileg_alguna_vez: Coincidencia nacional dentro de la tolerancia interna; falta verificar definición, denominador y celdas publicadas para certificar este indicador. No se declara incorrecto.",True,True,excluded_from_analysis
fentanilo_alguna_vez|otras_ileg_alguna_vez,fentanilo_alguna_vez,otras_ileg_alguna_vez,Fentanilo,Otras ilegales,fent_av,drog_ile_av2,excluded,agregado_vs_componente,Uno es un agregado que incluye al otro entre sus componentes declarados.,Todo positivo de fentanilo_alguna_vez es necesariamente un positivo de otras_ileg_alguna_vez por construcción.,"[{""tipo"": ""grafo_de_variables_derivadas"", ""archivo"": ""encodat_analysis/src/derived_vars.py"", ""indicador"": ""fentanilo_alguna_vez"", ""variable_derivada"": ""fent_av"", ""etiqueta_oficial"": ""Fentanilo no médico Alguna Vez"", ""syntax_source"": ""reconstruccion_proyecto"", ""bloque"": ""av"", ""regla_de_confirmacion"": ""edad_inicio_valida_recode_oficial"", ""variables_de_origen"": [""di1f1"", ""di4f1""], ""componentes_declarados"": [], ""condicion_positiva"": [""di1f1 en {1} y di4f1 en {1-65,111,119,120}""], ""origen_de_la_condicion"": ""definición de derived_vars para el bloque «av»""}, {""tipo"": ""grafo_de_variables_derivadas"", ""archivo"": ""encodat_analysis/src/derived_vars.py"", ""indicador"": ""otras_ileg_alguna_vez"", ""variable_derivada"": ""drog_ile_av2"", ""etiqueta_oficial"": ""Consumo de drogas alguna vez sin mariguana, cocaína+ ni metanfetaminas"", ""syntax_source"": ""oficial"", ""bloque"": ""av"", ""regla_de_confirmacion"": null, ""variables_de_origen"": [""di1d"", ""di1e"", ""di1f"", ""di1f1"", ""di1h"", ""di1i"", ""di4d"", ""di4e"", ""di4f"", ""di4f1"", ""di4h"", ""di4i""], ""componentes_declarados"": [""alu_av"", ""inh_av"", ""her_av"", ""fent_av"", ""otr_av"", ""marsin_av""], ""condicion_positiva"": [""di1d en {1} y di4d en {1-65,111,119,120}"", ""di1e en {1} y di4e en {1-65,111,119,120}"", ""di1f en {1} y di4f en {1-65,111,119,120}"", ""di1f1 en {1} y di4f1 en {1-65,111,119,120}"", ""di1h en {1} y di4h en {1-65,111,119,120}"", ""di1i en {1} y di4i en {1-65,111,119,120}""], ""origen_de_la_condicion"": ""unión de los componentes declarados del agregado""}, {""tipo"": ""implicacion_logica"", ""implica"": ""fentanilo_alguna_vez"", ""implicado"": ""otras_ileg_alguna_vez"", ""alcance"": ""total"", ""demostracion"": [{""condicion_b"": {""di1f1"": ""1"", ""di4f1"": ""1-65,111,119,120""}, ""condicion_b_con_saltos"": {""di1f1"": ""1"", ""di4f1"": ""1-65,111,119,120""}, ""condicion_a_garantizada"": {""di1f1"": ""1"", ""di4f1"": ""1-65,111,119,120""}, ""saltos_usados"": [""di4f1<-di1f1""]}]}, {""tipo"": ""salto_del_cuestionario_verificado"", ""archivo"": ""encodat_analysis/correlations/evidence/questionnaire_routing.json"", ""saltos"": [{""salto"": ""di4f1<-di1f1"", ""parent_question"": ""DI1F1. uso alguna vez de la sustancia"", ""parent_enabling_codes"": [1], ""counterexamples"": 0}]}]","[""fentanilo_alguna_vez"", ""otras_ileg_alguna_vez""]","fentanilo_alguna_vez: Coincidencia nacional dentro de la tolerancia interna; falta verificar definición, denominador y celdas publicadas para certificar este indicador. No se declara incorrecto.; otras_ileg_alguna_vez: Coincidencia nacional dentro de la tolerancia interna; falta verificar definición, denominador y celdas publicadas para certificar este indicador. No se declara incorrecto.",True,True,excluded_from_analysis
drogamedica_alguna_vez|opioides_alguna_vez,drogamedica_alguna_vez,opioides_alguna_vez,Droga médica,Opioides,cdm_av,opi_av,excluded,agregado_vs_componente,Uno es un agregado que incluye al otro entre sus componentes declarados.,Todo positivo de opioides_alguna_vez es necesariamente un positivo de drogamedica_alguna_vez por construcción.,"[{""tipo"": ""grafo_de_variables_derivadas"", ""archivo"": ""encodat_analysis/src/derived_vars.py"", ""indicador"": ""drogamedica_alguna_vez"", ""variable_derivada"": ""cdm_av"", ""etiqueta_oficial"": ""Prevalencia de cualquier droga médica alguna vez"", ""syntax_source"": ""reconstruccion_proyecto"", ""bloque"": ""av"", ""regla_de_confirmacion"": null, ""variables_de_origen"": [""dm1a"", ""dm1b"", ""dm1c"", ""dm1d"", ""dm3a1"", ""dm3b1"", ""dm3c1"", ""dm3d1""], ""componentes_declarados"": [""opi_av"", ""tra_av"", ""sed_av"", ""anf_av""], ""condicion_positiva"": [""dm1a en {1} y dm3a1 en {1}"", ""dm1b en {1} y dm3b1 en {1}"", ""dm1c en {1} y dm3c1 en {1}"", ""dm1d en {1} y dm3d1 en {1}""], ""origen_de_la_condicion"": ""unión de los componentes declarados del agregado""}, {""tipo"": ""grafo_de_variables_derivadas"", ""archivo"": ""encodat_analysis/src/derived_vars.py"", ""indicador"": ""opioides_alguna_vez"", ""variable_derivada"": ""opi_av"", ""etiqueta_oficial"": ""Opioides Alguna Vez"", ""syntax_source"": ""reconstruccion_proyecto"", ""bloque"": ""av"", ""regla_de_confirmacion"": null, ""variables_de_origen"": [""dm1a"", ""dm3a1""], ""componentes_declarados"": [], ""condicion_positiva"": [""dm1a en {1} y dm3a1 en {1}""], ""origen_de_la_condicion"": ""definición de derived_vars para el bloque «av»""}, {""tipo"": ""implicacion_logica"", ""implica"": ""opioides_alguna_vez"", ""implicado"": ""drogamedica_alguna_vez"", ""alcance"": ""total"", ""demostracion"": [{""condicion_b"": {""dm1a"": ""1"", ""dm3a1"": ""1""}, ""condicion_b_con_saltos"": {""dm1a"": ""1"", ""dm3a1"": ""1""}, ""condicion_a_garantizada"": {""dm1a"": ""1"", ""dm3a1"": ""1""}, ""saltos_usados"": [""dm3a1<-dm1a""]}]}, {""tipo"": ""salto_del_cuestionario_verificado"", ""archivo"": ""encodat_analysis/correlations/evidence/questionnaire_routing.json"", ""saltos"": [{""salto"": ""dm3a1<-dm1a"", ""parent_question"": ""DM1A. uso alguna vez de la sustancia"", ""parent_enabling_codes"": [1], ""counterexamples"": 0}]}]","[""drogamedica_alguna_vez"", ""opioides_alguna_vez""]",drogamedica_alguna_vez: Diferencia con el objetivo nacional registrada por el propio análisis; falta resolver derivación y reproducir fuente antes de exponer resultados como validados.; opioides_alguna_vez: Diferencia con el objetivo nacional registrada por el propio análisis; falta resolver derivación y reproducir fuente antes de exponer resultados como validados.,True,True,excluded_from_analysis
drogamedica_alguna_vez|tranq_alguna_vez,drogamedica_alguna_vez,tranq_alguna_vez,Droga médica,Tranquilizantes,cdm_av,tra_av,excluded,agregado_vs_componente,Uno es un agregado que incluye al otro entre sus componentes declarados.,Todo positivo de tranq_alguna_vez es necesariamente un positivo de drogamedica_alguna_vez por construcción.,"[{""tipo"": ""grafo_de_variables_derivadas"", ""archivo"": ""encodat_analysis/src/derived_vars.py"", ""indicador"": ""drogamedica_alguna_vez"", ""variable_derivada"": ""cdm_av"", ""etiqueta_oficial"": ""Prevalencia de cualquier droga médica alguna vez"", ""syntax_source"": ""reconstruccion_proyecto"", ""bloque"": ""av"", ""regla_de_confirmacion"": null, ""variables_de_origen"": [""dm1a"", ""dm1b"", ""dm1c"", ""dm1d"", ""dm3a1"", ""dm3b1"", ""dm3c1"", ""dm3d1""], ""componentes_declarados"": [""opi_av"", ""tra_av"", ""sed_av"", ""anf_av""], ""condicion_positiva"": [""dm1a en {1} y dm3a1 en {1}"", ""dm1b en {1} y dm3b1 en {1}"", ""dm1c en {1} y dm3c1 en {1}"", ""dm1d en {1} y dm3d1 en {1}""], ""origen_de_la_condicion"": ""unión de los componentes declarados del agregado""}, {""tipo"": ""grafo_de_variables_derivadas"", ""archivo"": ""encodat_analysis/src/derived_vars.py"", ""indicador"": ""tranq_alguna_vez"", ""variable_derivada"": ""tra_av"", ""etiqueta_oficial"": ""Tranquilizantes Alguna Vez"", ""syntax_source"": ""reconstruccion_proyecto"", ""bloque"": ""av"", ""regla_de_confirmacion"": null, ""variables_de_origen"": [""dm1b"", ""dm3b1""], ""componentes_declarados"": [], ""condicion_positiva"": [""dm1b en {1} y dm3b1 en {1}""], ""origen_de_la_condicion"": ""definición de derived_vars para el bloque «av»""}, {""tipo"": ""implicacion_logica"", ""implica"": ""tranq_alguna_vez"", ""implicado"": ""drogamedica_alguna_vez"", ""alcance"": ""total"", ""demostracion"": [{""condicion_b"": {""dm1b"": ""1"", ""dm3b1"": ""1""}, ""condicion_b_con_saltos"": {""dm1b"": ""1"", ""dm3b1"": ""1""}, ""condicion_a_garantizada"": {""dm1b"": ""1"", ""dm3b1"": ""1""}, ""saltos_usados"": [""dm3b1<-dm1b""]}]}, {""tipo"": ""salto_del_cuestionario_verificado"", ""archivo"": ""encodat_analysis/correlations/evidence/questionnaire_routing.json"", ""saltos"": [{""salto"": ""dm3b1<-dm1b"", ""parent_question"": ""DM1B. uso alguna vez de la sustancia"", ""parent_enabling_codes"": [1], ""counterexamples"": 0}]}]","[""drogamedica_alguna_vez"", ""tranq_alguna_vez""]","drogamedica_alguna_vez: Diferencia con el objetivo nacional registrada por el propio análisis; falta resolver derivación y reproducir fuente antes de exponer resultados como validados.; tranq_alguna_vez: Coincidencia nacional dentro de la tolerancia interna; falta verificar definición, denominador y celdas publicadas para certificar este indicador. No se declara incorrecto.",True,True,excluded_from_analysis
drogamedica_alguna_vez|sedantes_alguna_vez,drogamedica_alguna_vez,sedantes_alguna_vez,Droga médica,Sedantes,cdm_av,sed_av,excluded,agregado_vs_componente,Uno es un agregado que incluye al otro entre sus componentes declarados.,Todo positivo de sedantes_alguna_vez es necesariamente un positivo de drogamedica_alguna_vez por construcción.,"[{""tipo"": ""grafo_de_variables_derivadas"", ""archivo"": ""encodat_analysis/src/derived_vars.py"", ""indicador"": ""drogamedica_alguna_vez"", ""variable_derivada"": ""cdm_av"", ""etiqueta_oficial"": ""Prevalencia de cualquier droga médica alguna vez"", ""syntax_source"": ""reconstruccion_proyecto"", ""bloque"": ""av"", ""regla_de_confirmacion"": null, ""variables_de_origen"": [""dm1a"", ""dm1b"", ""dm1c"", ""dm1d"", ""dm3a1"", ""dm3b1"", ""dm3c1"", ""dm3d1""], ""componentes_declarados"": [""opi_av"", ""tra_av"", ""sed_av"", ""anf_av""], ""condicion_positiva"": [""dm1a en {1} y dm3a1 en {1}"", ""dm1b en {1} y dm3b1 en {1}"", ""dm1c en {1} y dm3c1 en {1}"", ""dm1d en {1} y dm3d1 en {1}""], ""origen_de_la_condicion"": ""unión de los componentes declarados del agregado""}, {""tipo"": ""grafo_de_variables_derivadas"", ""archivo"": ""encodat_analysis/src/derived_vars.py"", ""indicador"": ""sedantes_alguna_vez"", ""variable_derivada"": ""sed_av"", ""etiqueta_oficial"": ""Sedantes Alguna Vez"", ""syntax_source"": ""reconstruccion_proyecto"", ""bloque"": ""av"", ""regla_de_confirmacion"": null, ""variables_de_origen"": [""dm1c"", ""dm3c1""], ""componentes_declarados"": [], ""condicion_positiva"": [""dm1c en {1} y dm3c1 en {1}""], ""origen_de_la_condicion"": ""definición de derived_vars para el bloque «av»""}, {""tipo"": ""implicacion_logica"", ""implica"": ""sedantes_alguna_vez"", ""implicado"": ""drogamedica_alguna_vez"", ""alcance"": ""total"", ""demostracion"": [{""condicion_b"": {""dm1c"": ""1"", ""dm3c1"": ""1""}, ""condicion_b_con_saltos"": {""dm1c"": ""1"", ""dm3c1"": ""1""}, ""condicion_a_garantizada"": {""dm1c"": ""1"", ""dm3c1"": ""1""}, ""saltos_usados"": [""dm3c1<-dm1c""]}]}, {""tipo"": ""salto_del_cuestionario_verificado"", ""archivo"": ""encodat_analysis/correlations/evidence/questionnaire_routing.json"", ""saltos"": [{""salto"": ""dm3c1<-dm1c"", ""parent_question"": ""DM1C. uso alguna vez de la sustancia"", ""parent_enabling_codes"": [1], ""counterexamples"": 0}]}]","[""drogamedica_alguna_vez"", ""sedantes_alguna_vez""]",drogamedica_alguna_vez: Diferencia con el objetivo nacional registrada por el propio análisis; falta resolver derivación y reproducir fuente antes de exponer resultados como validados.; sedantes_alguna_vez: Diferencia con el objetivo nacional registrada por el propio análisis; falta resolver derivación y reproducir fuente antes de exponer resultados como validados.,True,True,excluded_from_analysis
drogamedica_alguna_vez|estimmed_alguna_vez,drogamedica_alguna_vez,estimmed_alguna_vez,Droga médica,Estim. médicos,cdm_av,anf_av,excluded,agregado_vs_componente,Uno es un agregado que incluye al otro entre sus componentes declarados.,Todo positivo de estimmed_alguna_vez es necesariamente un positivo de drogamedica_alguna_vez por construcción.,"[{""tipo"": ""grafo_de_variables_derivadas"", ""archivo"": ""encodat_analysis/src/derived_vars.py"", ""indicador"": ""drogamedica_alguna_vez"", ""variable_derivada"": ""cdm_av"", ""etiqueta_oficial"": ""Prevalencia de cualquier droga médica alguna vez"", ""syntax_source"": ""reconstruccion_proyecto"", ""bloque"": ""av"", ""regla_de_confirmacion"": null, ""variables_de_origen"": [""dm1a"", ""dm1b"", ""dm1c"", ""dm1d"", ""dm3a1"", ""dm3b1"", ""dm3c1"", ""dm3d1""], ""componentes_declarados"": [""opi_av"", ""tra_av"", ""sed_av"", ""anf_av""], ""condicion_positiva"": [""dm1a en {1} y dm3a1 en {1}"", ""dm1b en {1} y dm3b1 en {1}"", ""dm1c en {1} y dm3c1 en {1}"", ""dm1d en {1} y dm3d1 en {1}""], ""origen_de_la_condicion"": ""unión de los componentes declarados del agregado""}, {""tipo"": ""grafo_de_variables_derivadas"", ""archivo"": ""encodat_analysis/src/derived_vars.py"", ""indicador"": ""estimmed_alguna_vez"", ""variable_derivada"": ""anf_av"", ""etiqueta_oficial"": ""Anfetaminas Alguna Vez"", ""syntax_source"": ""reconstruccion_proyecto"", ""bloque"": ""av"", ""regla_de_confirmacion"": null, ""variables_de_origen"": [""dm1d"", ""dm3d1""], ""componentes_declarados"": [], ""condicion_positiva"": [""dm1d en {1} y dm3d1 en {1}""], ""origen_de_la_condicion"": ""definición de derived_vars para el bloque «av»""}, {""tipo"": ""implicacion_logica"", ""implica"": ""estimmed_alguna_vez"", ""implicado"": ""drogamedica_alguna_vez"", ""alcance"": ""total"", ""demostracion"": [{""condicion_b"": {""dm1d"": ""1"", ""dm3d1"": ""1""}, ""condicion_b_con_saltos"": {""dm1d"": ""1"", ""dm3d1"": ""1""}, ""condicion_a_garantizada"": {""dm1d"": ""1"", ""dm3d1"": ""1""}, ""saltos_usados"": [""dm3d1<-dm1d""]}]}, {""tipo"": ""salto_del_cuestionario_verificado"", ""archivo"": ""encodat_analysis/correlations/evidence/questionnaire_routing.json"", ""saltos"": [{""salto"": ""dm3d1<-dm1d"", ""parent_question"": ""DM1D. uso alguna vez de la sustancia"", ""parent_enabling_codes"": [1], ""counterexamples"": 0}]}]","[""drogamedica_alguna_vez"", ""estimmed_alguna_vez""]","drogamedica_alguna_vez: Diferencia con el objetivo nacional registrada por el propio análisis; falta resolver derivación y reproducir fuente antes de exponer resultados como validados.; estimmed_alguna_vez: Coincidencia nacional dentro de la tolerancia interna; falta verificar definición, denominador y celdas publicadas para certificar este indicador. No se declara incorrecto.",True,True,excluded_from_analysis
droga_cualq_ult_ano|drogamedica_alguna_vez,drogamedica_alguna_vez,droga_cualq_ult_ano,Droga médica,Cualquier droga (año),cdm_av,prev_ua,excluded,implicacion_parcial_por_componente_compartido,Una rama completa de la construcción de uno fuerza el positivo del otro: comparten un componente con su condición íntegra.,4 de 14 ramas de la construcción de droga_cualq_ult_ano garantizan un positivo de drogamedica_alguna_vez.,"[{""tipo"": ""grafo_de_variables_derivadas"", ""archivo"": ""encodat_analysis/src/derived_vars.py"", ""indicador"": ""drogamedica_alguna_vez"", ""variable_derivada"": ""cdm_av"", ""etiqueta_oficial"": ""Prevalencia de cualquier droga médica alguna vez"", ""syntax_source"": ""reconstruccion_proyecto"", ""bloque"": ""av"", ""regla_de_confirmacion"": null, ""variables_de_origen"": [""dm1a"", ""dm1b"", ""dm1c"", ""dm1d"", ""dm3a1"", ""dm3b1"", ""dm3c1"", ""dm3d1""], ""componentes_declarados"": [""opi_av"", ""tra_av"", ""sed_av"", ""anf_av""], ""condicion_positiva"": [""dm1a en {1} y dm3a1 en {1}"", ""dm1b en {1} y dm3b1 en {1}"", ""dm1c en {1} y dm3c1 en {1}"", ""dm1d en {1} y dm3d1 en {1}""], ""origen_de_la_condicion"": ""unión de los componentes declarados del agregado""}, {""tipo"": ""grafo_de_variables_derivadas"", ""archivo"": ""encodat_analysis/src/derived_vars.py"", ""indicador"": ""droga_cualq_ult_ano"", ""variable_derivada"": ""prev_ua"", ""etiqueta_oficial"": ""Prevalencia de cualquier droga último año"", ""syntax_source"": ""reconstruccion_proyecto"", ""bloque"": ""ua"", ""regla_de_confirmacion"": null, ""variables_de_origen"": [""di6a"", ""di6b"", ""di6c"", ""di6d"", ""di6e"", ""di6f"", ""di6f1"", ""di6g"", ""di6h"", ""di6i"", ""dm1a"", ""dm1b"", ""dm1c"", ""dm1d"", ""dm3a1"", ""dm3b1"", ""dm3c1"", ""dm3d1"", ""dm6a"", ""dm6b"", ""dm6c"", ""dm6d""], ""componentes_declarados"": [""opi_ua"", ""tra_ua"", ""sed_ua"", ""anf_ua"", ""mar_ua"", ""coc_ua"", ""cra_ua"", ""alu_ua"", ""inh_ua"", ""her_ua"", ""fent_ua"", ""met_ua"", ""otr_ua"", ""marsin_ua""], ""condicion_positiva"": [""dm1a en {1} y dm3a1 en {1} y dm6a en {1-5}"", ""dm1b en {1} y dm3b1 en {1} y dm6b en {1-5}"", ""dm1c en {1} y dm3c1 en {1} y dm6c en {1-5}"", ""dm1d en {1} y dm3d1 en {1} y dm6d en {1-5}"", ""di6a en {1-5}"", ""di6b en {1-5}"", ""di6c en {1-5}"", ""di6d en {1-5}"", ""di6e en {1-5}"", ""di6f en {1-5}"", ""di6f1 en {1-5}"", ""di6g en {1-5}"", ""di6h en {1-5}"", ""di6i en {1-5}""], ""origen_de_la_condicion"": ""unión de los componentes declarados del agregado""}, {""tipo"": ""implicacion_logica"", ""implica"": ""droga_cualq_ult_ano"", ""implicado"": ""drogamedica_alguna_vez"", ""alcance"": ""parcial"", ""demostracion"": [{""condicion_b"": {""dm1a"": ""1"", ""dm3a1"": ""1"", ""dm6a"": ""1-5""}, ""condicion_b_con_saltos"": {""dm1a"": ""1"", ""dm3a1"": ""1"", ""dm6a"": ""1-5""}, ""condicion_a_garantizada"": {""dm1a"": ""1"", ""dm3a1"": ""1""}, ""saltos_usados"": [""dm3a1<-dm1a"", ""dm6a<-dm1a""]}, {""condicion_b"": {""dm1b"": ""1"", ""dm3b1"": ""1"", ""dm6b"": ""1-5""}, ""condicion_b_con_saltos"": {""dm1b"": ""1"", ""dm3b1"": ""1"", ""dm6b"": ""1-5""}, ""condicion_a_garantizada"": {""dm1b"": ""1"", ""dm3b1"": ""1""}, ""saltos_usados"": [""dm3b1<-dm1b"", ""dm6b<-dm1b""]}, {""condicion_b"": {""dm1c"": ""1"", ""dm3c1"": ""1"", ""dm6c"": ""1-5""}, ""condicion_b_con_saltos"": {""dm1c"": ""1"", ""dm3c1"": ""1"", ""dm6c"": ""1-5""}, ""condicion_a_garantizada"": {""dm1c"": ""1"", ""dm3c1"": ""1""}, ""saltos_usados"": [""dm3c1<-dm1c"", ""dm6c<-dm1c""]}, {""condicion_b"": {""dm1d"": ""1"", ""dm3d1"": ""1"", ""dm6d"": ""1-5""}, ""condicion_b_con_saltos"": {""dm1d"": ""1"", ""dm3d1"": ""1"", ""dm6d"": ""1-5""}, ""condicion_a_garantizada"": {""dm1d"": ""1"", ""dm3d1"": ""1""}, ""saltos_usados"": [""dm3d1<-dm1d"", ""dm6d<-dm1d""]}]}, {""tipo"": ""salto_del_cuestionario_verificado"", ""archivo"": ""encodat_analysis/correlations/evidence/questionnaire_routing.json"", ""saltos"": [{""salto"": ""dm3a1<-dm1a"", ""parent_question"": ""DM1A. uso alguna vez de la sustancia"", ""parent_enabling_codes"": [1], ""counterexamples"": 0}, {""salto"": ""dm3b1<-dm1b"", ""parent_question"": ""DM1B. uso alguna vez de la sustancia"", ""parent_enabling_codes"": [1], ""counterexamples"": 0}, {""salto"": ""dm3c1<-dm1c"", ""parent_question"": ""DM1C. uso alguna vez de la sustancia"", ""parent_enabling_codes"": [1], ""counterexamples"": 0}, {""salto"": ""dm3d1<-dm1d"", ""parent_question"": ""DM1D. uso alguna vez de la sustancia"", ""parent_enabling_codes"": [1], ""counterexamples"": 0}, {""salto"": ""dm6a<-dm1a"", ""parent_question"": ""DM1A. uso alguna vez de la sustancia"", ""parent_enabling_codes"": [1], ""counterexamples"": 0}, {""salto"": ""dm6b<-dm1b"", ""parent_question"": ""DM1B. uso alguna vez de la sustancia"", ""parent_enabling_codes"": [1], ""counterexamples"": 0}, {""salto"": ""dm6c<-dm1c"", ""parent_question"": ""DM1C. uso alguna vez de la sustancia"", ""parent_enabling_codes"": [1], ""counterexamples"": 0}, {""salto"": ""dm6d<-dm1d"", ""parent_question"": ""DM1D. uso alguna vez de la sustancia"", ""parent_enabling_codes"": [1], ""counterexamples"": 0}]}]","[""drogamedica_alguna_vez"", ""droga_cualq_ult_ano""]",drogamedica_alguna_vez: Diferencia con el objetivo nacional registrada por el propio análisis; falta resolver derivación y reproducir fuente antes de exponer resultados como validados.; droga_cualq_ult_ano: Diferencia con el objetivo nacional registrada por el propio análisis; falta resolver derivación y reproducir fuente antes de exponer resultados como validados.,True,False,excluded_from_analysis
drogamedica_alguna_vez|drogamedica_ult_ano,drogamedica_alguna_vez,drogamedica_ult_ano,Droga médica,Droga médica (año),cdm_av,cdm_ua,excluded,ventana_temporal_anidada,Ventanas temporales anidadas por construcción: la condición del periodo corto contiene la del periodo largo.,Todo positivo de drogamedica_ult_ano es necesariamente un positivo de drogamedica_alguna_vez por construcción.,"[{""tipo"": ""grafo_de_variables_derivadas"", ""archivo"": ""encodat_analysis/src/derived_vars.py"", ""indicador"": ""drogamedica_alguna_vez"", ""variable_derivada"": ""cdm_av"", ""etiqueta_oficial"": ""Prevalencia de cualquier droga médica alguna vez"", ""syntax_source"": ""reconstruccion_proyecto"", ""bloque"": ""av"", ""regla_de_confirmacion"": null, ""variables_de_origen"": [""dm1a"", ""dm1b"", ""dm1c"", ""dm1d"", ""dm3a1"", ""dm3b1"", ""dm3c1"", ""dm3d1""], ""componentes_declarados"": [""opi_av"", ""tra_av"", ""sed_av"", ""anf_av""], ""condicion_positiva"": [""dm1a en {1} y dm3a1 en {1}"", ""dm1b en {1} y dm3b1 en {1}"", ""dm1c en {1} y dm3c1 en {1}"", ""dm1d en {1} y dm3d1 en {1}""], ""origen_de_la_condicion"": ""unión de los componentes declarados del agregado""}, {""tipo"": ""grafo_de_variables_derivadas"", ""archivo"": ""encodat_analysis/src/derived_vars.py"", ""indicador"": ""drogamedica_ult_ano"", ""variable_derivada"": ""cdm_ua"", ""etiqueta_oficial"": ""Prevalencia de cualquier droga médica último año"", ""syntax_source"": ""reconstruccion_proyecto"", ""bloque"": ""ua"", ""regla_de_confirmacion"": null, ""variables_de_origen"": [""dm1a"", ""dm1b"", ""dm1c"", ""dm1d"", ""dm3a1"", ""dm3b1"", ""dm3c1"", ""dm3d1"", ""dm6a"", ""dm6b"", ""dm6c"", ""dm6d""], ""componentes_declarados"": [""opi_ua"", ""tra_ua"", ""sed_ua"", ""anf_ua""], ""condicion_positiva"": [""dm1a en {1} y dm3a1 en {1} y dm6a en {1-5}"", ""dm1b en {1} y dm3b1 en {1} y dm6b en {1-5}"", ""dm1c en {1} y dm3c1 en {1} y dm6c en {1-5}"", ""dm1d en {1} y dm3d1 en {1} y dm6d en {1-5}""], ""origen_de_la_condicion"": ""unión de los componentes declarados del agregado""}, {""tipo"": ""implicacion_logica"", ""implica"": ""drogamedica_ult_ano"", ""implicado"": ""drogamedica_alguna_vez"", ""alcance"": ""total"", ""demostracion"": [{""condicion_b"": {""dm1a"": ""1"", ""dm3a1"": ""1"", ""dm6a"": ""1-5""}, ""condicion_b_con_saltos"": {""dm1a"": ""1"", ""dm3a1"": ""1"", ""dm6a"": ""1-5""}, ""condicion_a_garantizada"": {""dm1a"": ""1"", ""dm3a1"": ""1""}, ""saltos_usados"": [""dm3a1<-dm1a"", ""dm6a<-dm1a""]}, {""condicion_b"": {""dm1b"": ""1"", ""dm3b1"": ""1"", ""dm6b"": ""1-5""}, ""condicion_b_con_saltos"": {""dm1b"": ""1"", ""dm3b1"": ""1"", ""dm6b"": ""1-5""}, ""condicion_a_garantizada"": {""dm1b"": ""1"", ""dm3b1"": ""1""}, ""saltos_usados"": [""dm3b1<-dm1b"", ""dm6b<-dm1b""]}, {""condicion_b"": {""dm1c"": ""1"", ""dm3c1"": ""1"", ""dm6c"": ""1-5""}, ""condicion_b_con_saltos"": {""dm1c"": ""1"", ""dm3c1"": ""1"", ""dm6c"": ""1-5""}, ""condicion_a_garantizada"": {""dm1c"": ""1"", ""dm3c1"": ""1""}, ""saltos_usados"": [""dm3c1<-dm1c"", ""dm6c<-dm1c""]}, {""condicion_b"": {""dm1d"": ""1"", ""dm3d1"": ""1"", ""dm6d"": ""1-5""}, ""condicion_b_con_saltos"": {""dm1d"": ""1"", ""dm3d1"": ""1"", ""dm6d"": ""1-5""}, ""condicion_a_garantizada"": {""dm1d"": ""1"", ""dm3d1"": ""1""}, ""saltos_usados"": [""dm3d1<-dm1d"", ""dm6d<-dm1d""]}]}, {""tipo"": ""salto_del_cuestionario_verificado"", ""archivo"": ""encodat_analysis/correlations/evidence/questionnaire_routing.json"", ""saltos"": [{""salto"": ""dm3a1<-dm1a"", ""parent_question"": ""DM1A. uso alguna vez de la sustancia"", ""parent_enabling_codes"": [1], ""counterexamples"": 0}, {""salto"": ""dm3b1<-dm1b"", ""parent_question"": ""DM1B. uso alguna vez de la sustancia"", ""parent_enabling_codes"": [1], ""counterexamples"": 0}, {""salto"": ""dm3c1<-dm1c"", ""parent_question"": ""DM1C. uso alguna vez de la sustancia"", ""parent_enabling_codes"": [1], ""counterexamples"": 0}, {""salto"": ""dm3d1<-dm1d"", ""parent_question"": ""DM1D. uso alguna vez de la sustancia"", ""parent_enabling_codes"": [1], ""counterexamples"": 0}, {""salto"": ""dm6a<-dm1a"", ""parent_question"": ""DM1A. uso alguna vez de la sustancia"", ""parent_enabling_codes"": [1], ""counterexamples"": 0}, {""salto"": ""dm6b<-dm1b"", ""parent_question"": ""DM1B. uso alguna vez de la sustancia"", ""parent_enabling_codes"": [1], ""counterexamples"": 0}, {""salto"": ""dm6c<-dm1c"", ""parent_question"": ""DM1C. uso alguna vez de la sustancia"", ""parent_enabling_codes"": [1], ""counterexamples"": 0}, {""salto"": ""dm6d<-dm1d"", ""parent_question"": ""DM1D. uso alguna vez de la sustancia"", ""parent_enabling_codes"": [1], ""counterexamples"": 0}]}]","[""drogamedica_alguna_vez"", ""drogamedica_ult_ano""]",drogamedica_alguna_vez: Diferencia con el objetivo nacional registrada por el propio análisis; falta resolver derivación y reproducir fuente antes de exponer resultados como validados.; drogamedica_ult_ano: Diferencia con el objetivo nacional registrada por el propio análisis; falta resolver derivación y reproducir fuente antes de exponer resultados como validados.,True,True,excluded_from_analysis
droga_cualq_ult_ano|opioides_alguna_vez,opioides_alguna_vez,droga_cualq_ult_ano,Opioides,Cualquier droga (año),opi_av,prev_ua,excluded,implicacion_parcial_por_componente_compartido,Una rama completa de la construcción de uno fuerza el positivo del otro: comparten un componente con su condición íntegra.,1 de 14 ramas de la construcción de droga_cualq_ult_ano garantizan un positivo de opioides_alguna_vez.,"[{""tipo"": ""grafo_de_variables_derivadas"", ""archivo"": ""encodat_analysis/src/derived_vars.py"", ""indicador"": ""opioides_alguna_vez"", ""variable_derivada"": ""opi_av"", ""etiqueta_oficial"": ""Opioides Alguna Vez"", ""syntax_source"": ""reconstruccion_proyecto"", ""bloque"": ""av"", ""regla_de_confirmacion"": null, ""variables_de_origen"": [""dm1a"", ""dm3a1""], ""componentes_declarados"": [], ""condicion_positiva"": [""dm1a en {1} y dm3a1 en {1}""], ""origen_de_la_condicion"": ""definición de derived_vars para el bloque «av»""}, {""tipo"": ""grafo_de_variables_derivadas"", ""archivo"": ""encodat_analysis/src/derived_vars.py"", ""indicador"": ""droga_cualq_ult_ano"", ""variable_derivada"": ""prev_ua"", ""etiqueta_oficial"": ""Prevalencia de cualquier droga último año"", ""syntax_source"": ""reconstruccion_proyecto"", ""bloque"": ""ua"", ""regla_de_confirmacion"": null, ""variables_de_origen"": [""di6a"", ""di6b"", ""di6c"", ""di6d"", ""di6e"", ""di6f"", ""di6f1"", ""di6g"", ""di6h"", ""di6i"", ""dm1a"", ""dm1b"", ""dm1c"", ""dm1d"", ""dm3a1"", ""dm3b1"", ""dm3c1"", ""dm3d1"", ""dm6a"", ""dm6b"", ""dm6c"", ""dm6d""], ""componentes_declarados"": [""opi_ua"", ""tra_ua"", ""sed_ua"", ""anf_ua"", ""mar_ua"", ""coc_ua"", ""cra_ua"", ""alu_ua"", ""inh_ua"", ""her_ua"", ""fent_ua"", ""met_ua"", ""otr_ua"", ""marsin_ua""], ""condicion_positiva"": [""dm1a en {1} y dm3a1 en {1} y dm6a en {1-5}"", ""dm1b en {1} y dm3b1 en {1} y dm6b en {1-5}"", ""dm1c en {1} y dm3c1 en {1} y dm6c en {1-5}"", ""dm1d en {1} y dm3d1 en {1} y dm6d en {1-5}"", ""di6a en {1-5}"", ""di6b en {1-5}"", ""di6c en {1-5}"", ""di6d en {1-5}"", ""di6e en {1-5}"", ""di6f en {1-5}"", ""di6f1 en {1-5}"", ""di6g en {1-5}"", ""di6h en {1-5}"", ""di6i en {1-5}""], ""origen_de_la_condicion"": ""unión de los componentes declarados del agregado""}, {""tipo"": ""implicacion_logica"", ""implica"": ""droga_cualq_ult_ano"", ""implicado"": ""opioides_alguna_vez"", ""alcance"": ""parcial"", ""demostracion"": [{""condicion_b"": {""dm1a"": ""1"", ""dm3a1"": ""1"", ""dm6a"": ""1-5""}, ""condicion_b_con_saltos"": {""dm1a"": ""1"", ""dm3a1"": ""1"", ""dm6a"": ""1-5""}, ""condicion_a_garantizada"": {""dm1a"": ""1"", ""dm3a1"": ""1""}, ""saltos_usados"": [""dm3a1<-dm1a"", ""dm6a<-dm1a""]}]}, {""tipo"": ""salto_del_cuestionario_verificado"", ""archivo"": ""encodat_analysis/correlations/evidence/questionnaire_routing.json"", ""saltos"": [{""salto"": ""dm3a1<-dm1a"", ""parent_question"": ""DM1A. uso alguna vez de la sustancia"", ""parent_enabling_codes"": [1], ""counterexamples"": 0}, {""salto"": ""dm6a<-dm1a"", ""parent_question"": ""DM1A. uso alguna vez de la sustancia"", ""parent_enabling_codes"": [1], ""counterexamples"": 0}]}]","[""opioides_alguna_vez"", ""droga_cualq_ult_ano""]",opioides_alguna_vez: Diferencia con el objetivo nacional registrada por el propio análisis; falta resolver derivación y reproducir fuente antes de exponer resultados como validados.; droga_cualq_ult_ano: Diferencia con el objetivo nacional registrada por el propio análisis; falta resolver derivación y reproducir fuente antes de exponer resultados como validados.,True,False,excluded_from_analysis
drogamedica_ult_ano|opioides_alguna_vez,opioides_alguna_vez,drogamedica_ult_ano,Opioides,Droga médica (año),opi_av,cdm_ua,excluded,implicacion_parcial_por_componente_compartido,Una rama completa de la construcción de uno fuerza el positivo del otro: comparten un componente con su condición íntegra.,1 de 4 ramas de la construcción de drogamedica_ult_ano garantizan un positivo de opioides_alguna_vez.,"[{""tipo"": ""grafo_de_variables_derivadas"", ""archivo"": ""encodat_analysis/src/derived_vars.py"", ""indicador"": ""opioides_alguna_vez"", ""variable_derivada"": ""opi_av"", ""etiqueta_oficial"": ""Opioides Alguna Vez"", ""syntax_source"": ""reconstruccion_proyecto"", ""bloque"": ""av"", ""regla_de_confirmacion"": null, ""variables_de_origen"": [""dm1a"", ""dm3a1""], ""componentes_declarados"": [], ""condicion_positiva"": [""dm1a en {1} y dm3a1 en {1}""], ""origen_de_la_condicion"": ""definición de derived_vars para el bloque «av»""}, {""tipo"": ""grafo_de_variables_derivadas"", ""archivo"": ""encodat_analysis/src/derived_vars.py"", ""indicador"": ""drogamedica_ult_ano"", ""variable_derivada"": ""cdm_ua"", ""etiqueta_oficial"": ""Prevalencia de cualquier droga médica último año"", ""syntax_source"": ""reconstruccion_proyecto"", ""bloque"": ""ua"", ""regla_de_confirmacion"": null, ""variables_de_origen"": [""dm1a"", ""dm1b"", ""dm1c"", ""dm1d"", ""dm3a1"", ""dm3b1"", ""dm3c1"", ""dm3d1"", ""dm6a"", ""dm6b"", ""dm6c"", ""dm6d""], ""componentes_declarados"": [""opi_ua"", ""tra_ua"", ""sed_ua"", ""anf_ua""], ""condicion_positiva"": [""dm1a en {1} y dm3a1 en {1} y dm6a en {1-5}"", ""dm1b en {1} y dm3b1 en {1} y dm6b en {1-5}"", ""dm1c en {1} y dm3c1 en {1} y dm6c en {1-5}"", ""dm1d en {1} y dm3d1 en {1} y dm6d en {1-5}""], ""origen_de_la_condicion"": ""unión de los componentes declarados del agregado""}, {""tipo"": ""implicacion_logica"", ""implica"": ""drogamedica_ult_ano"", ""implicado"": ""opioides_alguna_vez"", ""alcance"": ""parcial"", ""demostracion"": [{""condicion_b"": {""dm1a"": ""1"", ""dm3a1"": ""1"", ""dm6a"": ""1-5""}, ""condicion_b_con_saltos"": {""dm1a"": ""1"", ""dm3a1"": ""1"", ""dm6a"": ""1-5""}, ""condicion_a_garantizada"": {""dm1a"": ""1"", ""dm3a1"": ""1""}, ""saltos_usados"": [""dm3a1<-dm1a"", ""dm6a<-dm1a""]}]}, {""tipo"": ""salto_del_cuestionario_verificado"", ""archivo"": ""encodat_analysis/correlations/evidence/questionnaire_routing.json"", ""saltos"": [{""salto"": ""dm3a1<-dm1a"", ""parent_question"": ""DM1A. uso alguna vez de la sustancia"", ""parent_enabling_codes"": [1], ""counterexamples"": 0}, {""salto"": ""dm6a<-dm1a"", ""parent_question"": ""DM1A. uso alguna vez de la sustancia"", ""parent_enabling_codes"": [1], ""counterexamples"": 0}]}]","[""opioides_alguna_vez"", ""drogamedica_ult_ano""]",opioides_alguna_vez: Diferencia con el objetivo nacional registrada por el propio análisis; falta resolver derivación y reproducir fuente antes de exponer resultados como validados.; drogamedica_ult_ano: Diferencia con el objetivo nacional registrada por el propio análisis; falta resolver derivación y reproducir fuente antes de exponer resultados como validados.,True,False,excluded_from_analysis
droga_cualq_ult_ano|tranq_alguna_vez,tranq_alguna_vez,droga_cualq_ult_ano,Tranquilizantes,Cualquier droga (año),tra_av,prev_ua,excluded,implicacion_parcial_por_componente_compartido,Una rama completa de la construcción de uno fuerza el positivo del otro: comparten un componente con su condición íntegra.,1 de 14 ramas de la construcción de droga_cualq_ult_ano garantizan un positivo de tranq_alguna_vez.,"[{""tipo"": ""grafo_de_variables_derivadas"", ""archivo"": ""encodat_analysis/src/derived_vars.py"", ""indicador"": ""tranq_alguna_vez"", ""variable_derivada"": ""tra_av"", ""etiqueta_oficial"": ""Tranquilizantes Alguna Vez"", ""syntax_source"": ""reconstruccion_proyecto"", ""bloque"": ""av"", ""regla_de_confirmacion"": null, ""variables_de_origen"": [""dm1b"", ""dm3b1""], ""componentes_declarados"": [], ""condicion_positiva"": [""dm1b en {1} y dm3b1 en {1}""], ""origen_de_la_condicion"": ""definición de derived_vars para el bloque «av»""}, {""tipo"": ""grafo_de_variables_derivadas"", ""archivo"": ""encodat_analysis/src/derived_vars.py"", ""indicador"": ""droga_cualq_ult_ano"", ""variable_derivada"": ""prev_ua"", ""etiqueta_oficial"": ""Prevalencia de cualquier droga último año"", ""syntax_source"": ""reconstruccion_proyecto"", ""bloque"": ""ua"", ""regla_de_confirmacion"": null, ""variables_de_origen"": [""di6a"", ""di6b"", ""di6c"", ""di6d"", ""di6e"", ""di6f"", ""di6f1"", ""di6g"", ""di6h"", ""di6i"", ""dm1a"", ""dm1b"", ""dm1c"", ""dm1d"", ""dm3a1"", ""dm3b1"", ""dm3c1"", ""dm3d1"", ""dm6a"", ""dm6b"", ""dm6c"", ""dm6d""], ""componentes_declarados"": [""opi_ua"", ""tra_ua"", ""sed_ua"", ""anf_ua"", ""mar_ua"", ""coc_ua"", ""cra_ua"", ""alu_ua"", ""inh_ua"", ""her_ua"", ""fent_ua"", ""met_ua"", ""otr_ua"", ""marsin_ua""], ""condicion_positiva"": [""dm1a en {1} y dm3a1 en {1} y dm6a en {1-5}"", ""dm1b en {1} y dm3b1 en {1} y dm6b en {1-5}"", ""dm1c en {1} y dm3c1 en {1} y dm6c en {1-5}"", ""dm1d en {1} y dm3d1 en {1} y dm6d en {1-5}"", ""di6a en {1-5}"", ""di6b en {1-5}"", ""di6c en {1-5}"", ""di6d en {1-5}"", ""di6e en {1-5}"", ""di6f en {1-5}"", ""di6f1 en {1-5}"", ""di6g en {1-5}"", ""di6h en {1-5}"", ""di6i en {1-5}""], ""origen_de_la_condicion"": ""unión de los componentes declarados del agregado""}, {""tipo"": ""implicacion_logica"", ""implica"": ""droga_cualq_ult_ano"", ""implicado"": ""tranq_alguna_vez"", ""alcance"": ""parcial"", ""demostracion"": [{""condicion_b"": {""dm1b"": ""1"", ""dm3b1"": ""1"", ""dm6b"": ""1-5""}, ""condicion_b_con_saltos"": {""dm1b"": ""1"", ""dm3b1"": ""1"", ""dm6b"": ""1-5""}, ""condicion_a_garantizada"": {""dm1b"": ""1"", ""dm3b1"": ""1""}, ""saltos_usados"": [""dm3b1<-dm1b"", ""dm6b<-dm1b""]}]}, {""tipo"": ""salto_del_cuestionario_verificado"", ""archivo"": ""encodat_analysis/correlations/evidence/questionnaire_routing.json"", ""saltos"": [{""salto"": ""dm3b1<-dm1b"", ""parent_question"": ""DM1B. uso alguna vez de la sustancia"", ""parent_enabling_codes"": [1], ""counterexamples"": 0}, {""salto"": ""dm6b<-dm1b"", ""parent_question"": ""DM1B. uso alguna vez de la sustancia"", ""parent_enabling_codes"": [1], ""counterexamples"": 0}]}]","[""tranq_alguna_vez"", ""droga_cualq_ult_ano""]","tranq_alguna_vez: Coincidencia nacional dentro de la tolerancia interna; falta verificar definición, denominador y celdas publicadas para certificar este indicador. No se declara incorrecto.; droga_cualq_ult_ano: Diferencia con el objetivo nacional registrada por el propio análisis; falta resolver derivación y reproducir fuente antes de exponer resultados como validados.",True,False,excluded_from_analysis
drogamedica_ult_ano|tranq_alguna_vez,tranq_alguna_vez,drogamedica_ult_ano,Tranquilizantes,Droga médica (año),tra_av,cdm_ua,excluded,implicacion_parcial_por_componente_compartido,Una rama completa de la construcción de uno fuerza el positivo del otro: comparten un componente con su condición íntegra.,1 de 4 ramas de la construcción de drogamedica_ult_ano garantizan un positivo de tranq_alguna_vez.,"[{""tipo"": ""grafo_de_variables_derivadas"", ""archivo"": ""encodat_analysis/src/derived_vars.py"", ""indicador"": ""tranq_alguna_vez"", ""variable_derivada"": ""tra_av"", ""etiqueta_oficial"": ""Tranquilizantes Alguna Vez"", ""syntax_source"": ""reconstruccion_proyecto"", ""bloque"": ""av"", ""regla_de_confirmacion"": null, ""variables_de_origen"": [""dm1b"", ""dm3b1""], ""componentes_declarados"": [], ""condicion_positiva"": [""dm1b en {1} y dm3b1 en {1}""], ""origen_de_la_condicion"": ""definición de derived_vars para el bloque «av»""}, {""tipo"": ""grafo_de_variables_derivadas"", ""archivo"": ""encodat_analysis/src/derived_vars.py"", ""indicador"": ""drogamedica_ult_ano"", ""variable_derivada"": ""cdm_ua"", ""etiqueta_oficial"": ""Prevalencia de cualquier droga médica último año"", ""syntax_source"": ""reconstruccion_proyecto"", ""bloque"": ""ua"", ""regla_de_confirmacion"": null, ""variables_de_origen"": [""dm1a"", ""dm1b"", ""dm1c"", ""dm1d"", ""dm3a1"", ""dm3b1"", ""dm3c1"", ""dm3d1"", ""dm6a"", ""dm6b"", ""dm6c"", ""dm6d""], ""componentes_declarados"": [""opi_ua"", ""tra_ua"", ""sed_ua"", ""anf_ua""], ""condicion_positiva"": [""dm1a en {1} y dm3a1 en {1} y dm6a en {1-5}"", ""dm1b en {1} y dm3b1 en {1} y dm6b en {1-5}"", ""dm1c en {1} y dm3c1 en {1} y dm6c en {1-5}"", ""dm1d en {1} y dm3d1 en {1} y dm6d en {1-5}""], ""origen_de_la_condicion"": ""unión de los componentes declarados del agregado""}, {""tipo"": ""implicacion_logica"", ""implica"": ""drogamedica_ult_ano"", ""implicado"": ""tranq_alguna_vez"", ""alcance"": ""parcial"", ""demostracion"": [{""condicion_b"": {""dm1b"": ""1"", ""dm3b1"": ""1"", ""dm6b"": ""1-5""}, ""condicion_b_con_saltos"": {""dm1b"": ""1"", ""dm3b1"": ""1"", ""dm6b"": ""1-5""}, ""condicion_a_garantizada"": {""dm1b"": ""1"", ""dm3b1"": ""1""}, ""saltos_usados"": [""dm3b1<-dm1b"", ""dm6b<-dm1b""]}]}, {""tipo"": ""salto_del_cuestionario_verificado"", ""archivo"": ""encodat_analysis/correlations/evidence/questionnaire_routing.json"", ""saltos"": [{""salto"": ""dm3b1<-dm1b"", ""parent_question"": ""DM1B. uso alguna vez de la sustancia"", ""parent_enabling_codes"": [1], ""counterexamples"": 0}, {""salto"": ""dm6b<-dm1b"", ""parent_question"": ""DM1B. uso alguna vez de la sustancia"", ""parent_enabling_codes"": [1], ""counterexamples"": 0}]}]","[""tranq_alguna_vez"", ""drogamedica_ult_ano""]","tranq_alguna_vez: Coincidencia nacional dentro de la tolerancia interna; falta verificar definición, denominador y celdas publicadas para certificar este indicador. No se declara incorrecto.; drogamedica_ult_ano: Diferencia con el objetivo nacional registrada por el propio análisis; falta resolver derivación y reproducir fuente antes de exponer resultados como validados.",True,False,excluded_from_analysis
droga_cualq_ult_ano|sedantes_alguna_vez,sedantes_alguna_vez,droga_cualq_ult_ano,Sedantes,Cualquier droga (año),sed_av,prev_ua,excluded,implicacion_parcial_por_componente_compartido,Una rama completa de la construcción de uno fuerza el positivo del otro: comparten un componente con su condición íntegra.,1 de 14 ramas de la construcción de droga_cualq_ult_ano garantizan un positivo de sedantes_alguna_vez.,"[{""tipo"": ""grafo_de_variables_derivadas"", ""archivo"": ""encodat_analysis/src/derived_vars.py"", ""indicador"": ""sedantes_alguna_vez"", ""variable_derivada"": ""sed_av"", ""etiqueta_oficial"": ""Sedantes Alguna Vez"", ""syntax_source"": ""reconstruccion_proyecto"", ""bloque"": ""av"", ""regla_de_confirmacion"": null, ""variables_de_origen"": [""dm1c"", ""dm3c1""], ""componentes_declarados"": [], ""condicion_positiva"": [""dm1c en {1} y dm3c1 en {1}""], ""origen_de_la_condicion"": ""definición de derived_vars para el bloque «av»""}, {""tipo"": ""grafo_de_variables_derivadas"", ""archivo"": ""encodat_analysis/src/derived_vars.py"", ""indicador"": ""droga_cualq_ult_ano"", ""variable_derivada"": ""prev_ua"", ""etiqueta_oficial"": ""Prevalencia de cualquier droga último año"", ""syntax_source"": ""reconstruccion_proyecto"", ""bloque"": ""ua"", ""regla_de_confirmacion"": null, ""variables_de_origen"": [""di6a"", ""di6b"", ""di6c"", ""di6d"", ""di6e"", ""di6f"", ""di6f1"", ""di6g"", ""di6h"", ""di6i"", ""dm1a"", ""dm1b"", ""dm1c"", ""dm1d"", ""dm3a1"", ""dm3b1"", ""dm3c1"", ""dm3d1"", ""dm6a"", ""dm6b"", ""dm6c"", ""dm6d""], ""componentes_declarados"": [""opi_ua"", ""tra_ua"", ""sed_ua"", ""anf_ua"", ""mar_ua"", ""coc_ua"", ""cra_ua"", ""alu_ua"", ""inh_ua"", ""her_ua"", ""fent_ua"", ""met_ua"", ""otr_ua"", ""marsin_ua""], ""condicion_positiva"": [""dm1a en {1} y dm3a1 en {1} y dm6a en {1-5}"", ""dm1b en {1} y dm3b1 en {1} y dm6b en {1-5}"", ""dm1c en {1} y dm3c1 en {1} y dm6c en {1-5}"", ""dm1d en {1} y dm3d1 en {1} y dm6d en {1-5}"", ""di6a en {1-5}"", ""di6b en {1-5}"", ""di6c en {1-5}"", ""di6d en {1-5}"", ""di6e en {1-5}"", ""di6f en {1-5}"", ""di6f1 en {1-5}"", ""di6g en {1-5}"", ""di6h en {1-5}"", ""di6i en {1-5}""], ""origen_de_la_condicion"": ""unión de los componentes declarados del agregado""}, {""tipo"": ""implicacion_logica"", ""implica"": ""droga_cualq_ult_ano"", ""implicado"": ""sedantes_alguna_vez"", ""alcance"": ""parcial"", ""demostracion"": [{""condicion_b"": {""dm1c"": ""1"", ""dm3c1"": ""1"", ""dm6c"": ""1-5""}, ""condicion_b_con_saltos"": {""dm1c"": ""1"", ""dm3c1"": ""1"", ""dm6c"": ""1-5""}, ""condicion_a_garantizada"": {""dm1c"": ""1"", ""dm3c1"": ""1""}, ""saltos_usados"": [""dm3c1<-dm1c"", ""dm6c<-dm1c""]}]}, {""tipo"": ""salto_del_cuestionario_verificado"", ""archivo"": ""encodat_analysis/correlations/evidence/questionnaire_routing.json"", ""saltos"": [{""salto"": ""dm3c1<-dm1c"", ""parent_question"": ""DM1C. uso alguna vez de la sustancia"", ""parent_enabling_codes"": [1], ""counterexamples"": 0}, {""salto"": ""dm6c<-dm1c"", ""parent_question"": ""DM1C. uso alguna vez de la sustancia"", ""parent_enabling_codes"": [1], ""counterexamples"": 0}]}]","[""sedantes_alguna_vez"", ""droga_cualq_ult_ano""]",sedantes_alguna_vez: Diferencia con el objetivo nacional registrada por el propio análisis; falta resolver derivación y reproducir fuente antes de exponer resultados como validados.; droga_cualq_ult_ano: Diferencia con el objetivo nacional registrada por el propio análisis; falta resolver derivación y reproducir fuente antes de exponer resultados como validados.,True,False,excluded_from_analysis
drogamedica_ult_ano|sedantes_alguna_vez,sedantes_alguna_vez,drogamedica_ult_ano,Sedantes,Droga médica (año),sed_av,cdm_ua,excluded,implicacion_parcial_por_componente_compartido,Una rama completa de la construcción de uno fuerza el positivo del otro: comparten un componente con su condición íntegra.,1 de 4 ramas de la construcción de drogamedica_ult_ano garantizan un positivo de sedantes_alguna_vez.,"[{""tipo"": ""grafo_de_variables_derivadas"", ""archivo"": ""encodat_analysis/src/derived_vars.py"", ""indicador"": ""sedantes_alguna_vez"", ""variable_derivada"": ""sed_av"", ""etiqueta_oficial"": ""Sedantes Alguna Vez"", ""syntax_source"": ""reconstruccion_proyecto"", ""bloque"": ""av"", ""regla_de_confirmacion"": null, ""variables_de_origen"": [""dm1c"", ""dm3c1""], ""componentes_declarados"": [], ""condicion_positiva"": [""dm1c en {1} y dm3c1 en {1}""], ""origen_de_la_condicion"": ""definición de derived_vars para el bloque «av»""}, {""tipo"": ""grafo_de_variables_derivadas"", ""archivo"": ""encodat_analysis/src/derived_vars.py"", ""indicador"": ""drogamedica_ult_ano"", ""variable_derivada"": ""cdm_ua"", ""etiqueta_oficial"": ""Prevalencia de cualquier droga médica último año"", ""syntax_source"": ""reconstruccion_proyecto"", ""bloque"": ""ua"", ""regla_de_confirmacion"": null, ""variables_de_origen"": [""dm1a"", ""dm1b"", ""dm1c"", ""dm1d"", ""dm3a1"", ""dm3b1"", ""dm3c1"", ""dm3d1"", ""dm6a"", ""dm6b"", ""dm6c"", ""dm6d""], ""componentes_declarados"": [""opi_ua"", ""tra_ua"", ""sed_ua"", ""anf_ua""], ""condicion_positiva"": [""dm1a en {1} y dm3a1 en {1} y dm6a en {1-5}"", ""dm1b en {1} y dm3b1 en {1} y dm6b en {1-5}"", ""dm1c en {1} y dm3c1 en {1} y dm6c en {1-5}"", ""dm1d en {1} y dm3d1 en {1} y dm6d en {1-5}""], ""origen_de_la_condicion"": ""unión de los componentes declarados del agregado""}, {""tipo"": ""implicacion_logica"", ""implica"": ""drogamedica_ult_ano"", ""implicado"": ""sedantes_alguna_vez"", ""alcance"": ""parcial"", ""demostracion"": [{""condicion_b"": {""dm1c"": ""1"", ""dm3c1"": ""1"", ""dm6c"": ""1-5""}, ""condicion_b_con_saltos"": {""dm1c"": ""1"", ""dm3c1"": ""1"", ""dm6c"": ""1-5""}, ""condicion_a_garantizada"": {""dm1c"": ""1"", ""dm3c1"": ""1""}, ""saltos_usados"": [""dm3c1<-dm1c"", ""dm6c<-dm1c""]}]}, {""tipo"": ""salto_del_cuestionario_verificado"", ""archivo"": ""encodat_analysis/correlations/evidence/questionnaire_routing.json"", ""saltos"": [{""salto"": ""dm3c1<-dm1c"", ""parent_question"": ""DM1C. uso alguna vez de la sustancia"", ""parent_enabling_codes"": [1], ""counterexamples"": 0}, {""salto"": ""dm6c<-dm1c"", ""parent_question"": ""DM1C. uso alguna vez de la sustancia"", ""parent_enabling_codes"": [1], ""counterexamples"": 0}]}]","[""sedantes_alguna_vez"", ""drogamedica_ult_ano""]",sedantes_alguna_vez: Diferencia con el objetivo nacional registrada por el propio análisis; falta resolver derivación y reproducir fuente antes de exponer resultados como validados.; drogamedica_ult_ano: Diferencia con el objetivo nacional registrada por el propio análisis; falta resolver derivación y reproducir fuente antes de exponer resultados como validados.,True,False,excluded_from_analysis
droga_cualq_ult_ano|estimmed_alguna_vez,estimmed_alguna_vez,droga_cualq_ult_ano,Estim. médicos,Cualquier droga (año),anf_av,prev_ua,excluded,implicacion_parcial_por_componente_compartido,Una rama completa de la construcción de uno fuerza el positivo del otro: comparten un componente con su condición íntegra.,1 de 14 ramas de la construcción de droga_cualq_ult_ano garantizan un positivo de estimmed_alguna_vez.,"[{""tipo"": ""grafo_de_variables_derivadas"", ""archivo"": ""encodat_analysis/src/derived_vars.py"", ""indicador"": ""estimmed_alguna_vez"", ""variable_derivada"": ""anf_av"", ""etiqueta_oficial"": ""Anfetaminas Alguna Vez"", ""syntax_source"": ""reconstruccion_proyecto"", ""bloque"": ""av"", ""regla_de_confirmacion"": null, ""variables_de_origen"": [""dm1d"", ""dm3d1""], ""componentes_declarados"": [], ""condicion_positiva"": [""dm1d en {1} y dm3d1 en {1}""], ""origen_de_la_condicion"": ""definición de derived_vars para el bloque «av»""}, {""tipo"": ""grafo_de_variables_derivadas"", ""archivo"": ""encodat_analysis/src/derived_vars.py"", ""indicador"": ""droga_cualq_ult_ano"", ""variable_derivada"": ""prev_ua"", ""etiqueta_oficial"": ""Prevalencia de cualquier droga último año"", ""syntax_source"": ""reconstruccion_proyecto"", ""bloque"": ""ua"", ""regla_de_confirmacion"": null, ""variables_de_origen"": [""di6a"", ""di6b"", ""di6c"", ""di6d"", ""di6e"", ""di6f"", ""di6f1"", ""di6g"", ""di6h"", ""di6i"", ""dm1a"", ""dm1b"", ""dm1c"", ""dm1d"", ""dm3a1"", ""dm3b1"", ""dm3c1"", ""dm3d1"", ""dm6a"", ""dm6b"", ""dm6c"", ""dm6d""], ""componentes_declarados"": [""opi_ua"", ""tra_ua"", ""sed_ua"", ""anf_ua"", ""mar_ua"", ""coc_ua"", ""cra_ua"", ""alu_ua"", ""inh_ua"", ""her_ua"", ""fent_ua"", ""met_ua"", ""otr_ua"", ""marsin_ua""], ""condicion_positiva"": [""dm1a en {1} y dm3a1 en {1} y dm6a en {1-5}"", ""dm1b en {1} y dm3b1 en {1} y dm6b en {1-5}"", ""dm1c en {1} y dm3c1 en {1} y dm6c en {1-5}"", ""dm1d en {1} y dm3d1 en {1} y dm6d en {1-5}"", ""di6a en {1-5}"", ""di6b en {1-5}"", ""di6c en {1-5}"", ""di6d en {1-5}"", ""di6e en {1-5}"", ""di6f en {1-5}"", ""di6f1 en {1-5}"", ""di6g en {1-5}"", ""di6h en {1-5}"", ""di6i en {1-5}""], ""origen_de_la_condicion"": ""unión de los componentes declarados del agregado""}, {""tipo"": ""implicacion_logica"", ""implica"": ""droga_cualq_ult_ano"", ""implicado"": ""estimmed_alguna_vez"", ""alcance"": ""parcial"", ""demostracion"": [{""condicion_b"": {""dm1d"": ""1"", ""dm3d1"": ""1"", ""dm6d"": ""1-5""}, ""condicion_b_con_saltos"": {""dm1d"": ""1"", ""dm3d1"": ""1"", ""dm6d"": ""1-5""}, ""condicion_a_garantizada"": {""dm1d"": ""1"", ""dm3d1"": ""1""}, ""saltos_usados"": [""dm3d1<-dm1d"", ""dm6d<-dm1d""]}]}, {""tipo"": ""salto_del_cuestionario_verificado"", ""archivo"": ""encodat_analysis/correlations/evidence/questionnaire_routing.json"", ""saltos"": [{""salto"": ""dm3d1<-dm1d"", ""parent_question"": ""DM1D. uso alguna vez de la sustancia"", ""parent_enabling_codes"": [1], ""counterexamples"": 0}, {""salto"": ""dm6d<-dm1d"", ""parent_question"": ""DM1D. uso alguna vez de la sustancia"", ""parent_enabling_codes"": [1], ""counterexamples"": 0}]}]","[""estimmed_alguna_vez"", ""droga_cualq_ult_ano""]","estimmed_alguna_vez: Coincidencia nacional dentro de la tolerancia interna; falta verificar definición, denominador y celdas publicadas para certificar este indicador. No se declara incorrecto.; droga_cualq_ult_ano: Diferencia con el objetivo nacional registrada por el propio análisis; falta resolver derivación y reproducir fuente antes de exponer resultados como validados.",False,,excluded_from_analysis
drogamedica_ult_ano|estimmed_alguna_vez,estimmed_alguna_vez,drogamedica_ult_ano,Estim. médicos,Droga médica (año),anf_av,cdm_ua,excluded,implicacion_parcial_por_componente_compartido,Una rama completa de la construcción de uno fuerza el positivo del otro: comparten un componente con su condición íntegra.,1 de 4 ramas de la construcción de drogamedica_ult_ano garantizan un positivo de estimmed_alguna_vez.,"[{""tipo"": ""grafo_de_variables_derivadas"", ""archivo"": ""encodat_analysis/src/derived_vars.py"", ""indicador"": ""estimmed_alguna_vez"", ""variable_derivada"": ""anf_av"", ""etiqueta_oficial"": ""Anfetaminas Alguna Vez"", ""syntax_source"": ""reconstruccion_proyecto"", ""bloque"": ""av"", ""regla_de_confirmacion"": null, ""variables_de_origen"": [""dm1d"", ""dm3d1""], ""componentes_declarados"": [], ""condicion_positiva"": [""dm1d en {1} y dm3d1 en {1}""], ""origen_de_la_condicion"": ""definición de derived_vars para el bloque «av»""}, {""tipo"": ""grafo_de_variables_derivadas"", ""archivo"": ""encodat_analysis/src/derived_vars.py"", ""indicador"": ""drogamedica_ult_ano"", ""variable_derivada"": ""cdm_ua"", ""etiqueta_oficial"": ""Prevalencia de cualquier droga médica último año"", ""syntax_source"": ""reconstruccion_proyecto"", ""bloque"": ""ua"", ""regla_de_confirmacion"": null, ""variables_de_origen"": [""dm1a"", ""dm1b"", ""dm1c"", ""dm1d"", ""dm3a1"", ""dm3b1"", ""dm3c1"", ""dm3d1"", ""dm6a"", ""dm6b"", ""dm6c"", ""dm6d""], ""componentes_declarados"": [""opi_ua"", ""tra_ua"", ""sed_ua"", ""anf_ua""], ""condicion_positiva"": [""dm1a en {1} y dm3a1 en {1} y dm6a en {1-5}"", ""dm1b en {1} y dm3b1 en {1} y dm6b en {1-5}"", ""dm1c en {1} y dm3c1 en {1} y dm6c en {1-5}"", ""dm1d en {1} y dm3d1 en {1} y dm6d en {1-5}""], ""origen_de_la_condicion"": ""unión de los componentes declarados del agregado""}, {""tipo"": ""implicacion_logica"", ""implica"": ""drogamedica_ult_ano"", ""implicado"": ""estimmed_alguna_vez"", ""alcance"": ""parcial"", ""demostracion"": [{""condicion_b"": {""dm1d"": ""1"", ""dm3d1"": ""1"", ""dm6d"": ""1-5""}, ""condicion_b_con_saltos"": {""dm1d"": ""1"", ""dm3d1"": ""1"", ""dm6d"": ""1-5""}, ""condicion_a_garantizada"": {""dm1d"": ""1"", ""dm3d1"": ""1""}, ""saltos_usados"": [""dm3d1<-dm1d"", ""dm6d<-dm1d""]}]}, {""tipo"": ""salto_del_cuestionario_verificado"", ""archivo"": ""encodat_analysis/correlations/evidence/questionnaire_routing.json"", ""saltos"": [{""salto"": ""dm3d1<-dm1d"", ""parent_question"": ""DM1D. uso alguna vez de la sustancia"", ""parent_enabling_codes"": [1], ""counterexamples"": 0}, {""salto"": ""dm6d<-dm1d"", ""parent_question"": ""DM1D. uso alguna vez de la sustancia"", ""parent_enabling_codes"": [1], ""counterexamples"": 0}]}]","[""estimmed_alguna_vez"", ""drogamedica_ult_ano""]","estimmed_alguna_vez: Coincidencia nacional dentro de la tolerancia interna; falta verificar definición, denominador y celdas publicadas para certificar este indicador. No se declara incorrecto.; drogamedica_ult_ano: Diferencia con el objetivo nacional registrada por el propio análisis; falta resolver derivación y reproducir fuente antes de exponer resultados como validados.",False,,excluded_from_analysis
droga_cualq_ult_ano|drogaileg_ult_ano,droga_cualq_ult_ano,drogaileg_ult_ano,Cualquier droga (año),Droga ilegal (año),prev_ua,cdi_ua,excluded,agregado_vs_componente,Uno es un agregado que incluye al otro entre sus componentes declarados.,Todo positivo de drogaileg_ult_ano es necesariamente un positivo de droga_cualq_ult_ano por construcción.,"[{""tipo"": ""grafo_de_variables_derivadas"", ""archivo"": ""encodat_analysis/src/derived_vars.py"", ""indicador"": ""droga_cualq_ult_ano"", ""variable_derivada"": ""prev_ua"", ""etiqueta_oficial"": ""Prevalencia de cualquier droga último año"", ""syntax_source"": ""reconstruccion_proyecto"", ""bloque"": ""ua"", ""regla_de_confirmacion"": null, ""variables_de_origen"": [""di6a"", ""di6b"", ""di6c"", ""di6d"", ""di6e"", ""di6f"", ""di6f1"", ""di6g"", ""di6h"", ""di6i"", ""dm1a"", ""dm1b"", ""dm1c"", ""dm1d"", ""dm3a1"", ""dm3b1"", ""dm3c1"", ""dm3d1"", ""dm6a"", ""dm6b"", ""dm6c"", ""dm6d""], ""componentes_declarados"": [""opi_ua"", ""tra_ua"", ""sed_ua"", ""anf_ua"", ""mar_ua"", ""coc_ua"", ""cra_ua"", ""alu_ua"", ""inh_ua"", ""her_ua"", ""fent_ua"", ""met_ua"", ""otr_ua"", ""marsin_ua""], ""condicion_positiva"": [""dm1a en {1} y dm3a1 en {1} y dm6a en {1-5}"", ""dm1b en {1} y dm3b1 en {1} y dm6b en {1-5}"", ""dm1c en {1} y dm3c1 en {1} y dm6c en {1-5}"", ""dm1d en {1} y dm3d1 en {1} y dm6d en {1-5}"", ""di6a en {1-5}"", ""di6b en {1-5}"", ""di6c en {1-5}"", ""di6d en {1-5}"", ""di6e en {1-5}"", ""di6f en {1-5}"", ""di6f1 en {1-5}"", ""di6g en {1-5}"", ""di6h en {1-5}"", ""di6i en {1-5}""], ""origen_de_la_condicion"": ""unión de los componentes declarados del agregado""}, {""tipo"": ""grafo_de_variables_derivadas"", ""archivo"": ""encodat_analysis/src/derived_vars.py"", ""indicador"": ""drogaileg_ult_ano"", ""variable_derivada"": ""cdi_ua"", ""etiqueta_oficial"": ""Prevalencia de cualquier droga ilegal último año"", ""syntax_source"": ""reconstruccion_proyecto"", ""bloque"": ""ua"", ""regla_de_confirmacion"": null, ""variables_de_origen"": [""di6a"", ""di6b"", ""di6c"", ""di6d"", ""di6e"", ""di6f"", ""di6f1"", ""di6g"", ""di6h"", ""di6i""], ""componentes_declarados"": [""mar_ua"", ""coc_ua"", ""cra_ua"", ""alu_ua"", ""inh_ua"", ""her_ua"", ""fent_ua"", ""met_ua"", ""otr_ua"", ""marsin_ua""], ""condicion_positiva"": [""di6a en {1-5}"", ""di6b en {1-5}"", ""di6c en {1-5}"", ""di6d en {1-5}"", ""di6e en {1-5}"", ""di6f en {1-5}"", ""di6f1 en {1-5}"", ""di6g en {1-5}"", ""di6h en {1-5}"", ""di6i en {1-5}""], ""origen_de_la_condicion"": ""unión de los componentes declarados del agregado""}, {""tipo"": ""implicacion_logica"", ""implica"": ""drogaileg_ult_ano"", ""implicado"": ""droga_cualq_ult_ano"", ""alcance"": ""total"", ""demostracion"": [{""condicion_b"": {""di6a"": ""1-5""}, ""condicion_b_con_saltos"": {""di1a"": ""1"", ""di6a"": ""1-5""}, ""condicion_a_garantizada"": {""di6a"": ""1-5""}, ""saltos_usados"": [""di6a<-di1a""]}, {""condicion_b"": {""di6b"": ""1-5""}, ""condicion_b_con_saltos"": {""di1b"": ""1"", ""di6b"": ""1-5""}, ""condicion_a_garantizada"": {""di6b"": ""1-5""}, ""saltos_usados"": [""di6b<-di1b""]}, {""condicion_b"": {""di6c"": ""1-5""}, ""condicion_b_con_saltos"": {""di1c"": ""1"", ""di6c"": ""1-5""}, ""condicion_a_garantizada"": {""di6c"": ""1-5""}, ""saltos_usados"": [""di6c<-di1c""]}, {""condicion_b"": {""di6d"": ""1-5""}, ""condicion_b_con_saltos"": {""di1d"": ""1"", ""di6d"": ""1-5""}, ""condicion_a_garantizada"": {""di6d"": ""1-5""}, ""saltos_usados"": [""di6d<-di1d""]}, {""condicion_b"": {""di6e"": ""1-5""}, ""condicion_b_con_saltos"": {""di1e"": ""1"", ""di6e"": ""1-5""}, ""condicion_a_garantizada"": {""di6e"": ""1-5""}, ""saltos_usados"": [""di6e<-di1e""]}, {""condicion_b"": {""di6f"": ""1-5""}, ""condicion_b_con_saltos"": {""di1f"": ""1"", ""di6f"": ""1-5""}, ""condicion_a_garantizada"": {""di6f"": ""1-5""}, ""saltos_usados"": [""di6f<-di1f""]}, {""condicion_b"": {""di6f1"": ""1-5""}, ""condicion_b_con_saltos"": {""di1f1"": ""1"", ""di6f1"": ""1-5""}, ""condicion_a_garantizada"": {""di6f1"": ""1-5""}, ""saltos_usados"": [""di6f1<-di1f1""]}, {""condicion_b"": {""di6g"": ""1-5""}, ""condicion_b_con_saltos"": {""di1g"": ""1"", ""di6g"": ""1-5""}, ""condicion_a_garantizada"": {""di6g"": ""1-5""}, ""saltos_usados"": [""di6g<-di1g""]}, {""condicion_b"": {""di6h"": ""1-5""}, ""condicion_b_con_saltos"": {""di1h"": ""1"", ""di6h"": ""1-5""}, ""condicion_a_garantizada"": {""di6h"": ""1-5""}, ""saltos_usados"": [""di6h<-di1h""]}, {""condicion_b"": {""di6i"": ""1-5""}, ""condicion_b_con_saltos"": {""di1i"": ""1"", ""di6i"": ""1-5""}, ""condicion_a_garantizada"": {""di6i"": ""1-5""}, ""saltos_usados"": [""di6i<-di1i""]}]}, {""tipo"": ""salto_del_cuestionario_verificado"", ""archivo"": ""encodat_analysis/correlations/evidence/questionnaire_routing.json"", ""saltos"": [{""salto"": ""di6a<-di1a"", ""parent_question"": ""DI1A. uso alguna vez de la sustancia"", ""parent_enabling_codes"": [1], ""counterexamples"": 0}, {""salto"": ""di6b<-di1b"", ""parent_question"": ""DI1B. uso alguna vez de la sustancia"", ""parent_enabling_codes"": [1], ""counterexamples"": 0}, {""salto"": ""di6c<-di1c"", ""parent_question"": ""DI1C. uso alguna vez de la sustancia"", ""parent_enabling_codes"": [1], ""counterexamples"": 0}, {""salto"": ""di6d<-di1d"", ""parent_question"": ""DI1D. uso alguna vez de la sustancia"", ""parent_enabling_codes"": [1], ""counterexamples"": 0}, {""salto"": ""di6e<-di1e"", ""parent_question"": ""DI1E. uso alguna vez de la sustancia"", ""parent_enabling_codes"": [1], ""counterexamples"": 0}, {""salto"": ""di6f1<-di1f1"", ""parent_question"": ""DI1F1. uso alguna vez de la sustancia"", ""parent_enabling_codes"": [1], ""counterexamples"": 0}, {""salto"": ""di6f<-di1f"", ""parent_question"": ""DI1F. uso alguna vez de la sustancia"", ""parent_enabling_codes"": [1], ""counterexamples"": 0}, {""salto"": ""di6g<-di1g"", ""parent_question"": ""DI1G. uso alguna vez de la sustancia"", ""parent_enabling_codes"": [1], ""counterexamples"": 0}, {""salto"": ""di6h<-di1h"", ""parent_question"": ""DI1H. uso alguna vez de la sustancia"", ""parent_enabling_codes"": [1], ""counterexamples"": 0}, {""salto"": ""di6i<-di1i"", ""parent_question"": ""DI1I. uso alguna vez de la sustancia"", ""parent_enabling_codes"": [1], ""counterexamples"": 0}]}]","[""droga_cualq_ult_ano"", ""drogaileg_ult_ano""]","droga_cualq_ult_ano: Diferencia con el objetivo nacional registrada por el propio análisis; falta resolver derivación y reproducir fuente antes de exponer resultados como validados.; drogaileg_ult_ano: Coincidencia nacional dentro de la tolerancia interna; falta verificar definición, denominador y celdas publicadas para certificar este indicador. No se declara incorrecto.",True,True,excluded_from_analysis
droga_cualq_ult_ano|drogamedica_ult_ano,droga_cualq_ult_ano,drogamedica_ult_ano,Cualquier droga (año),Droga médica (año),prev_ua,cdm_ua,excluded,agregado_vs_componente,Uno es un agregado que incluye al otro entre sus componentes declarados.,Todo positivo de drogamedica_ult_ano es necesariamente un positivo de droga_cualq_ult_ano por construcción.,"[{""tipo"": ""grafo_de_variables_derivadas"", ""archivo"": ""encodat_analysis/src/derived_vars.py"", ""indicador"": ""droga_cualq_ult_ano"", ""variable_derivada"": ""prev_ua"", ""etiqueta_oficial"": ""Prevalencia de cualquier droga último año"", ""syntax_source"": ""reconstruccion_proyecto"", ""bloque"": ""ua"", ""regla_de_confirmacion"": null, ""variables_de_origen"": [""di6a"", ""di6b"", ""di6c"", ""di6d"", ""di6e"", ""di6f"", ""di6f1"", ""di6g"", ""di6h"", ""di6i"", ""dm1a"", ""dm1b"", ""dm1c"", ""dm1d"", ""dm3a1"", ""dm3b1"", ""dm3c1"", ""dm3d1"", ""dm6a"", ""dm6b"", ""dm6c"", ""dm6d""], ""componentes_declarados"": [""opi_ua"", ""tra_ua"", ""sed_ua"", ""anf_ua"", ""mar_ua"", ""coc_ua"", ""cra_ua"", ""alu_ua"", ""inh_ua"", ""her_ua"", ""fent_ua"", ""met_ua"", ""otr_ua"", ""marsin_ua""], ""condicion_positiva"": [""dm1a en {1} y dm3a1 en {1} y dm6a en {1-5}"", ""dm1b en {1} y dm3b1 en {1} y dm6b en {1-5}"", ""dm1c en {1} y dm3c1 en {1} y dm6c en {1-5}"", ""dm1d en {1} y dm3d1 en {1} y dm6d en {1-5}"", ""di6a en {1-5}"", ""di6b en {1-5}"", ""di6c en {1-5}"", ""di6d en {1-5}"", ""di6e en {1-5}"", ""di6f en {1-5}"", ""di6f1 en {1-5}"", ""di6g en {1-5}"", ""di6h en {1-5}"", ""di6i en {1-5}""], ""origen_de_la_condicion"": ""unión de los componentes declarados del agregado""}, {""tipo"": ""grafo_de_variables_derivadas"", ""archivo"": ""encodat_analysis/src/derived_vars.py"", ""indicador"": ""drogamedica_ult_ano"", ""variable_derivada"": ""cdm_ua"", ""etiqueta_oficial"": ""Prevalencia de cualquier droga médica último año"", ""syntax_source"": ""reconstruccion_proyecto"", ""bloque"": ""ua"", ""regla_de_confirmacion"": null, ""variables_de_origen"": [""dm1a"", ""dm1b"", ""dm1c"", ""dm1d"", ""dm3a1"", ""dm3b1"", ""dm3c1"", ""dm3d1"", ""dm6a"", ""dm6b"", ""dm6c"", ""dm6d""], ""componentes_declarados"": [""opi_ua"", ""tra_ua"", ""sed_ua"", ""anf_ua""], ""condicion_positiva"": [""dm1a en {1} y dm3a1 en {1} y dm6a en {1-5}"", ""dm1b en {1} y dm3b1 en {1} y dm6b en {1-5}"", ""dm1c en {1} y dm3c1 en {1} y dm6c en {1-5}"", ""dm1d en {1} y dm3d1 en {1} y dm6d en {1-5}""], ""origen_de_la_condicion"": ""unión de los componentes declarados del agregado""}, {""tipo"": ""implicacion_logica"", ""implica"": ""drogamedica_ult_ano"", ""implicado"": ""droga_cualq_ult_ano"", ""alcance"": ""total"", ""demostracion"": [{""condicion_b"": {""dm1a"": ""1"", ""dm3a1"": ""1"", ""dm6a"": ""1-5""}, ""condicion_b_con_saltos"": {""dm1a"": ""1"", ""dm3a1"": ""1"", ""dm6a"": ""1-5""}, ""condicion_a_garantizada"": {""dm1a"": ""1"", ""dm3a1"": ""1"", ""dm6a"": ""1-5""}, ""saltos_usados"": [""dm3a1<-dm1a"", ""dm6a<-dm1a""]}, {""condicion_b"": {""dm1b"": ""1"", ""dm3b1"": ""1"", ""dm6b"": ""1-5""}, ""condicion_b_con_saltos"": {""dm1b"": ""1"", ""dm3b1"": ""1"", ""dm6b"": ""1-5""}, ""condicion_a_garantizada"": {""dm1b"": ""1"", ""dm3b1"": ""1"", ""dm6b"": ""1-5""}, ""saltos_usados"": [""dm3b1<-dm1b"", ""dm6b<-dm1b""]}, {""condicion_b"": {""dm1c"": ""1"", ""dm3c1"": ""1"", ""dm6c"": ""1-5""}, ""condicion_b_con_saltos"": {""dm1c"": ""1"", ""dm3c1"": ""1"", ""dm6c"": ""1-5""}, ""condicion_a_garantizada"": {""dm1c"": ""1"", ""dm3c1"": ""1"", ""dm6c"": ""1-5""}, ""saltos_usados"": [""dm3c1<-dm1c"", ""dm6c<-dm1c""]}, {""condicion_b"": {""dm1d"": ""1"", ""dm3d1"": ""1"", ""dm6d"": ""1-5""}, ""condicion_b_con_saltos"": {""dm1d"": ""1"", ""dm3d1"": ""1"", ""dm6d"": ""1-5""}, ""condicion_a_garantizada"": {""dm1d"": ""1"", ""dm3d1"": ""1"", ""dm6d"": ""1-5""}, ""saltos_usados"": [""dm3d1<-dm1d"", ""dm6d<-dm1d""]}]}, {""tipo"": ""salto_del_cuestionario_verificado"", ""archivo"": ""encodat_analysis/correlations/evidence/questionnaire_routing.json"", ""saltos"": [{""salto"": ""dm3a1<-dm1a"", ""parent_question"": ""DM1A. uso alguna vez de la sustancia"", ""parent_enabling_codes"": [1], ""counterexamples"": 0}, {""salto"": ""dm3b1<-dm1b"", ""parent_question"": ""DM1B. uso alguna vez de la sustancia"", ""parent_enabling_codes"": [1], ""counterexamples"": 0}, {""salto"": ""dm3c1<-dm1c"", ""parent_question"": ""DM1C. uso alguna vez de la sustancia"", ""parent_enabling_codes"": [1], ""counterexamples"": 0}, {""salto"": ""dm3d1<-dm1d"", ""parent_question"": ""DM1D. uso alguna vez de la sustancia"", ""parent_enabling_codes"": [1], ""counterexamples"": 0}, {""salto"": ""dm6a<-dm1a"", ""parent_question"": ""DM1A. uso alguna vez de la sustancia"", ""parent_enabling_codes"": [1], ""counterexamples"": 0}, {""salto"": ""dm6b<-dm1b"", ""parent_question"": ""DM1B. uso alguna vez de la sustancia"", ""parent_enabling_codes"": [1], ""counterexamples"": 0}, {""salto"": ""dm6c<-dm1c"", ""parent_question"": ""DM1C. uso alguna vez de la sustancia"", ""parent_enabling_codes"": [1], ""counterexamples"": 0}, {""salto"": ""dm6d<-dm1d"", ""parent_question"": ""DM1D. uso alguna vez de la sustancia"", ""parent_enabling_codes"": [1], ""counterexamples"": 0}]}]","[""droga_cualq_ult_ano"", ""drogamedica_ult_ano""]",droga_cualq_ult_ano: Diferencia con el objetivo nacional registrada por el propio análisis; falta resolver derivación y reproducir fuente antes de exponer resultados como validados.; drogamedica_ult_ano: Diferencia con el objetivo nacional registrada por el propio análisis; falta resolver derivación y reproducir fuente antes de exponer resultados como validados.,True,True,excluded_from_analysis
cannabis_ult_ano|droga_cualq_ult_ano,droga_cualq_ult_ano,cannabis_ult_ano,Cualquier droga (año),Cannabis (año),prev_ua,mar_ua,excluded,agregado_vs_componente,Uno es un agregado que incluye al otro entre sus componentes declarados.,Todo positivo de cannabis_ult_ano es necesariamente un positivo de droga_cualq_ult_ano por construcción.,"[{""tipo"": ""grafo_de_variables_derivadas"", ""archivo"": ""encodat_analysis/src/derived_vars.py"", ""indicador"": ""droga_cualq_ult_ano"", ""variable_derivada"": ""prev_ua"", ""etiqueta_oficial"": ""Prevalencia de cualquier droga último año"", ""syntax_source"": ""reconstruccion_proyecto"", ""bloque"": ""ua"", ""regla_de_confirmacion"": null, ""variables_de_origen"": [""di6a"", ""di6b"", ""di6c"", ""di6d"", ""di6e"", ""di6f"", ""di6f1"", ""di6g"", ""di6h"", ""di6i"", ""dm1a"", ""dm1b"", ""dm1c"", ""dm1d"", ""dm3a1"", ""dm3b1"", ""dm3c1"", ""dm3d1"", ""dm6a"", ""dm6b"", ""dm6c"", ""dm6d""], ""componentes_declarados"": [""opi_ua"", ""tra_ua"", ""sed_ua"", ""anf_ua"", ""mar_ua"", ""coc_ua"", ""cra_ua"", ""alu_ua"", ""inh_ua"", ""her_ua"", ""fent_ua"", ""met_ua"", ""otr_ua"", ""marsin_ua""], ""condicion_positiva"": [""dm1a en {1} y dm3a1 en {1} y dm6a en {1-5}"", ""dm1b en {1} y dm3b1 en {1} y dm6b en {1-5}"", ""dm1c en {1} y dm3c1 en {1} y dm6c en {1-5}"", ""dm1d en {1} y dm3d1 en {1} y dm6d en {1-5}"", ""di6a en {1-5}"", ""di6b en {1-5}"", ""di6c en {1-5}"", ""di6d en {1-5}"", ""di6e en {1-5}"", ""di6f en {1-5}"", ""di6f1 en {1-5}"", ""di6g en {1-5}"", ""di6h en {1-5}"", ""di6i en {1-5}""], ""origen_de_la_condicion"": ""unión de los componentes declarados del agregado""}, {""tipo"": ""grafo_de_variables_derivadas"", ""archivo"": ""encodat_analysis/src/derived_vars.py"", ""indicador"": ""cannabis_ult_ano"", ""variable_derivada"": ""mar_ua"", ""etiqueta_oficial"": ""Mariguana Último Año"", ""syntax_source"": ""reconstruccion_proyecto"", ""bloque"": ""ua"", ""regla_de_confirmacion"": null, ""variables_de_origen"": [""di6a""], ""componentes_declarados"": [], ""condicion_positiva"": [""di6a en {1-5}""], ""origen_de_la_condicion"": ""definición de derived_vars para el bloque «ua»""}, {""tipo"": ""implicacion_logica"", ""implica"": ""cannabis_ult_ano"", ""implicado"": ""droga_cualq_ult_ano"", ""alcance"": ""total"", ""demostracion"": [{""condicion_b"": {""di6a"": ""1-5""}, ""condicion_b_con_saltos"": {""di1a"": ""1"", ""di6a"": ""1-5""}, ""condicion_a_garantizada"": {""di6a"": ""1-5""}, ""saltos_usados"": [""di6a<-di1a""]}]}, {""tipo"": ""salto_del_cuestionario_verificado"", ""archivo"": ""encodat_analysis/correlations/evidence/questionnaire_routing.json"", ""saltos"": [{""salto"": ""di6a<-di1a"", ""parent_question"": ""DI1A. uso alguna vez de la sustancia"", ""parent_enabling_codes"": [1], ""counterexamples"": 0}]}]","[""droga_cualq_ult_ano"", ""cannabis_ult_ano""]","droga_cualq_ult_ano: Diferencia con el objetivo nacional registrada por el propio análisis; falta resolver derivación y reproducir fuente antes de exponer resultados como validados.; cannabis_ult_ano: Coincidencia nacional dentro de la tolerancia interna; falta verificar definición, denominador y celdas publicadas para certificar este indicador. No se declara incorrecto.",True,True,excluded_from_analysis
cocaina_ult_ano|droga_cualq_ult_ano,droga_cualq_ult_ano,cocaina_ult_ano,Cualquier droga (año),Cocaína (año),prev_ua,coc_ua,excluded,agregado_vs_componente,Uno es un agregado que incluye al otro entre sus componentes declarados.,Todo positivo de cocaina_ult_ano es necesariamente un positivo de droga_cualq_ult_ano por construcción.,"[{""tipo"": ""grafo_de_variables_derivadas"", ""archivo"": ""encodat_analysis/src/derived_vars.py"", ""indicador"": ""droga_cualq_ult_ano"", ""variable_derivada"": ""prev_ua"", ""etiqueta_oficial"": ""Prevalencia de cualquier droga último año"", ""syntax_source"": ""reconstruccion_proyecto"", ""bloque"": ""ua"", ""regla_de_confirmacion"": null, ""variables_de_origen"": [""di6a"", ""di6b"", ""di6c"", ""di6d"", ""di6e"", ""di6f"", ""di6f1"", ""di6g"", ""di6h"", ""di6i"", ""dm1a"", ""dm1b"", ""dm1c"", ""dm1d"", ""dm3a1"", ""dm3b1"", ""dm3c1"", ""dm3d1"", ""dm6a"", ""dm6b"", ""dm6c"", ""dm6d""], ""componentes_declarados"": [""opi_ua"", ""tra_ua"", ""sed_ua"", ""anf_ua"", ""mar_ua"", ""coc_ua"", ""cra_ua"", ""alu_ua"", ""inh_ua"", ""her_ua"", ""fent_ua"", ""met_ua"", ""otr_ua"", ""marsin_ua""], ""condicion_positiva"": [""dm1a en {1} y dm3a1 en {1} y dm6a en {1-5}"", ""dm1b en {1} y dm3b1 en {1} y dm6b en {1-5}"", ""dm1c en {1} y dm3c1 en {1} y dm6c en {1-5}"", ""dm1d en {1} y dm3d1 en {1} y dm6d en {1-5}"", ""di6a en {1-5}"", ""di6b en {1-5}"", ""di6c en {1-5}"", ""di6d en {1-5}"", ""di6e en {1-5}"", ""di6f en {1-5}"", ""di6f1 en {1-5}"", ""di6g en {1-5}"", ""di6h en {1-5}"", ""di6i en {1-5}""], ""origen_de_la_condicion"": ""unión de los componentes declarados del agregado""}, {""tipo"": ""grafo_de_variables_derivadas"", ""archivo"": ""encodat_analysis/src/derived_vars.py"", ""indicador"": ""cocaina_ult_ano"", ""variable_derivada"": ""coc_ua"", ""etiqueta_oficial"": ""Cocaína Último Año"", ""syntax_source"": ""reconstruccion_proyecto"", ""bloque"": ""ua"", ""regla_de_confirmacion"": null, ""variables_de_origen"": [""di6b""], ""componentes_declarados"": [], ""condicion_positiva"": [""di6b en {1-5}""], ""origen_de_la_condicion"": ""definición de derived_vars para el bloque «ua»""}, {""tipo"": ""implicacion_logica"", ""implica"": ""cocaina_ult_ano"", ""implicado"": ""droga_cualq_ult_ano"", ""alcance"": ""total"", ""demostracion"": [{""condicion_b"": {""di6b"": ""1-5""}, ""condicion_b_con_saltos"": {""di1b"": ""1"", ""di6b"": ""1-5""}, ""condicion_a_garantizada"": {""di6b"": ""1-5""}, ""saltos_usados"": [""di6b<-di1b""]}]}, {""tipo"": ""salto_del_cuestionario_verificado"", ""archivo"": ""encodat_analysis/correlations/evidence/questionnaire_routing.json"", ""saltos"": [{""salto"": ""di6b<-di1b"", ""parent_question"": ""DI1B. uso alguna vez de la sustancia"", ""parent_enabling_codes"": [1], ""counterexamples"": 0}]}]","[""droga_cualq_ult_ano"", ""cocaina_ult_ano""]","droga_cualq_ult_ano: Diferencia con el objetivo nacional registrada por el propio análisis; falta resolver derivación y reproducir fuente antes de exponer resultados como validados.; cocaina_ult_ano: Coincidencia nacional dentro de la tolerancia interna; falta verificar definición, denominador y celdas publicadas para certificar este indicador. No se declara incorrecto.",True,True,excluded_from_analysis
ats_ult_ano|droga_cualq_ult_ano,droga_cualq_ult_ano,ats_ult_ano,Cualquier droga (año),Metanfetaminas (año),prev_ua,met_ua,excluded,agregado_vs_componente,Uno es un agregado que incluye al otro entre sus componentes declarados.,Todo positivo de ats_ult_ano es necesariamente un positivo de droga_cualq_ult_ano por construcción.,"[{""tipo"": ""grafo_de_variables_derivadas"", ""archivo"": ""encodat_analysis/src/derived_vars.py"", ""indicador"": ""droga_cualq_ult_ano"", ""variable_derivada"": ""prev_ua"", ""etiqueta_oficial"": ""Prevalencia de cualquier droga último año"", ""syntax_source"": ""reconstruccion_proyecto"", ""bloque"": ""ua"", ""regla_de_confirmacion"": null, ""variables_de_origen"": [""di6a"", ""di6b"", ""di6c"", ""di6d"", ""di6e"", ""di6f"", ""di6f1"", ""di6g"", ""di6h"", ""di6i"", ""dm1a"", ""dm1b"", ""dm1c"", ""dm1d"", ""dm3a1"", ""dm3b1"", ""dm3c1"", ""dm3d1"", ""dm6a"", ""dm6b"", ""dm6c"", ""dm6d""], ""componentes_declarados"": [""opi_ua"", ""tra_ua"", ""sed_ua"", ""anf_ua"", ""mar_ua"", ""coc_ua"", ""cra_ua"", ""alu_ua"", ""inh_ua"", ""her_ua"", ""fent_ua"", ""met_ua"", ""otr_ua"", ""marsin_ua""], ""condicion_positiva"": [""dm1a en {1} y dm3a1 en {1} y dm6a en {1-5}"", ""dm1b en {1} y dm3b1 en {1} y dm6b en {1-5}"", ""dm1c en {1} y dm3c1 en {1} y dm6c en {1-5}"", ""dm1d en {1} y dm3d1 en {1} y dm6d en {1-5}"", ""di6a en {1-5}"", ""di6b en {1-5}"", ""di6c en {1-5}"", ""di6d en {1-5}"", ""di6e en {1-5}"", ""di6f en {1-5}"", ""di6f1 en {1-5}"", ""di6g en {1-5}"", ""di6h en {1-5}"", ""di6i en {1-5}""], ""origen_de_la_condicion"": ""unión de los componentes declarados del agregado""}, {""tipo"": ""grafo_de_variables_derivadas"", ""archivo"": ""encodat_analysis/src/derived_vars.py"", ""indicador"": ""ats_ult_ano"", ""variable_derivada"": ""met_ua"", ""etiqueta_oficial"": ""Estimulantes tipo anfetamínico Último Año"", ""syntax_source"": ""reconstruccion_proyecto"", ""bloque"": ""ua"", ""regla_de_confirmacion"": null, ""variables_de_origen"": [""di6g""], ""componentes_declarados"": [], ""condicion_positiva"": [""di6g en {1-5}""], ""origen_de_la_condicion"": ""definición de derived_vars para el bloque «ua»""}, {""tipo"": ""implicacion_logica"", ""implica"": ""ats_ult_ano"", ""implicado"": ""droga_cualq_ult_ano"", ""alcance"": ""total"", ""demostracion"": [{""condicion_b"": {""di6g"": ""1-5""}, ""condicion_b_con_saltos"": {""di1g"": ""1"", ""di6g"": ""1-5""}, ""condicion_a_garantizada"": {""di6g"": ""1-5""}, ""saltos_usados"": [""di6g<-di1g""]}]}, {""tipo"": ""salto_del_cuestionario_verificado"", ""archivo"": ""encodat_analysis/correlations/evidence/questionnaire_routing.json"", ""saltos"": [{""salto"": ""di6g<-di1g"", ""parent_question"": ""DI1G. uso alguna vez de la sustancia"", ""parent_enabling_codes"": [1], ""counterexamples"": 0}]}]","[""droga_cualq_ult_ano"", ""ats_ult_ano""]","droga_cualq_ult_ano: Diferencia con el objetivo nacional registrada por el propio análisis; falta resolver derivación y reproducir fuente antes de exponer resultados como validados.; ats_ult_ano: Coincidencia nacional dentro de la tolerancia interna; falta verificar definición, denominador y celdas publicadas para certificar este indicador. No se declara incorrecto.",True,True,excluded_from_analysis
cannabis_ult_ano|drogaileg_ult_ano,drogaileg_ult_ano,cannabis_ult_ano,Droga ilegal (año),Cannabis (año),cdi_ua,mar_ua,excluded,agregado_vs_componente,Uno es un agregado que incluye al otro entre sus componentes declarados.,Todo positivo de cannabis_ult_ano es necesariamente un positivo de drogaileg_ult_ano por construcción.,"[{""tipo"": ""grafo_de_variables_derivadas"", ""archivo"": ""encodat_analysis/src/derived_vars.py"", ""indicador"": ""drogaileg_ult_ano"", ""variable_derivada"": ""cdi_ua"", ""etiqueta_oficial"": ""Prevalencia de cualquier droga ilegal último año"", ""syntax_source"": ""reconstruccion_proyecto"", ""bloque"": ""ua"", ""regla_de_confirmacion"": null, ""variables_de_origen"": [""di6a"", ""di6b"", ""di6c"", ""di6d"", ""di6e"", ""di6f"", ""di6f1"", ""di6g"", ""di6h"", ""di6i""], ""componentes_declarados"": [""mar_ua"", ""coc_ua"", ""cra_ua"", ""alu_ua"", ""inh_ua"", ""her_ua"", ""fent_ua"", ""met_ua"", ""otr_ua"", ""marsin_ua""], ""condicion_positiva"": [""di6a en {1-5}"", ""di6b en {1-5}"", ""di6c en {1-5}"", ""di6d en {1-5}"", ""di6e en {1-5}"", ""di6f en {1-5}"", ""di6f1 en {1-5}"", ""di6g en {1-5}"", ""di6h en {1-5}"", ""di6i en {1-5}""], ""origen_de_la_condicion"": ""unión de los componentes declarados del agregado""}, {""tipo"": ""grafo_de_variables_derivadas"", ""archivo"": ""encodat_analysis/src/derived_vars.py"", ""indicador"": ""cannabis_ult_ano"", ""variable_derivada"": ""mar_ua"", ""etiqueta_oficial"": ""Mariguana Último Año"", ""syntax_source"": ""reconstruccion_proyecto"", ""bloque"": ""ua"", ""regla_de_confirmacion"": null, ""variables_de_origen"": [""di6a""], ""componentes_declarados"": [], ""condicion_positiva"": [""di6a en {1-5}""], ""origen_de_la_condicion"": ""definición de derived_vars para el bloque «ua»""}, {""tipo"": ""implicacion_logica"", ""implica"": ""cannabis_ult_ano"", ""implicado"": ""drogaileg_ult_ano"", ""alcance"": ""total"", ""demostracion"": [{""condicion_b"": {""di6a"": ""1-5""}, ""condicion_b_con_saltos"": {""di1a"": ""1"", ""di6a"": ""1-5""}, ""condicion_a_garantizada"": {""di6a"": ""1-5""}, ""saltos_usados"": [""di6a<-di1a""]}]}, {""tipo"": ""salto_del_cuestionario_verificado"", ""archivo"": ""encodat_analysis/correlations/evidence/questionnaire_routing.json"", ""saltos"": [{""salto"": ""di6a<-di1a"", ""parent_question"": ""DI1A. uso alguna vez de la sustancia"", ""parent_enabling_codes"": [1], ""counterexamples"": 0}]}]","[""drogaileg_ult_ano"", ""cannabis_ult_ano""]","drogaileg_ult_ano: Coincidencia nacional dentro de la tolerancia interna; falta verificar definición, denominador y celdas publicadas para certificar este indicador. No se declara incorrecto.; cannabis_ult_ano: Coincidencia nacional dentro de la tolerancia interna; falta verificar definición, denominador y celdas publicadas para certificar este indicador. No se declara incorrecto.",True,True,excluded_from_analysis
cocaina_ult_ano|drogaileg_ult_ano,drogaileg_ult_ano,cocaina_ult_ano,Droga ilegal (año),Cocaína (año),cdi_ua,coc_ua,excluded,agregado_vs_componente,Uno es un agregado que incluye al otro entre sus componentes declarados.,Todo positivo de cocaina_ult_ano es necesariamente un positivo de drogaileg_ult_ano por construcción.,"[{""tipo"": ""grafo_de_variables_derivadas"", ""archivo"": ""encodat_analysis/src/derived_vars.py"", ""indicador"": ""drogaileg_ult_ano"", ""variable_derivada"": ""cdi_ua"", ""etiqueta_oficial"": ""Prevalencia de cualquier droga ilegal último año"", ""syntax_source"": ""reconstruccion_proyecto"", ""bloque"": ""ua"", ""regla_de_confirmacion"": null, ""variables_de_origen"": [""di6a"", ""di6b"", ""di6c"", ""di6d"", ""di6e"", ""di6f"", ""di6f1"", ""di6g"", ""di6h"", ""di6i""], ""componentes_declarados"": [""mar_ua"", ""coc_ua"", ""cra_ua"", ""alu_ua"", ""inh_ua"", ""her_ua"", ""fent_ua"", ""met_ua"", ""otr_ua"", ""marsin_ua""], ""condicion_positiva"": [""di6a en {1-5}"", ""di6b en {1-5}"", ""di6c en {1-5}"", ""di6d en {1-5}"", ""di6e en {1-5}"", ""di6f en {1-5}"", ""di6f1 en {1-5}"", ""di6g en {1-5}"", ""di6h en {1-5}"", ""di6i en {1-5}""], ""origen_de_la_condicion"": ""unión de los componentes declarados del agregado""}, {""tipo"": ""grafo_de_variables_derivadas"", ""archivo"": ""encodat_analysis/src/derived_vars.py"", ""indicador"": ""cocaina_ult_ano"", ""variable_derivada"": ""coc_ua"", ""etiqueta_oficial"": ""Cocaína Último Año"", ""syntax_source"": ""reconstruccion_proyecto"", ""bloque"": ""ua"", ""regla_de_confirmacion"": null, ""variables_de_origen"": [""di6b""], ""componentes_declarados"": [], ""condicion_positiva"": [""di6b en {1-5}""], ""origen_de_la_condicion"": ""definición de derived_vars para el bloque «ua»""}, {""tipo"": ""implicacion_logica"", ""implica"": ""cocaina_ult_ano"", ""implicado"": ""drogaileg_ult_ano"", ""alcance"": ""total"", ""demostracion"": [{""condicion_b"": {""di6b"": ""1-5""}, ""condicion_b_con_saltos"": {""di1b"": ""1"", ""di6b"": ""1-5""}, ""condicion_a_garantizada"": {""di6b"": ""1-5""}, ""saltos_usados"": [""di6b<-di1b""]}]}, {""tipo"": ""salto_del_cuestionario_verificado"", ""archivo"": ""encodat_analysis/correlations/evidence/questionnaire_routing.json"", ""saltos"": [{""salto"": ""di6b<-di1b"", ""parent_question"": ""DI1B. uso alguna vez de la sustancia"", ""parent_enabling_codes"": [1], ""counterexamples"": 0}]}]","[""drogaileg_ult_ano"", ""cocaina_ult_ano""]","drogaileg_ult_ano: Coincidencia nacional dentro de la tolerancia interna; falta verificar definición, denominador y celdas publicadas para certificar este indicador. No se declara incorrecto.; cocaina_ult_ano: Coincidencia nacional dentro de la tolerancia interna; falta verificar definición, denominador y celdas publicadas para certificar este indicador. No se declara incorrecto.",True,True,excluded_from_analysis
ats_ult_ano|drogaileg_ult_ano,drogaileg_ult_ano,ats_ult_ano,Droga ilegal (año),Metanfetaminas (año),cdi_ua,met_ua,excluded,agregado_vs_componente,Uno es un agregado que incluye al otro entre sus componentes declarados.,Todo positivo de ats_ult_ano es necesariamente un positivo de drogaileg_ult_ano por construcción.,"[{""tipo"": ""grafo_de_variables_derivadas"", ""archivo"": ""encodat_analysis/src/derived_vars.py"", ""indicador"": ""drogaileg_ult_ano"", ""variable_derivada"": ""cdi_ua"", ""etiqueta_oficial"": ""Prevalencia de cualquier droga ilegal último año"", ""syntax_source"": ""reconstruccion_proyecto"", ""bloque"": ""ua"", ""regla_de_confirmacion"": null, ""variables_de_origen"": [""di6a"", ""di6b"", ""di6c"", ""di6d"", ""di6e"", ""di6f"", ""di6f1"", ""di6g"", ""di6h"", ""di6i""], ""componentes_declarados"": [""mar_ua"", ""coc_ua"", ""cra_ua"", ""alu_ua"", ""inh_ua"", ""her_ua"", ""fent_ua"", ""met_ua"", ""otr_ua"", ""marsin_ua""], ""condicion_positiva"": [""di6a en {1-5}"", ""di6b en {1-5}"", ""di6c en {1-5}"", ""di6d en {1-5}"", ""di6e en {1-5}"", ""di6f en {1-5}"", ""di6f1 en {1-5}"", ""di6g en {1-5}"", ""di6h en {1-5}"", ""di6i en {1-5}""], ""origen_de_la_condicion"": ""unión de los componentes declarados del agregado""}, {""tipo"": ""grafo_de_variables_derivadas"", ""archivo"": ""encodat_analysis/src/derived_vars.py"", ""indicador"": ""ats_ult_ano"", ""variable_derivada"": ""met_ua"", ""etiqueta_oficial"": ""Estimulantes tipo anfetamínico Último Año"", ""syntax_source"": ""reconstruccion_proyecto"", ""bloque"": ""ua"", ""regla_de_confirmacion"": null, ""variables_de_origen"": [""di6g""], ""componentes_declarados"": [], ""condicion_positiva"": [""di6g en {1-5}""], ""origen_de_la_condicion"": ""definición de derived_vars para el bloque «ua»""}, {""tipo"": ""implicacion_logica"", ""implica"": ""ats_ult_ano"", ""implicado"": ""drogaileg_ult_ano"", ""alcance"": ""total"", ""demostracion"": [{""condicion_b"": {""di6g"": ""1-5""}, ""condicion_b_con_saltos"": {""di1g"": ""1"", ""di6g"": ""1-5""}, ""condicion_a_garantizada"": {""di6g"": ""1-5""}, ""saltos_usados"": [""di6g<-di1g""]}]}, {""tipo"": ""salto_del_cuestionario_verificado"", ""archivo"": ""encodat_analysis/correlations/evidence/questionnaire_routing.json"", ""saltos"": [{""salto"": ""di6g<-di1g"", ""parent_question"": ""DI1G. uso alguna vez de la sustancia"", ""parent_enabling_codes"": [1], ""counterexamples"": 0}]}]","[""drogaileg_ult_ano"", ""ats_ult_ano""]","drogaileg_ult_ano: Coincidencia nacional dentro de la tolerancia interna; falta verificar definición, denominador y celdas publicadas para certificar este indicador. No se declara incorrecto.; ats_ult_ano: Coincidencia nacional dentro de la tolerancia interna; falta verificar definición, denominador y celdas publicadas para certificar este indicador. No se declara incorrecto.",True,True,excluded_from_analysis
alc_alguna_vez|alc_ult_ano,alc_alguna_vez,alc_ult_ano,Alcohol,Alcohol (año),,,excluded,salto_del_cuestionario,"Un positivo del primero solo es posible si el segundo ya es positivo, por el salto del cuestionario.",Todo positivo de alc_ult_ano es necesariamente un positivo de alc_alguna_vez por construcción.,"[{""tipo"": ""grafo_de_variables_derivadas"", ""archivo"": ""encodat_analysis/src/derived_vars.py"", ""indicador"": ""alc_alguna_vez"", ""variable_derivada"": null, ""etiqueta_oficial"": null, ""syntax_source"": ""reconstruccion_proyecto"", ""bloque"": null, ""regla_de_confirmacion"": null, ""variables_de_origen"": [""al1""], ""componentes_declarados"": [], ""condicion_positiva"": [""al1 en {1}""], ""origen_de_la_condicion"": ""AL1. ¿Ha consumido alguna vez cualquier bebida que contenga alcohol? (1 = Sí)""}, {""tipo"": ""grafo_de_variables_derivadas"", ""archivo"": ""encodat_analysis/src/derived_vars.py"", ""indicador"": ""alc_ult_ano"", ""variable_derivada"": null, ""etiqueta_oficial"": null, ""syntax_source"": ""reconstruccion_proyecto"", ""bloque"": null, ""regla_de_confirmacion"": null, ""variables_de_origen"": [""al4""], ""componentes_declarados"": [], ""condicion_positiva"": [""al4 en {1-5}""], ""origen_de_la_condicion"": ""AL4, categorías 1..5; el código 6 es «Nunca en los últimos 12 meses»""}, {""tipo"": ""implicacion_logica"", ""implica"": ""alc_ult_ano"", ""implicado"": ""alc_alguna_vez"", ""alcance"": ""total"", ""demostracion"": [{""condicion_b"": {""al4"": ""1-5""}, ""condicion_b_con_saltos"": {""al1"": ""1"", ""al4"": ""1-5""}, ""condicion_a_garantizada"": {""al1"": ""1""}, ""saltos_usados"": [""al4<-al1""]}]}, {""tipo"": ""salto_del_cuestionario_verificado"", ""archivo"": ""encodat_analysis/correlations/evidence/questionnaire_routing.json"", ""saltos"": [{""salto"": ""al4<-al1"", ""parent_question"": ""AL1. ¿Ha consumido alguna vez cualquier bebida que contenga alcohol?"", ""parent_enabling_codes"": [1], ""counterexamples"": 0}]}]","[""alc_ult_ano""]",alc_ult_ano: Diferencia con el objetivo nacional registrada por el propio análisis; falta resolver derivación y reproducir fuente antes de exponer resultados como validados.,True,True,excluded_from_analysis
alc_alguna_vez|alc_ult_mes,alc_alguna_vez,alc_ult_mes,Alcohol,Alcohol (mes),,,excluded,salto_del_cuestionario,"Un positivo del primero solo es posible si el segundo ya es positivo, por el salto del cuestionario.",Todo positivo de alc_ult_mes es necesariamente un positivo de alc_alguna_vez por construcción.,"[{""tipo"": ""grafo_de_variables_derivadas"", ""archivo"": ""encodat_analysis/src/derived_vars.py"", ""indicador"": ""alc_alguna_vez"", ""variable_derivada"": null, ""etiqueta_oficial"": null, ""syntax_source"": ""reconstruccion_proyecto"", ""bloque"": null, ""regla_de_confirmacion"": null, ""variables_de_origen"": [""al1""], ""componentes_declarados"": [], ""condicion_positiva"": [""al1 en {1}""], ""origen_de_la_condicion"": ""AL1. ¿Ha consumido alguna vez cualquier bebida que contenga alcohol? (1 = Sí)""}, {""tipo"": ""grafo_de_variables_derivadas"", ""archivo"": ""encodat_analysis/src/derived_vars.py"", ""indicador"": ""alc_ult_mes"", ""variable_derivada"": null, ""etiqueta_oficial"": null, ""syntax_source"": ""reconstruccion_proyecto"", ""bloque"": null, ""regla_de_confirmacion"": null, ""variables_de_origen"": [""al8"", ""al9""], ""componentes_declarados"": [], ""condicion_positiva"": [""al8 en {1-8}"", ""al9 en {1-4}""], ""origen_de_la_condicion"": ""AL8 categorías 1..8 o AL9 categorías 1..4; AL9=5 es «nunca en el último mes»""}, {""tipo"": ""implicacion_logica"", ""implica"": ""alc_ult_mes"", ""implicado"": ""alc_alguna_vez"", ""alcance"": ""total"", ""demostracion"": [{""condicion_b"": {""al8"": ""1-8""}, ""condicion_b_con_saltos"": {""al1"": ""1"", ""al4"": ""1-5"", ""al8"": ""1-8""}, ""condicion_a_garantizada"": {""al1"": ""1""}, ""saltos_usados"": [""al4<-al1"", ""al8<-al4""]}, {""condicion_b"": {""al9"": ""1-4""}, ""condicion_b_con_saltos"": {""al1"": ""1"", ""al4"": ""1-5"", ""al9"": ""1-4""}, ""condicion_a_garantizada"": {""al1"": ""1""}, ""saltos_usados"": [""al4<-al1"", ""al9<-al4""]}]}, {""tipo"": ""salto_del_cuestionario_verificado"", ""archivo"": ""encodat_analysis/correlations/evidence/questionnaire_routing.json"", ""saltos"": [{""salto"": ""al4<-al1"", ""parent_question"": ""AL1. ¿Ha consumido alguna vez cualquier bebida que contenga alcohol?"", ""parent_enabling_codes"": [1], ""counterexamples"": 0}, {""salto"": ""al8<-al4"", ""parent_question"": ""AL4. En los últimos 12 meses, ¿tomó alguna bebida que contenga alcohol?"", ""parent_enabling_codes"": [1, 2, 3, 4, 5], ""counterexamples"": 0}, {""salto"": ""al9<-al4"", ""parent_question"": ""AL4. En los últimos 12 meses, ¿tomó alguna bebida que contenga alcohol?"", ""parent_enabling_codes"": [1, 2, 3, 4, 5], ""counterexamples"": 0}]}]","[""alc_ult_mes""]",alc_ult_mes: Diferencia con el objetivo nacional registrada por el propio análisis; falta resolver derivación y reproducir fuente antes de exponer resultados como validados.,True,True,excluded_from_analysis
alc_alguna_vez|alc_excesivo_ult_ano,alc_alguna_vez,alc_excesivo_ult_ano,Alcohol,Excesivo (año),,,excluded,salto_del_cuestionario,"Un positivo del primero solo es posible si el segundo ya es positivo, por el salto del cuestionario.",Todo positivo de alc_excesivo_ult_ano es necesariamente un positivo de alc_alguna_vez por construcción.,"[{""tipo"": ""grafo_de_variables_derivadas"", ""archivo"": ""encodat_analysis/src/derived_vars.py"", ""indicador"": ""alc_alguna_vez"", ""variable_derivada"": null, ""etiqueta_oficial"": null, ""syntax_source"": ""reconstruccion_proyecto"", ""bloque"": null, ""regla_de_confirmacion"": null, ""variables_de_origen"": [""al1""], ""componentes_declarados"": [], ""condicion_positiva"": [""al1 en {1}""], ""origen_de_la_condicion"": ""AL1. ¿Ha consumido alguna vez cualquier bebida que contenga alcohol? (1 = Sí)""}, {""tipo"": ""grafo_de_variables_derivadas"", ""archivo"": ""encodat_analysis/src/derived_vars.py"", ""indicador"": ""alc_excesivo_ult_ano"", ""variable_derivada"": null, ""etiqueta_oficial"": null, ""syntax_source"": ""reconstruccion_proyecto"", ""bloque"": null, ""regla_de_confirmacion"": null, ""variables_de_origen"": [""al12g"", ""al12h"", ""al12i"", ""al12j"", ""al14a"", ""al14b"", ""al14c"", ""al14d"", ""al14e"", ""al14f"", ""al14g"", ""al15a"", ""al15b"", ""al15c"", ""al15d"", ""al15e"", ""al15f"", ""al15g"", ""ds2""], ""componentes_declarados"": [], ""condicion_positiva"": [""al12g en {1-5} y ds2 en {1}"", ""al12h en {1-5} y ds2 en {1}"", ""al14a en {1-12} y ds2 en {1}"", ""al14b en {1-12} y ds2 en {1}"", ""al14c en {1-12} y ds2 en {1}"", ""al14d en {1-12} y ds2 en {1}"", ""al14e en {1-12} y ds2 en {1}"", ""al14f en {1-12} y ds2 en {1}"", ""al14g en {1-12} y ds2 en {1}"", ""al12i en {1-5} y ds2 en {2}"", ""al12j en {1-5} y ds2 en {2}"", ""al15a en {1-12} y ds2 en {2}"", ""al15b en {1-12} y ds2 en {2}"", ""al15c en {1-12} y ds2 en {2}"", ""al15d en {1-12} y ds2 en {2}"", ""al15e en {1-12} y ds2 en {2}"", ""al15f en {1-12} y ds2 en {2}"", ""al15g en {1-12} y ds2 en {2}""], ""origen_de_la_condicion"": ""binge(d, 5, 12) en indicators.py; AL12 código 5 = «1 a 11 veces en los últimos 12 meses», AL14/AL15 código 12 = «Una vez en los últimos 12 meses»""}, {""tipo"": ""implicacion_logica"", ""implica"": ""alc_excesivo_ult_ano"", ""implicado"": ""alc_alguna_vez"", ""alcance"": ""total"", ""demostracion"": [{""condicion_b"": {""al12g"": ""1-5"", ""ds2"": ""1""}, ""condicion_b_con_saltos"": {""al1"": ""1"", ""al12g"": ""1-5"", ""al4"": ""1-5"", ""ds2"": ""1""}, ""condicion_a_garantizada"": {""al1"": ""1""}, ""saltos_usados"": [""al12g<-al4"", ""al4<-al1""]}, {""condicion_b"": {""al12h"": ""1-5"", ""ds2"": ""1""}, ""condicion_b_con_saltos"": {""al1"": ""1"", ""al12h"": ""1-5"", ""al4"": ""1-5"", ""ds2"": ""1""}, ""condicion_a_garantizada"": {""al1"": ""1""}, ""saltos_usados"": [""al12h<-al4"", ""al4<-al1""]}, {""condicion_b"": {""al14a"": ""1-12"", ""ds2"": ""1""}, ""condicion_b_con_saltos"": {""al1"": ""1"", ""al14a"": ""1-12"", ""al4"": ""1-5"", ""ds2"": ""1""}, ""condicion_a_garantizada"": {""al1"": ""1""}, ""saltos_usados"": [""al14a<-al4"", ""al4<-al1""]}, {""condicion_b"": {""al14b"": ""1-12"", ""ds2"": ""1""}, ""condicion_b_con_saltos"": {""al1"": ""1"", ""al14b"": ""1-12"", ""al4"": ""1-5"", ""ds2"": ""1""}, ""condicion_a_garantizada"": {""al1"": ""1""}, ""saltos_usados"": [""al14b<-al4"", ""al4<-al1""]}, {""condicion_b"": {""al14c"": ""1-12"", ""ds2"": ""1""}, ""condicion_b_con_saltos"": {""al1"": ""1"", ""al14c"": ""1-12"", ""al4"": ""1-5"", ""ds2"": ""1""}, ""condicion_a_garantizada"": {""al1"": ""1""}, ""saltos_usados"": [""al14c<-al4"", ""al4<-al1""]}, {""condicion_b"": {""al14d"": ""1-12"", ""ds2"": ""1""}, ""condicion_b_con_saltos"": {""al1"": ""1"", ""al14d"": ""1-12"", ""al4"": ""1-5"", ""ds2"": ""1""}, ""condicion_a_garantizada"": {""al1"": ""1""}, ""saltos_usados"": [""al14d<-al4"", ""al4<-al1""]}, {""condicion_b"": {""al14e"": ""1-12"", ""ds2"": ""1""}, ""condicion_b_con_saltos"": {""al1"": ""1"", ""al14e"": ""1-12"", ""al4"": ""1-5"", ""ds2"": ""1""}, ""condicion_a_garantizada"": {""al1"": ""1""}, ""saltos_usados"": [""al14e<-al4"", ""al4<-al1""]}, {""condicion_b"": {""al14f"": ""1-12"", ""ds2"": ""1""}, ""condicion_b_con_saltos"": {""al1"": ""1"", ""al14f"": ""1-12"", ""al4"": ""1-5"", ""ds2"": ""1""}, ""condicion_a_garantizada"": {""al1"": ""1""}, ""saltos_usados"": [""al14f<-al4"", ""al4<-al1""]}, {""condicion_b"": {""al14g"": ""1-12"", ""ds2"": ""1""}, ""condicion_b_con_saltos"": {""al1"": ""1"", ""al14g"": ""1-12"", ""al4"": ""1-5"", ""ds2"": ""1""}, ""condicion_a_garantizada"": {""al1"": ""1""}, ""saltos_usados"": [""al14g<-al4"", ""al4<-al1""]}, {""condicion_b"": {""al12i"": ""1-5"", ""ds2"": ""2""}, ""condicion_b_con_saltos"": {""al1"": ""1"", ""al12i"": ""1-5"", ""al4"": ""1-5"", ""ds2"": ""2""}, ""condicion_a_garantizada"": {""al1"": ""1""}, ""saltos_usados"": [""al12i<-al4"", ""al4<-al1""]}, {""condicion_b"": {""al12j"": ""1-5"", ""ds2"": ""2""}, ""condicion_b_con_saltos"": {""al1"": ""1"", ""al12j"": ""1-5"", ""al4"": ""1-5"", ""ds2"": ""2""}, ""condicion_a_garantizada"": {""al1"": ""1""}, ""saltos_usados"": [""al12j<-al4"", ""al4<-al1""]}, {""condicion_b"": {""al15a"": ""1-12"", ""ds2"": ""2""}, ""condicion_b_con_saltos"": {""al1"": ""1"", ""al15a"": ""1-12"", ""al4"": ""1-5"", ""ds2"": ""2""}, ""condicion_a_garantizada"": {""al1"": ""1""}, ""saltos_usados"": [""al15a<-al4"", ""al4<-al1""]}, {""condicion_b"": {""al15b"": ""1-12"", ""ds2"": ""2""}, ""condicion_b_con_saltos"": {""al1"": ""1"", ""al15b"": ""1-12"", ""al4"": ""1-5"", ""ds2"": ""2""}, ""condicion_a_garantizada"": {""al1"": ""1""}, ""saltos_usados"": [""al15b<-al4"", ""al4<-al1""]}, {""condicion_b"": {""al15c"": ""1-12"", ""ds2"": ""2""}, ""condicion_b_con_saltos"": {""al1"": ""1"", ""al15c"": ""1-12"", ""al4"": ""1-5"", ""ds2"": ""2""}, ""condicion_a_garantizada"": {""al1"": ""1""}, ""saltos_usados"": [""al15c<-al4"", ""al4<-al1""]}, {""condicion_b"": {""al15d"": ""1-12"", ""ds2"": ""2""}, ""condicion_b_con_saltos"": {""al1"": ""1"", ""al15d"": ""1-12"", ""al4"": ""1-5"", ""ds2"": ""2""}, ""condicion_a_garantizada"": {""al1"": ""1""}, ""saltos_usados"": [""al15d<-al4"", ""al4<-al1""]}, {""condicion_b"": {""al15e"": ""1-12"", ""ds2"": ""2""}, ""condicion_b_con_saltos"": {""al1"": ""1"", ""al15e"": ""1-12"", ""al4"": ""1-5"", ""ds2"": ""2""}, ""condicion_a_garantizada"": {""al1"": ""1""}, ""saltos_usados"": [""al15e<-al4"", ""al4<-al1""]}, {""condicion_b"": {""al15f"": ""1-12"", ""ds2"": ""2""}, ""condicion_b_con_saltos"": {""al1"": ""1"", ""al15f"": ""1-12"", ""al4"": ""1-5"", ""ds2"": ""2""}, ""condicion_a_garantizada"": {""al1"": ""1""}, ""saltos_usados"": [""al15f<-al4"", ""al4<-al1""]}, {""condicion_b"": {""al15g"": ""1-12"", ""ds2"": ""2""}, ""condicion_b_con_saltos"": {""al1"": ""1"", ""al15g"": ""1-12"", ""al4"": ""1-5"", ""ds2"": ""2""}, ""condicion_a_garantizada"": {""al1"": ""1""}, ""saltos_usados"": [""al15g<-al4"", ""al4<-al1""]}]}, {""tipo"": ""salto_del_cuestionario_verificado"", ""archivo"": ""encodat_analysis/correlations/evidence/questionnaire_routing.json"", ""saltos"": [{""salto"": ""al12g<-al4"", ""parent_question"": ""AL4. En los últimos 12 meses, ¿tomó alguna bebida que contenga alcohol?"", ""parent_enabling_codes"": [1, 2, 3, 4, 5], ""counterexamples"": 0}, {""salto"": ""al12h<-al4"", ""parent_question"": ""AL4. En los últimos 12 meses, ¿tomó alguna bebida que contenga alcohol?"", ""parent_enabling_codes"": [1, 2, 3, 4, 5], ""counterexamples"": 0}, {""salto"": ""al12i<-al4"", ""parent_question"": ""AL4. En los últimos 12 meses, ¿tomó alguna bebida que contenga alcohol?"", ""parent_enabling_codes"": [1, 2, 3, 4, 5], ""counterexamples"": 0}, {""salto"": ""al12j<-al4"", ""parent_question"": ""AL4. En los últimos 12 meses, ¿tomó alguna bebida que contenga alcohol?"", ""parent_enabling_codes"": [1, 2, 3, 4, 5], ""counterexamples"": 0}, {""salto"": ""al14a<-al4"", ""parent_question"": ""AL4. En los últimos 12 meses, ¿tomó alguna bebida que contenga alcohol?"", ""parent_enabling_codes"": [1, 2, 3, 4, 5], ""counterexamples"": 0}, {""salto"": ""al14b<-al4"", ""parent_question"": ""AL4. En los últimos 12 meses, ¿tomó alguna bebida que contenga alcohol?"", ""parent_enabling_codes"": [1, 2, 3, 4, 5], ""counterexamples"": 0}, {""salto"": ""al14c<-al4"", ""parent_question"": ""AL4. En los últimos 12 meses, ¿tomó alguna bebida que contenga alcohol?"", ""parent_enabling_codes"": [1, 2, 3, 4, 5], ""counterexamples"": 0}, {""salto"": ""al14d<-al4"", ""parent_question"": ""AL4. En los últimos 12 meses, ¿tomó alguna bebida que contenga alcohol?"", ""parent_enabling_codes"": [1, 2, 3, 4, 5], ""counterexamples"": 0}, {""salto"": ""al14e<-al4"", ""parent_question"": ""AL4. En los últimos 12 meses, ¿tomó alguna bebida que contenga alcohol?"", ""parent_enabling_codes"": [1, 2, 3, 4, 5], ""counterexamples"": 0}, {""salto"": ""al14f<-al4"", ""parent_question"": ""AL4. En los últimos 12 meses, ¿tomó alguna bebida que contenga alcohol?"", ""parent_enabling_codes"": [1, 2, 3, 4, 5], ""counterexamples"": 0}, {""salto"": ""al14g<-al4"", ""parent_question"": ""AL4. En los últimos 12 meses, ¿tomó alguna bebida que contenga alcohol?"", ""parent_enabling_codes"": [1, 2, 3, 4, 5], ""counterexamples"": 0}, {""salto"": ""al15a<-al4"", ""parent_question"": ""AL4. En los últimos 12 meses, ¿tomó alguna bebida que contenga alcohol?"", ""parent_enabling_codes"": [1, 2, 3, 4, 5], ""counterexamples"": 0}, {""salto"": ""al15b<-al4"", ""parent_question"": ""AL4. En los últimos 12 meses, ¿tomó alguna bebida que contenga alcohol?"", ""parent_enabling_codes"": [1, 2, 3, 4, 5], ""counterexamples"": 0}, {""salto"": ""al15c<-al4"", ""parent_question"": ""AL4. En los últimos 12 meses, ¿tomó alguna bebida que contenga alcohol?"", ""parent_enabling_codes"": [1, 2, 3, 4, 5], ""counterexamples"": 0}, {""salto"": ""al15d<-al4"", ""parent_question"": ""AL4. En los últimos 12 meses, ¿tomó alguna bebida que contenga alcohol?"", ""parent_enabling_codes"": [1, 2, 3, 4, 5], ""counterexamples"": 0}, {""salto"": ""al15e<-al4"", ""parent_question"": ""AL4. En los últimos 12 meses, ¿tomó alguna bebida que contenga alcohol?"", ""parent_enabling_codes"": [1, 2, 3, 4, 5], ""counterexamples"": 0}, {""salto"": ""al15f<-al4"", ""parent_question"": ""AL4. En los últimos 12 meses, ¿tomó alguna bebida que contenga alcohol?"", ""parent_enabling_codes"": [1, 2, 3, 4, 5], ""counterexamples"": 0}, {""salto"": ""al15g<-al4"", ""parent_question"": ""AL4. En los últimos 12 meses, ¿tomó alguna bebida que contenga alcohol?"", ""parent_enabling_codes"": [1, 2, 3, 4, 5], ""counterexamples"": 0}, {""salto"": ""al4<-al1"", ""parent_question"": ""AL1. ¿Ha consumido alguna vez cualquier bebida que contenga alcohol?"", ""parent_enabling_codes"": [1], ""counterexamples"": 0}]}]","[""alc_excesivo_ult_ano""]",alc_excesivo_ult_ano: Diferencia con el objetivo nacional registrada por el propio análisis; falta resolver derivación y reproducir fuente antes de exponer resultados como validados.,True,True,excluded_from_analysis
alc_alguna_vez|alc_excesivo_ult_mes,alc_alguna_vez,alc_excesivo_ult_mes,Alcohol,Excesivo (mes),,,excluded,salto_del_cuestionario,"Un positivo del primero solo es posible si el segundo ya es positivo, por el salto del cuestionario.",Todo positivo de alc_excesivo_ult_mes es necesariamente un positivo de alc_alguna_vez por construcción.,"[{""tipo"": ""grafo_de_variables_derivadas"", ""archivo"": ""encodat_analysis/src/derived_vars.py"", ""indicador"": ""alc_alguna_vez"", ""variable_derivada"": null, ""etiqueta_oficial"": null, ""syntax_source"": ""reconstruccion_proyecto"", ""bloque"": null, ""regla_de_confirmacion"": null, ""variables_de_origen"": [""al1""], ""componentes_declarados"": [], ""condicion_positiva"": [""al1 en {1}""], ""origen_de_la_condicion"": ""AL1. ¿Ha consumido alguna vez cualquier bebida que contenga alcohol? (1 = Sí)""}, {""tipo"": ""grafo_de_variables_derivadas"", ""archivo"": ""encodat_analysis/src/derived_vars.py"", ""indicador"": ""alc_excesivo_ult_mes"", ""variable_derivada"": null, ""etiqueta_oficial"": null, ""syntax_source"": ""reconstruccion_proyecto"", ""bloque"": null, ""regla_de_confirmacion"": null, ""variables_de_origen"": [""al12g"", ""al12h"", ""al12i"", ""al12j"", ""al14a"", ""al14b"", ""al14c"", ""al14d"", ""al14e"", ""al14f"", ""al14g"", ""al15a"", ""al15b"", ""al15c"", ""al15d"", ""al15e"", ""al15f"", ""al15g"", ""ds2""], ""componentes_declarados"": [], ""condicion_positiva"": [""al12g en {1-4} y ds2 en {1}"", ""al12h en {1-4} y ds2 en {1}"", ""al14a en {1-8} y ds2 en {1}"", ""al14b en {1-8} y ds2 en {1}"", ""al14c en {1-8} y ds2 en {1}"", ""al14d en {1-8} y ds2 en {1}"", ""al14e en {1-8} y ds2 en {1}"", ""al14f en {1-8} y ds2 en {1}"", ""al14g en {1-8} y ds2 en {1}"", ""al12i en {1-4} y ds2 en {2}"", ""al12j en {1-4} y ds2 en {2}"", ""al15a en {1-8} y ds2 en {2}"", ""al15b en {1-8} y ds2 en {2}"", ""al15c en {1-8} y ds2 en {2}"", ""al15d en {1-8} y ds2 en {2}"", ""al15e en {1-8} y ds2 en {2}"", ""al15f en {1-8} y ds2 en {2}"", ""al15g en {1-8} y ds2 en {2}""], ""origen_de_la_condicion"": ""binge(d, 4, 8); AL12 código 4 = «2 a 4 veces por mes», AL14/AL15 código 8 = «Aproximadamente una vez al mes»""}, {""tipo"": ""implicacion_logica"", ""implica"": ""alc_excesivo_ult_mes"", ""implicado"": ""alc_alguna_vez"", ""alcance"": ""total"", ""demostracion"": [{""condicion_b"": {""al12g"": ""1-4"", ""ds2"": ""1""}, ""condicion_b_con_saltos"": {""al1"": ""1"", ""al12g"": ""1-4"", ""al4"": ""1-5"", ""ds2"": ""1""}, ""condicion_a_garantizada"": {""al1"": ""1""}, ""saltos_usados"": [""al12g<-al4"", ""al4<-al1""]}, {""condicion_b"": {""al12h"": ""1-4"", ""ds2"": ""1""}, ""condicion_b_con_saltos"": {""al1"": ""1"", ""al12h"": ""1-4"", ""al4"": ""1-5"", ""ds2"": ""1""}, ""condicion_a_garantizada"": {""al1"": ""1""}, ""saltos_usados"": [""al12h<-al4"", ""al4<-al1""]}, {""condicion_b"": {""al14a"": ""1-8"", ""ds2"": ""1""}, ""condicion_b_con_saltos"": {""al1"": ""1"", ""al14a"": ""1-8"", ""al4"": ""1-5"", ""ds2"": ""1""}, ""condicion_a_garantizada"": {""al1"": ""1""}, ""saltos_usados"": [""al14a<-al4"", ""al4<-al1""]}, {""condicion_b"": {""al14b"": ""1-8"", ""ds2"": ""1""}, ""condicion_b_con_saltos"": {""al1"": ""1"", ""al14b"": ""1-8"", ""al4"": ""1-5"", ""ds2"": ""1""}, ""condicion_a_garantizada"": {""al1"": ""1""}, ""saltos_usados"": [""al14b<-al4"", ""al4<-al1""]}, {""condicion_b"": {""al14c"": ""1-8"", ""ds2"": ""1""}, ""condicion_b_con_saltos"": {""al1"": ""1"", ""al14c"": ""1-8"", ""al4"": ""1-5"", ""ds2"": ""1""}, ""condicion_a_garantizada"": {""al1"": ""1""}, ""saltos_usados"": [""al14c<-al4"", ""al4<-al1""]}, {""condicion_b"": {""al14d"": ""1-8"", ""ds2"": ""1""}, ""condicion_b_con_saltos"": {""al1"": ""1"", ""al14d"": ""1-8"", ""al4"": ""1-5"", ""ds2"": ""1""}, ""condicion_a_garantizada"": {""al1"": ""1""}, ""saltos_usados"": [""al14d<-al4"", ""al4<-al1""]}, {""condicion_b"": {""al14e"": ""1-8"", ""ds2"": ""1""}, ""condicion_b_con_saltos"": {""al1"": ""1"", ""al14e"": ""1-8"", ""al4"": ""1-5"", ""ds2"": ""1""}, ""condicion_a_garantizada"": {""al1"": ""1""}, ""saltos_usados"": [""al14e<-al4"", ""al4<-al1""]}, {""condicion_b"": {""al14f"": ""1-8"", ""ds2"": ""1""}, ""condicion_b_con_saltos"": {""al1"": ""1"", ""al14f"": ""1-8"", ""al4"": ""1-5"", ""ds2"": ""1""}, ""condicion_a_garantizada"": {""al1"": ""1""}, ""saltos_usados"": [""al14f<-al4"", ""al4<-al1""]}, {""condicion_b"": {""al14g"": ""1-8"", ""ds2"": ""1""}, ""condicion_b_con_saltos"": {""al1"": ""1"", ""al14g"": ""1-8"", ""al4"": ""1-5"", ""ds2"": ""1""}, ""condicion_a_garantizada"": {""al1"": ""1""}, ""saltos_usados"": [""al14g<-al4"", ""al4<-al1""]}, {""condicion_b"": {""al12i"": ""1-4"", ""ds2"": ""2""}, ""condicion_b_con_saltos"": {""al1"": ""1"", ""al12i"": ""1-4"", ""al4"": ""1-5"", ""ds2"": ""2""}, ""condicion_a_garantizada"": {""al1"": ""1""}, ""saltos_usados"": [""al12i<-al4"", ""al4<-al1""]}, {""condicion_b"": {""al12j"": ""1-4"", ""ds2"": ""2""}, ""condicion_b_con_saltos"": {""al1"": ""1"", ""al12j"": ""1-4"", ""al4"": ""1-5"", ""ds2"": ""2""}, ""condicion_a_garantizada"": {""al1"": ""1""}, ""saltos_usados"": [""al12j<-al4"", ""al4<-al1""]}, {""condicion_b"": {""al15a"": ""1-8"", ""ds2"": ""2""}, ""condicion_b_con_saltos"": {""al1"": ""1"", ""al15a"": ""1-8"", ""al4"": ""1-5"", ""ds2"": ""2""}, ""condicion_a_garantizada"": {""al1"": ""1""}, ""saltos_usados"": [""al15a<-al4"", ""al4<-al1""]}, {""condicion_b"": {""al15b"": ""1-8"", ""ds2"": ""2""}, ""condicion_b_con_saltos"": {""al1"": ""1"", ""al15b"": ""1-8"", ""al4"": ""1-5"", ""ds2"": ""2""}, ""condicion_a_garantizada"": {""al1"": ""1""}, ""saltos_usados"": [""al15b<-al4"", ""al4<-al1""]}, {""condicion_b"": {""al15c"": ""1-8"", ""ds2"": ""2""}, ""condicion_b_con_saltos"": {""al1"": ""1"", ""al15c"": ""1-8"", ""al4"": ""1-5"", ""ds2"": ""2""}, ""condicion_a_garantizada"": {""al1"": ""1""}, ""saltos_usados"": [""al15c<-al4"", ""al4<-al1""]}, {""condicion_b"": {""al15d"": ""1-8"", ""ds2"": ""2""}, ""condicion_b_con_saltos"": {""al1"": ""1"", ""al15d"": ""1-8"", ""al4"": ""1-5"", ""ds2"": ""2""}, ""condicion_a_garantizada"": {""al1"": ""1""}, ""saltos_usados"": [""al15d<-al4"", ""al4<-al1""]}, {""condicion_b"": {""al15e"": ""1-8"", ""ds2"": ""2""}, ""condicion_b_con_saltos"": {""al1"": ""1"", ""al15e"": ""1-8"", ""al4"": ""1-5"", ""ds2"": ""2""}, ""condicion_a_garantizada"": {""al1"": ""1""}, ""saltos_usados"": [""al15e<-al4"", ""al4<-al1""]}, {""condicion_b"": {""al15f"": ""1-8"", ""ds2"": ""2""}, ""condicion_b_con_saltos"": {""al1"": ""1"", ""al15f"": ""1-8"", ""al4"": ""1-5"", ""ds2"": ""2""}, ""condicion_a_garantizada"": {""al1"": ""1""}, ""saltos_usados"": [""al15f<-al4"", ""al4<-al1""]}, {""condicion_b"": {""al15g"": ""1-8"", ""ds2"": ""2""}, ""condicion_b_con_saltos"": {""al1"": ""1"", ""al15g"": ""1-8"", ""al4"": ""1-5"", ""ds2"": ""2""}, ""condicion_a_garantizada"": {""al1"": ""1""}, ""saltos_usados"": [""al15g<-al4"", ""al4<-al1""]}]}, {""tipo"": ""salto_del_cuestionario_verificado"", ""archivo"": ""encodat_analysis/correlations/evidence/questionnaire_routing.json"", ""saltos"": [{""salto"": ""al12g<-al4"", ""parent_question"": ""AL4. En los últimos 12 meses, ¿tomó alguna bebida que contenga alcohol?"", ""parent_enabling_codes"": [1, 2, 3, 4, 5], ""counterexamples"": 0}, {""salto"": ""al12h<-al4"", ""parent_question"": ""AL4. En los últimos 12 meses, ¿tomó alguna bebida que contenga alcohol?"", ""parent_enabling_codes"": [1, 2, 3, 4, 5], ""counterexamples"": 0}, {""salto"": ""al12i<-al4"", ""parent_question"": ""AL4. En los últimos 12 meses, ¿tomó alguna bebida que contenga alcohol?"", ""parent_enabling_codes"": [1, 2, 3, 4, 5], ""counterexamples"": 0}, {""salto"": ""al12j<-al4"", ""parent_question"": ""AL4. En los últimos 12 meses, ¿tomó alguna bebida que contenga alcohol?"", ""parent_enabling_codes"": [1, 2, 3, 4, 5], ""counterexamples"": 0}, {""salto"": ""al14a<-al4"", ""parent_question"": ""AL4. En los últimos 12 meses, ¿tomó alguna bebida que contenga alcohol?"", ""parent_enabling_codes"": [1, 2, 3, 4, 5], ""counterexamples"": 0}, {""salto"": ""al14b<-al4"", ""parent_question"": ""AL4. En los últimos 12 meses, ¿tomó alguna bebida que contenga alcohol?"", ""parent_enabling_codes"": [1, 2, 3, 4, 5], ""counterexamples"": 0}, {""salto"": ""al14c<-al4"", ""parent_question"": ""AL4. En los últimos 12 meses, ¿tomó alguna bebida que contenga alcohol?"", ""parent_enabling_codes"": [1, 2, 3, 4, 5], ""counterexamples"": 0}, {""salto"": ""al14d<-al4"", ""parent_question"": ""AL4. En los últimos 12 meses, ¿tomó alguna bebida que contenga alcohol?"", ""parent_enabling_codes"": [1, 2, 3, 4, 5], ""counterexamples"": 0}, {""salto"": ""al14e<-al4"", ""parent_question"": ""AL4. En los últimos 12 meses, ¿tomó alguna bebida que contenga alcohol?"", ""parent_enabling_codes"": [1, 2, 3, 4, 5], ""counterexamples"": 0}, {""salto"": ""al14f<-al4"", ""parent_question"": ""AL4. En los últimos 12 meses, ¿tomó alguna bebida que contenga alcohol?"", ""parent_enabling_codes"": [1, 2, 3, 4, 5], ""counterexamples"": 0}, {""salto"": ""al14g<-al4"", ""parent_question"": ""AL4. En los últimos 12 meses, ¿tomó alguna bebida que contenga alcohol?"", ""parent_enabling_codes"": [1, 2, 3, 4, 5], ""counterexamples"": 0}, {""salto"": ""al15a<-al4"", ""parent_question"": ""AL4. En los últimos 12 meses, ¿tomó alguna bebida que contenga alcohol?"", ""parent_enabling_codes"": [1, 2, 3, 4, 5], ""counterexamples"": 0}, {""salto"": ""al15b<-al4"", ""parent_question"": ""AL4. En los últimos 12 meses, ¿tomó alguna bebida que contenga alcohol?"", ""parent_enabling_codes"": [1, 2, 3, 4, 5], ""counterexamples"": 0}, {""salto"": ""al15c<-al4"", ""parent_question"": ""AL4. En los últimos 12 meses, ¿tomó alguna bebida que contenga alcohol?"", ""parent_enabling_codes"": [1, 2, 3, 4, 5], ""counterexamples"": 0}, {""salto"": ""al15d<-al4"", ""parent_question"": ""AL4. En los últimos 12 meses, ¿tomó alguna bebida que contenga alcohol?"", ""parent_enabling_codes"": [1, 2, 3, 4, 5], ""counterexamples"": 0}, {""salto"": ""al15e<-al4"", ""parent_question"": ""AL4. En los últimos 12 meses, ¿tomó alguna bebida que contenga alcohol?"", ""parent_enabling_codes"": [1, 2, 3, 4, 5], ""counterexamples"": 0}, {""salto"": ""al15f<-al4"", ""parent_question"": ""AL4. En los últimos 12 meses, ¿tomó alguna bebida que contenga alcohol?"", ""parent_enabling_codes"": [1, 2, 3, 4, 5], ""counterexamples"": 0}, {""salto"": ""al15g<-al4"", ""parent_question"": ""AL4. En los últimos 12 meses, ¿tomó alguna bebida que contenga alcohol?"", ""parent_enabling_codes"": [1, 2, 3, 4, 5], ""counterexamples"": 0}, {""salto"": ""al4<-al1"", ""parent_question"": ""AL1. ¿Ha consumido alguna vez cualquier bebida que contenga alcohol?"", ""parent_enabling_codes"": [1], ""counterexamples"": 0}]}]","[""alc_excesivo_ult_mes""]",alc_excesivo_ult_mes: Diferencia con el objetivo nacional registrada por el propio análisis; falta resolver derivación y reproducir fuente antes de exponer resultados como validados.,True,True,excluded_from_analysis
alc_alguna_vez|alc_excesivo_semanal,alc_alguna_vez,alc_excesivo_semanal,Alcohol,Excesivo (semanal),,,excluded,salto_del_cuestionario,"Un positivo del primero solo es posible si el segundo ya es positivo, por el salto del cuestionario.",Todo positivo de alc_excesivo_semanal es necesariamente un positivo de alc_alguna_vez por construcción.,"[{""tipo"": ""grafo_de_variables_derivadas"", ""archivo"": ""encodat_analysis/src/derived_vars.py"", ""indicador"": ""alc_alguna_vez"", ""variable_derivada"": null, ""etiqueta_oficial"": null, ""syntax_source"": ""reconstruccion_proyecto"", ""bloque"": null, ""regla_de_confirmacion"": null, ""variables_de_origen"": [""al1""], ""componentes_declarados"": [], ""condicion_positiva"": [""al1 en {1}""], ""origen_de_la_condicion"": ""AL1. ¿Ha consumido alguna vez cualquier bebida que contenga alcohol? (1 = Sí)""}, {""tipo"": ""grafo_de_variables_derivadas"", ""archivo"": ""encodat_analysis/src/derived_vars.py"", ""indicador"": ""alc_excesivo_semanal"", ""variable_derivada"": null, ""etiqueta_oficial"": null, ""syntax_source"": ""reconstruccion_proyecto"", ""bloque"": null, ""regla_de_confirmacion"": null, ""variables_de_origen"": [""al12g"", ""al12h"", ""al12i"", ""al12j"", ""al14a"", ""al14b"", ""al14c"", ""al14d"", ""al14e"", ""al14f"", ""al14g"", ""al15a"", ""al15b"", ""al15c"", ""al15d"", ""al15e"", ""al15f"", ""al15g"", ""ds2""], ""componentes_declarados"": [], ""condicion_positiva"": [""al12g en {1-3} y ds2 en {1}"", ""al12h en {1-3} y ds2 en {1}"", ""al14a en {1-6} y ds2 en {1}"", ""al14b en {1-6} y ds2 en {1}"", ""al14c en {1-6} y ds2 en {1}"", ""al14d en {1-6} y ds2 en {1}"", ""al14e en {1-6} y ds2 en {1}"", ""al14f en {1-6} y ds2 en {1}"", ""al14g en {1-6} y ds2 en {1}"", ""al12i en {1-3} y ds2 en {2}"", ""al12j en {1-3} y ds2 en {2}"", ""al15a en {1-6} y ds2 en {2}"", ""al15b en {1-6} y ds2 en {2}"", ""al15c en {1-6} y ds2 en {2}"", ""al15d en {1-6} y ds2 en {2}"", ""al15e en {1-6} y ds2 en {2}"", ""al15f en {1-6} y ds2 en {2}"", ""al15g en {1-6} y ds2 en {2}""], ""origen_de_la_condicion"": ""binge(d, 3, 6); AL12 código 3 = «Una vez por semana», AL14/AL15 código 6 = «Una o dos veces a la semana»""}, {""tipo"": ""implicacion_logica"", ""implica"": ""alc_excesivo_semanal"", ""implicado"": ""alc_alguna_vez"", ""alcance"": ""total"", ""demostracion"": [{""condicion_b"": {""al12g"": ""1-3"", ""ds2"": ""1""}, ""condicion_b_con_saltos"": {""al1"": ""1"", ""al12g"": ""1-3"", ""al4"": ""1-5"", ""ds2"": ""1""}, ""condicion_a_garantizada"": {""al1"": ""1""}, ""saltos_usados"": [""al12g<-al4"", ""al4<-al1""]}, {""condicion_b"": {""al12h"": ""1-3"", ""ds2"": ""1""}, ""condicion_b_con_saltos"": {""al1"": ""1"", ""al12h"": ""1-3"", ""al4"": ""1-5"", ""ds2"": ""1""}, ""condicion_a_garantizada"": {""al1"": ""1""}, ""saltos_usados"": [""al12h<-al4"", ""al4<-al1""]}, {""condicion_b"": {""al14a"": ""1-6"", ""ds2"": ""1""}, ""condicion_b_con_saltos"": {""al1"": ""1"", ""al14a"": ""1-6"", ""al4"": ""1-5"", ""ds2"": ""1""}, ""condicion_a_garantizada"": {""al1"": ""1""}, ""saltos_usados"": [""al14a<-al4"", ""al4<-al1""]}, {""condicion_b"": {""al14b"": ""1-6"", ""ds2"": ""1""}, ""condicion_b_con_saltos"": {""al1"": ""1"", ""al14b"": ""1-6"", ""al4"": ""1-5"", ""ds2"": ""1""}, ""condicion_a_garantizada"": {""al1"": ""1""}, ""saltos_usados"": [""al14b<-al4"", ""al4<-al1""]}, {""condicion_b"": {""al14c"": ""1-6"", ""ds2"": ""1""}, ""condicion_b_con_saltos"": {""al1"": ""1"", ""al14c"": ""1-6"", ""al4"": ""1-5"", ""ds2"": ""1""}, ""condicion_a_garantizada"": {""al1"": ""1""}, ""saltos_usados"": [""al14c<-al4"", ""al4<-al1""]}, {""condicion_b"": {""al14d"": ""1-6"", ""ds2"": ""1""}, ""condicion_b_con_saltos"": {""al1"": ""1"", ""al14d"": ""1-6"", ""al4"": ""1-5"", ""ds2"": ""1""}, ""condicion_a_garantizada"": {""al1"": ""1""}, ""saltos_usados"": [""al14d<-al4"", ""al4<-al1""]}, {""condicion_b"": {""al14e"": ""1-6"", ""ds2"": ""1""}, ""condicion_b_con_saltos"": {""al1"": ""1"", ""al14e"": ""1-6"", ""al4"": ""1-5"", ""ds2"": ""1""}, ""condicion_a_garantizada"": {""al1"": ""1""}, ""saltos_usados"": [""al14e<-al4"", ""al4<-al1""]}, {""condicion_b"": {""al14f"": ""1-6"", ""ds2"": ""1""}, ""condicion_b_con_saltos"": {""al1"": ""1"", ""al14f"": ""1-6"", ""al4"": ""1-5"", ""ds2"": ""1""}, ""condicion_a_garantizada"": {""al1"": ""1""}, ""saltos_usados"": [""al14f<-al4"", ""al4<-al1""]}, {""condicion_b"": {""al14g"": ""1-6"", ""ds2"": ""1""}, ""condicion_b_con_saltos"": {""al1"": ""1"", ""al14g"": ""1-6"", ""al4"": ""1-5"", ""ds2"": ""1""}, ""condicion_a_garantizada"": {""al1"": ""1""}, ""saltos_usados"": [""al14g<-al4"", ""al4<-al1""]}, {""condicion_b"": {""al12i"": ""1-3"", ""ds2"": ""2""}, ""condicion_b_con_saltos"": {""al1"": ""1"", ""al12i"": ""1-3"", ""al4"": ""1-5"", ""ds2"": ""2""}, ""condicion_a_garantizada"": {""al1"": ""1""}, ""saltos_usados"": [""al12i<-al4"", ""al4<-al1""]}, {""condicion_b"": {""al12j"": ""1-3"", ""ds2"": ""2""}, ""condicion_b_con_saltos"": {""al1"": ""1"", ""al12j"": ""1-3"", ""al4"": ""1-5"", ""ds2"": ""2""}, ""condicion_a_garantizada"": {""al1"": ""1""}, ""saltos_usados"": [""al12j<-al4"", ""al4<-al1""]}, {""condicion_b"": {""al15a"": ""1-6"", ""ds2"": ""2""}, ""condicion_b_con_saltos"": {""al1"": ""1"", ""al15a"": ""1-6"", ""al4"": ""1-5"", ""ds2"": ""2""}, ""condicion_a_garantizada"": {""al1"": ""1""}, ""saltos_usados"": [""al15a<-al4"", ""al4<-al1""]}, {""condicion_b"": {""al15b"": ""1-6"", ""ds2"": ""2""}, ""condicion_b_con_saltos"": {""al1"": ""1"", ""al15b"": ""1-6"", ""al4"": ""1-5"", ""ds2"": ""2""}, ""condicion_a_garantizada"": {""al1"": ""1""}, ""saltos_usados"": [""al15b<-al4"", ""al4<-al1""]}, {""condicion_b"": {""al15c"": ""1-6"", ""ds2"": ""2""}, ""condicion_b_con_saltos"": {""al1"": ""1"", ""al15c"": ""1-6"", ""al4"": ""1-5"", ""ds2"": ""2""}, ""condicion_a_garantizada"": {""al1"": ""1""}, ""saltos_usados"": [""al15c<-al4"", ""al4<-al1""]}, {""condicion_b"": {""al15d"": ""1-6"", ""ds2"": ""2""}, ""condicion_b_con_saltos"": {""al1"": ""1"", ""al15d"": ""1-6"", ""al4"": ""1-5"", ""ds2"": ""2""}, ""condicion_a_garantizada"": {""al1"": ""1""}, ""saltos_usados"": [""al15d<-al4"", ""al4<-al1""]}, {""condicion_b"": {""al15e"": ""1-6"", ""ds2"": ""2""}, ""condicion_b_con_saltos"": {""al1"": ""1"", ""al15e"": ""1-6"", ""al4"": ""1-5"", ""ds2"": ""2""}, ""condicion_a_garantizada"": {""al1"": ""1""}, ""saltos_usados"": [""al15e<-al4"", ""al4<-al1""]}, {""condicion_b"": {""al15f"": ""1-6"", ""ds2"": ""2""}, ""condicion_b_con_saltos"": {""al1"": ""1"", ""al15f"": ""1-6"", ""al4"": ""1-5"", ""ds2"": ""2""}, ""condicion_a_garantizada"": {""al1"": ""1""}, ""saltos_usados"": [""al15f<-al4"", ""al4<-al1""]}, {""condicion_b"": {""al15g"": ""1-6"", ""ds2"": ""2""}, ""condicion_b_con_saltos"": {""al1"": ""1"", ""al15g"": ""1-6"", ""al4"": ""1-5"", ""ds2"": ""2""}, ""condicion_a_garantizada"": {""al1"": ""1""}, ""saltos_usados"": [""al15g<-al4"", ""al4<-al1""]}]}, {""tipo"": ""salto_del_cuestionario_verificado"", ""archivo"": ""encodat_analysis/correlations/evidence/questionnaire_routing.json"", ""saltos"": [{""salto"": ""al12g<-al4"", ""parent_question"": ""AL4. En los últimos 12 meses, ¿tomó alguna bebida que contenga alcohol?"", ""parent_enabling_codes"": [1, 2, 3, 4, 5], ""counterexamples"": 0}, {""salto"": ""al12h<-al4"", ""parent_question"": ""AL4. En los últimos 12 meses, ¿tomó alguna bebida que contenga alcohol?"", ""parent_enabling_codes"": [1, 2, 3, 4, 5], ""counterexamples"": 0}, {""salto"": ""al12i<-al4"", ""parent_question"": ""AL4. En los últimos 12 meses, ¿tomó alguna bebida que contenga alcohol?"", ""parent_enabling_codes"": [1, 2, 3, 4, 5], ""counterexamples"": 0}, {""salto"": ""al12j<-al4"", ""parent_question"": ""AL4. En los últimos 12 meses, ¿tomó alguna bebida que contenga alcohol?"", ""parent_enabling_codes"": [1, 2, 3, 4, 5], ""counterexamples"": 0}, {""salto"": ""al14a<-al4"", ""parent_question"": ""AL4. En los últimos 12 meses, ¿tomó alguna bebida que contenga alcohol?"", ""parent_enabling_codes"": [1, 2, 3, 4, 5], ""counterexamples"": 0}, {""salto"": ""al14b<-al4"", ""parent_question"": ""AL4. En los últimos 12 meses, ¿tomó alguna bebida que contenga alcohol?"", ""parent_enabling_codes"": [1, 2, 3, 4, 5], ""counterexamples"": 0}, {""salto"": ""al14c<-al4"", ""parent_question"": ""AL4. En los últimos 12 meses, ¿tomó alguna bebida que contenga alcohol?"", ""parent_enabling_codes"": [1, 2, 3, 4, 5], ""counterexamples"": 0}, {""salto"": ""al14d<-al4"", ""parent_question"": ""AL4. En los últimos 12 meses, ¿tomó alguna bebida que contenga alcohol?"", ""parent_enabling_codes"": [1, 2, 3, 4, 5], ""counterexamples"": 0}, {""salto"": ""al14e<-al4"", ""parent_question"": ""AL4. En los últimos 12 meses, ¿tomó alguna bebida que contenga alcohol?"", ""parent_enabling_codes"": [1, 2, 3, 4, 5], ""counterexamples"": 0}, {""salto"": ""al14f<-al4"", ""parent_question"": ""AL4. En los últimos 12 meses, ¿tomó alguna bebida que contenga alcohol?"", ""parent_enabling_codes"": [1, 2, 3, 4, 5], ""counterexamples"": 0}, {""salto"": ""al14g<-al4"", ""parent_question"": ""AL4. En los últimos 12 meses, ¿tomó alguna bebida que contenga alcohol?"", ""parent_enabling_codes"": [1, 2, 3, 4, 5], ""counterexamples"": 0}, {""salto"": ""al15a<-al4"", ""parent_question"": ""AL4. En los últimos 12 meses, ¿tomó alguna bebida que contenga alcohol?"", ""parent_enabling_codes"": [1, 2, 3, 4, 5], ""counterexamples"": 0}, {""salto"": ""al15b<-al4"", ""parent_question"": ""AL4. En los últimos 12 meses, ¿tomó alguna bebida que contenga alcohol?"", ""parent_enabling_codes"": [1, 2, 3, 4, 5], ""counterexamples"": 0}, {""salto"": ""al15c<-al4"", ""parent_question"": ""AL4. En los últimos 12 meses, ¿tomó alguna bebida que contenga alcohol?"", ""parent_enabling_codes"": [1, 2, 3, 4, 5], ""counterexamples"": 0}, {""salto"": ""al15d<-al4"", ""parent_question"": ""AL4. En los últimos 12 meses, ¿tomó alguna bebida que contenga alcohol?"", ""parent_enabling_codes"": [1, 2, 3, 4, 5], ""counterexamples"": 0}, {""salto"": ""al15e<-al4"", ""parent_question"": ""AL4. En los últimos 12 meses, ¿tomó alguna bebida que contenga alcohol?"", ""parent_enabling_codes"": [1, 2, 3, 4, 5], ""counterexamples"": 0}, {""salto"": ""al15f<-al4"", ""parent_question"": ""AL4. En los últimos 12 meses, ¿tomó alguna bebida que contenga alcohol?"", ""parent_enabling_codes"": [1, 2, 3, 4, 5], ""counterexamples"": 0}, {""salto"": ""al15g<-al4"", ""parent_question"": ""AL4. En los últimos 12 meses, ¿tomó alguna bebida que contenga alcohol?"", ""parent_enabling_codes"": [1, 2, 3, 4, 5], ""counterexamples"": 0}, {""salto"": ""al4<-al1"", ""parent_question"": ""AL1. ¿Ha consumido alguna vez cualquier bebida que contenga alcohol?"", ""parent_enabling_codes"": [1], ""counterexamples"": 0}]}]","[""alc_excesivo_semanal""]",alc_excesivo_semanal: Diferencia con el objetivo nacional registrada por el propio análisis; falta resolver derivación y reproducir fuente antes de exponer resultados como validados.,True,True,excluded_from_analysis
alc_alguna_vez|alc_excesivo_diario,alc_alguna_vez,alc_excesivo_diario,Alcohol,Excesivo (diario),,,excluded,salto_del_cuestionario,"Un positivo del primero solo es posible si el segundo ya es positivo, por el salto del cuestionario.",Todo positivo de alc_excesivo_diario es necesariamente un positivo de alc_alguna_vez por construcción.,"[{""tipo"": ""grafo_de_variables_derivadas"", ""archivo"": ""encodat_analysis/src/derived_vars.py"", ""indicador"": ""alc_alguna_vez"", ""variable_derivada"": null, ""etiqueta_oficial"": null, ""syntax_source"": ""reconstruccion_proyecto"", ""bloque"": null, ""regla_de_confirmacion"": null, ""variables_de_origen"": [""al1""], ""componentes_declarados"": [], ""condicion_positiva"": [""al1 en {1}""], ""origen_de_la_condicion"": ""AL1. ¿Ha consumido alguna vez cualquier bebida que contenga alcohol? (1 = Sí)""}, {""tipo"": ""grafo_de_variables_derivadas"", ""archivo"": ""encodat_analysis/src/derived_vars.py"", ""indicador"": ""alc_excesivo_diario"", ""variable_derivada"": null, ""etiqueta_oficial"": null, ""syntax_source"": ""reconstruccion_proyecto"", ""bloque"": null, ""regla_de_confirmacion"": null, ""variables_de_origen"": [""al12g"", ""al12h"", ""al12i"", ""al12j"", ""al14a"", ""al14b"", ""al14c"", ""al14d"", ""al14e"", ""al14f"", ""al14g"", ""al15a"", ""al15b"", ""al15c"", ""al15d"", ""al15e"", ""al15f"", ""al15g"", ""ds2""], ""componentes_declarados"": [], ""condicion_positiva"": [""al12g en {1} y ds2 en {1}"", ""al12h en {1} y ds2 en {1}"", ""al14a en {1-4} y ds2 en {1}"", ""al14b en {1-4} y ds2 en {1}"", ""al14c en {1-4} y ds2 en {1}"", ""al14d en {1-4} y ds2 en {1}"", ""al14e en {1-4} y ds2 en {1}"", ""al14f en {1-4} y ds2 en {1}"", ""al14g en {1-4} y ds2 en {1}"", ""al12i en {1} y ds2 en {2}"", ""al12j en {1} y ds2 en {2}"", ""al15a en {1-4} y ds2 en {2}"", ""al15b en {1-4} y ds2 en {2}"", ""al15c en {1-4} y ds2 en {2}"", ""al15d en {1-4} y ds2 en {2}"", ""al15e en {1-4} y ds2 en {2}"", ""al15f en {1-4} y ds2 en {2}"", ""al15g en {1-4} y ds2 en {2}""], ""origen_de_la_condicion"": ""binge(d, 1, 4); AL12 código 1 = «Diario», AL14/AL15 código 4 = «Casi todos los días (5-6 veces por semana)»""}, {""tipo"": ""implicacion_logica"", ""implica"": ""alc_excesivo_diario"", ""implicado"": ""alc_alguna_vez"", ""alcance"": ""total"", ""demostracion"": [{""condicion_b"": {""al12g"": ""1"", ""ds2"": ""1""}, ""condicion_b_con_saltos"": {""al1"": ""1"", ""al12g"": ""1"", ""al4"": ""1-5"", ""ds2"": ""1""}, ""condicion_a_garantizada"": {""al1"": ""1""}, ""saltos_usados"": [""al12g<-al4"", ""al4<-al1""]}, {""condicion_b"": {""al12h"": ""1"", ""ds2"": ""1""}, ""condicion_b_con_saltos"": {""al1"": ""1"", ""al12h"": ""1"", ""al4"": ""1-5"", ""ds2"": ""1""}, ""condicion_a_garantizada"": {""al1"": ""1""}, ""saltos_usados"": [""al12h<-al4"", ""al4<-al1""]}, {""condicion_b"": {""al14a"": ""1-4"", ""ds2"": ""1""}, ""condicion_b_con_saltos"": {""al1"": ""1"", ""al14a"": ""1-4"", ""al4"": ""1-5"", ""ds2"": ""1""}, ""condicion_a_garantizada"": {""al1"": ""1""}, ""saltos_usados"": [""al14a<-al4"", ""al4<-al1""]}, {""condicion_b"": {""al14b"": ""1-4"", ""ds2"": ""1""}, ""condicion_b_con_saltos"": {""al1"": ""1"", ""al14b"": ""1-4"", ""al4"": ""1-5"", ""ds2"": ""1""}, ""condicion_a_garantizada"": {""al1"": ""1""}, ""saltos_usados"": [""al14b<-al4"", ""al4<-al1""]}, {""condicion_b"": {""al14c"": ""1-4"", ""ds2"": ""1""}, ""condicion_b_con_saltos"": {""al1"": ""1"", ""al14c"": ""1-4"", ""al4"": ""1-5"", ""ds2"": ""1""}, ""condicion_a_garantizada"": {""al1"": ""1""}, ""saltos_usados"": [""al14c<-al4"", ""al4<-al1""]}, {""condicion_b"": {""al14d"": ""1-4"", ""ds2"": ""1""}, ""condicion_b_con_saltos"": {""al1"": ""1"", ""al14d"": ""1-4"", ""al4"": ""1-5"", ""ds2"": ""1""}, ""condicion_a_garantizada"": {""al1"": ""1""}, ""saltos_usados"": [""al14d<-al4"", ""al4<-al1""]}, {""condicion_b"": {""al14e"": ""1-4"", ""ds2"": ""1""}, ""condicion_b_con_saltos"": {""al1"": ""1"", ""al14e"": ""1-4"", ""al4"": ""1-5"", ""ds2"": ""1""}, ""condicion_a_garantizada"": {""al1"": ""1""}, ""saltos_usados"": [""al14e<-al4"", ""al4<-al1""]}, {""condicion_b"": {""al14f"": ""1-4"", ""ds2"": ""1""}, ""condicion_b_con_saltos"": {""al1"": ""1"", ""al14f"": ""1-4"", ""al4"": ""1-5"", ""ds2"": ""1""}, ""condicion_a_garantizada"": {""al1"": ""1""}, ""saltos_usados"": [""al14f<-al4"", ""al4<-al1""]}, {""condicion_b"": {""al14g"": ""1-4"", ""ds2"": ""1""}, ""condicion_b_con_saltos"": {""al1"": ""1"", ""al14g"": ""1-4"", ""al4"": ""1-5"", ""ds2"": ""1""}, ""condicion_a_garantizada"": {""al1"": ""1""}, ""saltos_usados"": [""al14g<-al4"", ""al4<-al1""]}, {""condicion_b"": {""al12i"": ""1"", ""ds2"": ""2""}, ""condicion_b_con_saltos"": {""al1"": ""1"", ""al12i"": ""1"", ""al4"": ""1-5"", ""ds2"": ""2""}, ""condicion_a_garantizada"": {""al1"": ""1""}, ""saltos_usados"": [""al12i<-al4"", ""al4<-al1""]}, {""condicion_b"": {""al12j"": ""1"", ""ds2"": ""2""}, ""condicion_b_con_saltos"": {""al1"": ""1"", ""al12j"": ""1"", ""al4"": ""1-5"", ""ds2"": ""2""}, ""condicion_a_garantizada"": {""al1"": ""1""}, ""saltos_usados"": [""al12j<-al4"", ""al4<-al1""]}, {""condicion_b"": {""al15a"": ""1-4"", ""ds2"": ""2""}, ""condicion_b_con_saltos"": {""al1"": ""1"", ""al15a"": ""1-4"", ""al4"": ""1-5"", ""ds2"": ""2""}, ""condicion_a_garantizada"": {""al1"": ""1""}, ""saltos_usados"": [""al15a<-al4"", ""al4<-al1""]}, {""condicion_b"": {""al15b"": ""1-4"", ""ds2"": ""2""}, ""condicion_b_con_saltos"": {""al1"": ""1"", ""al15b"": ""1-4"", ""al4"": ""1-5"", ""ds2"": ""2""}, ""condicion_a_garantizada"": {""al1"": ""1""}, ""saltos_usados"": [""al15b<-al4"", ""al4<-al1""]}, {""condicion_b"": {""al15c"": ""1-4"", ""ds2"": ""2""}, ""condicion_b_con_saltos"": {""al1"": ""1"", ""al15c"": ""1-4"", ""al4"": ""1-5"", ""ds2"": ""2""}, ""condicion_a_garantizada"": {""al1"": ""1""}, ""saltos_usados"": [""al15c<-al4"", ""al4<-al1""]}, {""condicion_b"": {""al15d"": ""1-4"", ""ds2"": ""2""}, ""condicion_b_con_saltos"": {""al1"": ""1"", ""al15d"": ""1-4"", ""al4"": ""1-5"", ""ds2"": ""2""}, ""condicion_a_garantizada"": {""al1"": ""1""}, ""saltos_usados"": [""al15d<-al4"", ""al4<-al1""]}, {""condicion_b"": {""al15e"": ""1-4"", ""ds2"": ""2""}, ""condicion_b_con_saltos"": {""al1"": ""1"", ""al15e"": ""1-4"", ""al4"": ""1-5"", ""ds2"": ""2""}, ""condicion_a_garantizada"": {""al1"": ""1""}, ""saltos_usados"": [""al15e<-al4"", ""al4<-al1""]}, {""condicion_b"": {""al15f"": ""1-4"", ""ds2"": ""2""}, ""condicion_b_con_saltos"": {""al1"": ""1"", ""al15f"": ""1-4"", ""al4"": ""1-5"", ""ds2"": ""2""}, ""condicion_a_garantizada"": {""al1"": ""1""}, ""saltos_usados"": [""al15f<-al4"", ""al4<-al1""]}, {""condicion_b"": {""al15g"": ""1-4"", ""ds2"": ""2""}, ""condicion_b_con_saltos"": {""al1"": ""1"", ""al15g"": ""1-4"", ""al4"": ""1-5"", ""ds2"": ""2""}, ""condicion_a_garantizada"": {""al1"": ""1""}, ""saltos_usados"": [""al15g<-al4"", ""al4<-al1""]}]}, {""tipo"": ""salto_del_cuestionario_verificado"", ""archivo"": ""encodat_analysis/correlations/evidence/questionnaire_routing.json"", ""saltos"": [{""salto"": ""al12g<-al4"", ""parent_question"": ""AL4. En los últimos 12 meses, ¿tomó alguna bebida que contenga alcohol?"", ""parent_enabling_codes"": [1, 2, 3, 4, 5], ""counterexamples"": 0}, {""salto"": ""al12h<-al4"", ""parent_question"": ""AL4. En los últimos 12 meses, ¿tomó alguna bebida que contenga alcohol?"", ""parent_enabling_codes"": [1, 2, 3, 4, 5], ""counterexamples"": 0}, {""salto"": ""al12i<-al4"", ""parent_question"": ""AL4. En los últimos 12 meses, ¿tomó alguna bebida que contenga alcohol?"", ""parent_enabling_codes"": [1, 2, 3, 4, 5], ""counterexamples"": 0}, {""salto"": ""al12j<-al4"", ""parent_question"": ""AL4. En los últimos 12 meses, ¿tomó alguna bebida que contenga alcohol?"", ""parent_enabling_codes"": [1, 2, 3, 4, 5], ""counterexamples"": 0}, {""salto"": ""al14a<-al4"", ""parent_question"": ""AL4. En los últimos 12 meses, ¿tomó alguna bebida que contenga alcohol?"", ""parent_enabling_codes"": [1, 2, 3, 4, 5], ""counterexamples"": 0}, {""salto"": ""al14b<-al4"", ""parent_question"": ""AL4. En los últimos 12 meses, ¿tomó alguna bebida que contenga alcohol?"", ""parent_enabling_codes"": [1, 2, 3, 4, 5], ""counterexamples"": 0}, {""salto"": ""al14c<-al4"", ""parent_question"": ""AL4. En los últimos 12 meses, ¿tomó alguna bebida que contenga alcohol?"", ""parent_enabling_codes"": [1, 2, 3, 4, 5], ""counterexamples"": 0}, {""salto"": ""al14d<-al4"", ""parent_question"": ""AL4. En los últimos 12 meses, ¿tomó alguna bebida que contenga alcohol?"", ""parent_enabling_codes"": [1, 2, 3, 4, 5], ""counterexamples"": 0}, {""salto"": ""al14e<-al4"", ""parent_question"": ""AL4. En los últimos 12 meses, ¿tomó alguna bebida que contenga alcohol?"", ""parent_enabling_codes"": [1, 2, 3, 4, 5], ""counterexamples"": 0}, {""salto"": ""al14f<-al4"", ""parent_question"": ""AL4. En los últimos 12 meses, ¿tomó alguna bebida que contenga alcohol?"", ""parent_enabling_codes"": [1, 2, 3, 4, 5], ""counterexamples"": 0}, {""salto"": ""al14g<-al4"", ""parent_question"": ""AL4. En los últimos 12 meses, ¿tomó alguna bebida que contenga alcohol?"", ""parent_enabling_codes"": [1, 2, 3, 4, 5], ""counterexamples"": 0}, {""salto"": ""al15a<-al4"", ""parent_question"": ""AL4. En los últimos 12 meses, ¿tomó alguna bebida que contenga alcohol?"", ""parent_enabling_codes"": [1, 2, 3, 4, 5], ""counterexamples"": 0}, {""salto"": ""al15b<-al4"", ""parent_question"": ""AL4. En los últimos 12 meses, ¿tomó alguna bebida que contenga alcohol?"", ""parent_enabling_codes"": [1, 2, 3, 4, 5], ""counterexamples"": 0}, {""salto"": ""al15c<-al4"", ""parent_question"": ""AL4. En los últimos 12 meses, ¿tomó alguna bebida que contenga alcohol?"", ""parent_enabling_codes"": [1, 2, 3, 4, 5], ""counterexamples"": 0}, {""salto"": ""al15d<-al4"", ""parent_question"": ""AL4. En los últimos 12 meses, ¿tomó alguna bebida que contenga alcohol?"", ""parent_enabling_codes"": [1, 2, 3, 4, 5], ""counterexamples"": 0}, {""salto"": ""al15e<-al4"", ""parent_question"": ""AL4. En los últimos 12 meses, ¿tomó alguna bebida que contenga alcohol?"", ""parent_enabling_codes"": [1, 2, 3, 4, 5], ""counterexamples"": 0}, {""salto"": ""al15f<-al4"", ""parent_question"": ""AL4. En los últimos 12 meses, ¿tomó alguna bebida que contenga alcohol?"", ""parent_enabling_codes"": [1, 2, 3, 4, 5], ""counterexamples"": 0}, {""salto"": ""al15g<-al4"", ""parent_question"": ""AL4. En los últimos 12 meses, ¿tomó alguna bebida que contenga alcohol?"", ""parent_enabling_codes"": [1, 2, 3, 4, 5], ""counterexamples"": 0}, {""salto"": ""al4<-al1"", ""parent_question"": ""AL1. ¿Ha consumido alguna vez cualquier bebida que contenga alcohol?"", ""parent_enabling_codes"": [1], ""counterexamples"": 0}]}]","[""alc_excesivo_diario""]",alc_excesivo_diario: Diferencia con el objetivo nacional registrada por el propio análisis; falta resolver derivación y reproducir fuente antes de exponer resultados como validados.,True,True,excluded_from_analysis
alc_alguna_vez|dep_alcohol,alc_alguna_vez,dep_alcohol,Alcohol,Dependencia alcohol,,,excluded,salto_del_cuestionario,"Un positivo del primero solo es posible si el segundo ya es positivo, por el salto del cuestionario.",Todo positivo de dep_alcohol es necesariamente un positivo de alc_alguna_vez por construcción.,"[{""tipo"": ""grafo_de_variables_derivadas"", ""archivo"": ""encodat_analysis/src/derived_vars.py"", ""indicador"": ""alc_alguna_vez"", ""variable_derivada"": null, ""etiqueta_oficial"": null, ""syntax_source"": ""reconstruccion_proyecto"", ""bloque"": null, ""regla_de_confirmacion"": null, ""variables_de_origen"": [""al1""], ""componentes_declarados"": [], ""condicion_positiva"": [""al1 en {1}""], ""origen_de_la_condicion"": ""AL1. ¿Ha consumido alguna vez cualquier bebida que contenga alcohol? (1 = Sí)""}, {""tipo"": ""grafo_de_variables_derivadas"", ""archivo"": ""encodat_analysis/src/derived_vars.py"", ""indicador"": ""dep_alcohol"", ""variable_derivada"": null, ""etiqueta_oficial"": null, ""syntax_source"": ""reconstruccion_proyecto"", ""bloque"": null, ""regla_de_confirmacion"": null, ""variables_de_origen"": [""al26"", ""al27"", ""ta1"", ""ta2"", ""ta3"", ""ta4"", ""ta5"", ""ta6"", ""ta7""], ""componentes_declarados"": [], ""condicion_positiva"": null, ""origen_de_la_condicion"": ""Al menos dos de TA1-TA7 en {1,2} y daño AL26 o AL27 = Sí. Un conteo de síntomas no es una DNF: solo se usa la clausura de saltos de sus columnas.""}, {""tipo"": ""implicacion_logica"", ""implica"": ""dep_alcohol"", ""implicado"": ""alc_alguna_vez"", ""alcance"": ""total"", ""demostracion"": [{""condicion_b"": {""ta1"": ""cualquier respuesta registrada""}, ""condicion_b_con_saltos"": {""al1"": ""1"", ""al4"": ""1-5"", ""ta1"": ""cualquier respuesta registrada""}, ""condicion_a_garantizada"": {""al1"": ""1""}, ""saltos_usados"": [""al4<-al1"", ""ta1<-al4""]}, {""condicion_b"": {""ta2"": ""cualquier respuesta registrada""}, ""condicion_b_con_saltos"": {""al1"": ""1"", ""al4"": ""1-5"", ""ta2"": ""cualquier respuesta registrada""}, ""condicion_a_garantizada"": {""al1"": ""1""}, ""saltos_usados"": [""al4<-al1"", ""ta2<-al4""]}, {""condicion_b"": {""ta3"": ""cualquier respuesta registrada""}, ""condicion_b_con_saltos"": {""al1"": ""1"", ""al4"": ""1-5"", ""ta3"": ""cualquier respuesta registrada""}, ""condicion_a_garantizada"": {""al1"": ""1""}, ""saltos_usados"": [""al4<-al1"", ""ta3<-al4""]}, {""condicion_b"": {""ta4"": ""cualquier respuesta registrada""}, ""condicion_b_con_saltos"": {""al1"": ""1"", ""al4"": ""1-5"", ""ta4"": ""cualquier respuesta registrada""}, ""condicion_a_garantizada"": {""al1"": ""1""}, ""saltos_usados"": [""al4<-al1"", ""ta4<-al4""]}, {""condicion_b"": {""ta5"": ""cualquier respuesta registrada""}, ""condicion_b_con_saltos"": {""al1"": ""1"", ""al4"": ""1-5"", ""ta5"": ""cualquier respuesta registrada""}, ""condicion_a_garantizada"": {""al1"": ""1""}, ""saltos_usados"": [""al4<-al1"", ""ta5<-al4""]}, {""condicion_b"": {""ta6"": ""cualquier respuesta registrada""}, ""condicion_b_con_saltos"": {""al1"": ""1"", ""al4"": ""1-5"", ""ta6"": ""cualquier respuesta registrada""}, ""condicion_a_garantizada"": {""al1"": ""1""}, ""saltos_usados"": [""al4<-al1"", ""ta6<-al4""]}, {""condicion_b"": {""ta7"": ""cualquier respuesta registrada""}, ""condicion_b_con_saltos"": {""al1"": ""1"", ""al4"": ""1-5"", ""ta7"": ""cualquier respuesta registrada""}, ""condicion_a_garantizada"": {""al1"": ""1""}, ""saltos_usados"": [""al4<-al1"", ""ta7<-al4""]}, {""condicion_b"": {""al26"": ""cualquier respuesta registrada""}, ""condicion_b_con_saltos"": {""al1"": ""1"", ""al26"": ""cualquier respuesta registrada"", ""al4"": ""1-5""}, ""condicion_a_garantizada"": {""al1"": ""1""}, ""saltos_usados"": [""al26<-al4"", ""al4<-al1""]}, {""condicion_b"": {""al27"": ""cualquier respuesta registrada""}, ""condicion_b_con_saltos"": {""al1"": ""1"", ""al27"": ""cualquier respuesta registrada"", ""al4"": ""1-5""}, ""condicion_a_garantizada"": {""al1"": ""1""}, ""saltos_usados"": [""al27<-al4"", ""al4<-al1""]}]}, {""tipo"": ""salto_del_cuestionario_verificado"", ""archivo"": ""encodat_analysis/correlations/evidence/questionnaire_routing.json"", ""saltos"": [{""salto"": ""al26<-al4"", ""parent_question"": ""AL4. En los últimos 12 meses, ¿tomó alguna bebida que contenga alcohol?"", ""parent_enabling_codes"": [1, 2, 3, 4, 5], ""counterexamples"": 0}, {""salto"": ""al27<-al4"", ""parent_question"": ""AL4. En los últimos 12 meses, ¿tomó alguna bebida que contenga alcohol?"", ""parent_enabling_codes"": [1, 2, 3, 4, 5], ""counterexamples"": 0}, {""salto"": ""al4<-al1"", ""parent_question"": ""AL1. ¿Ha consumido alguna vez cualquier bebida que contenga alcohol?"", ""parent_enabling_codes"": [1], ""counterexamples"": 0}, {""salto"": ""ta1<-al4"", ""parent_question"": ""AL4. En los últimos 12 meses, ¿tomó alguna bebida que contenga alcohol?"", ""parent_enabling_codes"": [1, 2, 3, 4, 5], ""counterexamples"": 0}, {""salto"": ""ta2<-al4"", ""parent_question"": ""AL4. En los últimos 12 meses, ¿tomó alguna bebida que contenga alcohol?"", ""parent_enabling_codes"": [1, 2, 3, 4, 5], ""counterexamples"": 0}, {""salto"": ""ta3<-al4"", ""parent_question"": ""AL4. En los últimos 12 meses, ¿tomó alguna bebida que contenga alcohol?"", ""parent_enabling_codes"": [1, 2, 3, 4, 5], ""counterexamples"": 0}, {""salto"": ""ta4<-al4"", ""parent_question"": ""AL4. En los últimos 12 meses, ¿tomó alguna bebida que contenga alcohol?"", ""parent_enabling_codes"": [1, 2, 3, 4, 5], ""counterexamples"": 0}, {""salto"": ""ta5<-al4"", ""parent_question"": ""AL4. En los últimos 12 meses, ¿tomó alguna bebida que contenga alcohol?"", ""parent_enabling_codes"": [1, 2, 3, 4, 5], ""counterexamples"": 0}, {""salto"": ""ta6<-al4"", ""parent_question"": ""AL4. En los últimos 12 meses, ¿tomó alguna bebida que contenga alcohol?"", ""parent_enabling_codes"": [1, 2, 3, 4, 5], ""counterexamples"": 0}, {""salto"": ""ta7<-al4"", ""parent_question"": ""AL4. En los últimos 12 meses, ¿tomó alguna bebida que contenga alcohol?"", ""parent_enabling_codes"": [1, 2, 3, 4, 5], ""counterexamples"": 0}]}]","[""dep_alcohol""]",dep_alcohol: Diferencia con el objetivo nacional registrada por el propio análisis; falta resolver derivación y reproducir fuente antes de exponer resultados como validados.,True,True,excluded_from_analysis
alc_ult_ano|alc_ult_mes,alc_ult_ano,alc_ult_mes,Alcohol (año),Alcohol (mes),,,excluded,salto_del_cuestionario,"Un positivo del primero solo es posible si el segundo ya es positivo, por el salto del cuestionario.",Todo positivo de alc_ult_mes es necesariamente un positivo de alc_ult_ano por construcción.,"[{""tipo"": ""grafo_de_variables_derivadas"", ""archivo"": ""encodat_analysis/src/derived_vars.py"", ""indicador"": ""alc_ult_ano"", ""variable_derivada"": null, ""etiqueta_oficial"": null, ""syntax_source"": ""reconstruccion_proyecto"", ""bloque"": null, ""regla_de_confirmacion"": null, ""variables_de_origen"": [""al4""], ""componentes_declarados"": [], ""condicion_positiva"": [""al4 en {1-5}""], ""origen_de_la_condicion"": ""AL4, categorías 1..5; el código 6 es «Nunca en los últimos 12 meses»""}, {""tipo"": ""grafo_de_variables_derivadas"", ""archivo"": ""encodat_analysis/src/derived_vars.py"", ""indicador"": ""alc_ult_mes"", ""variable_derivada"": null, ""etiqueta_oficial"": null, ""syntax_source"": ""reconstruccion_proyecto"", ""bloque"": null, ""regla_de_confirmacion"": null, ""variables_de_origen"": [""al8"", ""al9""], ""componentes_declarados"": [], ""condicion_positiva"": [""al8 en {1-8}"", ""al9 en {1-4}""], ""origen_de_la_condicion"": ""AL8 categorías 1..8 o AL9 categorías 1..4; AL9=5 es «nunca en el último mes»""}, {""tipo"": ""implicacion_logica"", ""implica"": ""alc_ult_mes"", ""implicado"": ""alc_ult_ano"", ""alcance"": ""total"", ""demostracion"": [{""condicion_b"": {""al8"": ""1-8""}, ""condicion_b_con_saltos"": {""al1"": ""1"", ""al4"": ""1-5"", ""al8"": ""1-8""}, ""condicion_a_garantizada"": {""al4"": ""1-5""}, ""saltos_usados"": [""al4<-al1"", ""al8<-al4""]}, {""condicion_b"": {""al9"": ""1-4""}, ""condicion_b_con_saltos"": {""al1"": ""1"", ""al4"": ""1-5"", ""al9"": ""1-4""}, ""condicion_a_garantizada"": {""al4"": ""1-5""}, ""saltos_usados"": [""al4<-al1"", ""al9<-al4""]}]}, {""tipo"": ""salto_del_cuestionario_verificado"", ""archivo"": ""encodat_analysis/correlations/evidence/questionnaire_routing.json"", ""saltos"": [{""salto"": ""al4<-al1"", ""parent_question"": ""AL1. ¿Ha consumido alguna vez cualquier bebida que contenga alcohol?"", ""parent_enabling_codes"": [1], ""counterexamples"": 0}, {""salto"": ""al8<-al4"", ""parent_question"": ""AL4. En los últimos 12 meses, ¿tomó alguna bebida que contenga alcohol?"", ""parent_enabling_codes"": [1, 2, 3, 4, 5], ""counterexamples"": 0}, {""salto"": ""al9<-al4"", ""parent_question"": ""AL4. En los últimos 12 meses, ¿tomó alguna bebida que contenga alcohol?"", ""parent_enabling_codes"": [1, 2, 3, 4, 5], ""counterexamples"": 0}]}]","[""alc_ult_ano"", ""alc_ult_mes""]",alc_ult_ano: Diferencia con el objetivo nacional registrada por el propio análisis; falta resolver derivación y reproducir fuente antes de exponer resultados como validados.; alc_ult_mes: Diferencia con el objetivo nacional registrada por el propio análisis; falta resolver derivación y reproducir fuente antes de exponer resultados como validados.,True,True,excluded_from_analysis
alc_excesivo_ult_ano|alc_ult_ano,alc_ult_ano,alc_excesivo_ult_ano,Alcohol (año),Excesivo (año),,,excluded,salto_del_cuestionario,"Un positivo del primero solo es posible si el segundo ya es positivo, por el salto del cuestionario.",Todo positivo de alc_excesivo_ult_ano es necesariamente un positivo de alc_ult_ano por construcción.,"[{""tipo"": ""grafo_de_variables_derivadas"", ""archivo"": ""encodat_analysis/src/derived_vars.py"", ""indicador"": ""alc_ult_ano"", ""variable_derivada"": null, ""etiqueta_oficial"": null, ""syntax_source"": ""reconstruccion_proyecto"", ""bloque"": null, ""regla_de_confirmacion"": null, ""variables_de_origen"": [""al4""], ""componentes_declarados"": [], ""condicion_positiva"": [""al4 en {1-5}""], ""origen_de_la_condicion"": ""AL4, categorías 1..5; el código 6 es «Nunca en los últimos 12 meses»""}, {""tipo"": ""grafo_de_variables_derivadas"", ""archivo"": ""encodat_analysis/src/derived_vars.py"", ""indicador"": ""alc_excesivo_ult_ano"", ""variable_derivada"": null, ""etiqueta_oficial"": null, ""syntax_source"": ""reconstruccion_proyecto"", ""bloque"": null, ""regla_de_confirmacion"": null, ""variables_de_origen"": [""al12g"", ""al12h"", ""al12i"", ""al12j"", ""al14a"", ""al14b"", ""al14c"", ""al14d"", ""al14e"", ""al14f"", ""al14g"", ""al15a"", ""al15b"", ""al15c"", ""al15d"", ""al15e"", ""al15f"", ""al15g"", ""ds2""], ""componentes_declarados"": [], ""condicion_positiva"": [""al12g en {1-5} y ds2 en {1}"", ""al12h en {1-5} y ds2 en {1}"", ""al14a en {1-12} y ds2 en {1}"", ""al14b en {1-12} y ds2 en {1}"", ""al14c en {1-12} y ds2 en {1}"", ""al14d en {1-12} y ds2 en {1}"", ""al14e en {1-12} y ds2 en {1}"", ""al14f en {1-12} y ds2 en {1}"", ""al14g en {1-12} y ds2 en {1}"", ""al12i en {1-5} y ds2 en {2}"", ""al12j en {1-5} y ds2 en {2}"", ""al15a en {1-12} y ds2 en {2}"", ""al15b en {1-12} y ds2 en {2}"", ""al15c en {1-12} y ds2 en {2}"", ""al15d en {1-12} y ds2 en {2}"", ""al15e en {1-12} y ds2 en {2}"", ""al15f en {1-12} y ds2 en {2}"", ""al15g en {1-12} y ds2 en {2}""], ""origen_de_la_condicion"": ""binge(d, 5, 12) en indicators.py; AL12 código 5 = «1 a 11 veces en los últimos 12 meses», AL14/AL15 código 12 = «Una vez en los últimos 12 meses»""}, {""tipo"": ""implicacion_logica"", ""implica"": ""alc_excesivo_ult_ano"", ""implicado"": ""alc_ult_ano"", ""alcance"": ""total"", ""demostracion"": [{""condicion_b"": {""al12g"": ""1-5"", ""ds2"": ""1""}, ""condicion_b_con_saltos"": {""al1"": ""1"", ""al12g"": ""1-5"", ""al4"": ""1-5"", ""ds2"": ""1""}, ""condicion_a_garantizada"": {""al4"": ""1-5""}, ""saltos_usados"": [""al12g<-al4"", ""al4<-al1""]}, {""condicion_b"": {""al12h"": ""1-5"", ""ds2"": ""1""}, ""condicion_b_con_saltos"": {""al1"": ""1"", ""al12h"": ""1-5"", ""al4"": ""1-5"", ""ds2"": ""1""}, ""condicion_a_garantizada"": {""al4"": ""1-5""}, ""saltos_usados"": [""al12h<-al4"", ""al4<-al1""]}, {""condicion_b"": {""al14a"": ""1-12"", ""ds2"": ""1""}, ""condicion_b_con_saltos"": {""al1"": ""1"", ""al14a"": ""1-12"", ""al4"": ""1-5"", ""ds2"": ""1""}, ""condicion_a_garantizada"": {""al4"": ""1-5""}, ""saltos_usados"": [""al14a<-al4"", ""al4<-al1""]}, {""condicion_b"": {""al14b"": ""1-12"", ""ds2"": ""1""}, ""condicion_b_con_saltos"": {""al1"": ""1"", ""al14b"": ""1-12"", ""al4"": ""1-5"", ""ds2"": ""1""}, ""condicion_a_garantizada"": {""al4"": ""1-5""}, ""saltos_usados"": [""al14b<-al4"", ""al4<-al1""]}, {""condicion_b"": {""al14c"": ""1-12"", ""ds2"": ""1""}, ""condicion_b_con_saltos"": {""al1"": ""1"", ""al14c"": ""1-12"", ""al4"": ""1-5"", ""ds2"": ""1""}, ""condicion_a_garantizada"": {""al4"": ""1-5""}, ""saltos_usados"": [""al14c<-al4"", ""al4<-al1""]}, {""condicion_b"": {""al14d"": ""1-12"", ""ds2"": ""1""}, ""condicion_b_con_saltos"": {""al1"": ""1"", ""al14d"": ""1-12"", ""al4"": ""1-5"", ""ds2"": ""1""}, ""condicion_a_garantizada"": {""al4"": ""1-5""}, ""saltos_usados"": [""al14d<-al4"", ""al4<-al1""]}, {""condicion_b"": {""al14e"": ""1-12"", ""ds2"": ""1""}, ""condicion_b_con_saltos"": {""al1"": ""1"", ""al14e"": ""1-12"", ""al4"": ""1-5"", ""ds2"": ""1""}, ""condicion_a_garantizada"": {""al4"": ""1-5""}, ""saltos_usados"": [""al14e<-al4"", ""al4<-al1""]}, {""condicion_b"": {""al14f"": ""1-12"", ""ds2"": ""1""}, ""condicion_b_con_saltos"": {""al1"": ""1"", ""al14f"": ""1-12"", ""al4"": ""1-5"", ""ds2"": ""1""}, ""condicion_a_garantizada"": {""al4"": ""1-5""}, ""saltos_usados"": [""al14f<-al4"", ""al4<-al1""]}, {""condicion_b"": {""al14g"": ""1-12"", ""ds2"": ""1""}, ""condicion_b_con_saltos"": {""al1"": ""1"", ""al14g"": ""1-12"", ""al4"": ""1-5"", ""ds2"": ""1""}, ""condicion_a_garantizada"": {""al4"": ""1-5""}, ""saltos_usados"": [""al14g<-al4"", ""al4<-al1""]}, {""condicion_b"": {""al12i"": ""1-5"", ""ds2"": ""2""}, ""condicion_b_con_saltos"": {""al1"": ""1"", ""al12i"": ""1-5"", ""al4"": ""1-5"", ""ds2"": ""2""}, ""condicion_a_garantizada"": {""al4"": ""1-5""}, ""saltos_usados"": [""al12i<-al4"", ""al4<-al1""]}, {""condicion_b"": {""al12j"": ""1-5"", ""ds2"": ""2""}, ""condicion_b_con_saltos"": {""al1"": ""1"", ""al12j"": ""1-5"", ""al4"": ""1-5"", ""ds2"": ""2""}, ""condicion_a_garantizada"": {""al4"": ""1-5""}, ""saltos_usados"": [""al12j<-al4"", ""al4<-al1""]}, {""condicion_b"": {""al15a"": ""1-12"", ""ds2"": ""2""}, ""condicion_b_con_saltos"": {""al1"": ""1"", ""al15a"": ""1-12"", ""al4"": ""1-5"", ""ds2"": ""2""}, ""condicion_a_garantizada"": {""al4"": ""1-5""}, ""saltos_usados"": [""al15a<-al4"", ""al4<-al1""]}, {""condicion_b"": {""al15b"": ""1-12"", ""ds2"": ""2""}, ""condicion_b_con_saltos"": {""al1"": ""1"", ""al15b"": ""1-12"", ""al4"": ""1-5"", ""ds2"": ""2""}, ""condicion_a_garantizada"": {""al4"": ""1-5""}, ""saltos_usados"": [""al15b<-al4"", ""al4<-al1""]}, {""condicion_b"": {""al15c"": ""1-12"", ""ds2"": ""2""}, ""condicion_b_con_saltos"": {""al1"": ""1"", ""al15c"": ""1-12"", ""al4"": ""1-5"", ""ds2"": ""2""}, ""condicion_a_garantizada"": {""al4"": ""1-5""}, ""saltos_usados"": [""al15c<-al4"", ""al4<-al1""]}, {""condicion_b"": {""al15d"": ""1-12"", ""ds2"": ""2""}, ""condicion_b_con_saltos"": {""al1"": ""1"", ""al15d"": ""1-12"", ""al4"": ""1-5"", ""ds2"": ""2""}, ""condicion_a_garantizada"": {""al4"": ""1-5""}, ""saltos_usados"": [""al15d<-al4"", ""al4<-al1""]}, {""condicion_b"": {""al15e"": ""1-12"", ""ds2"": ""2""}, ""condicion_b_con_saltos"": {""al1"": ""1"", ""al15e"": ""1-12"", ""al4"": ""1-5"", ""ds2"": ""2""}, ""condicion_a_garantizada"": {""al4"": ""1-5""}, ""saltos_usados"": [""al15e<-al4"", ""al4<-al1""]}, {""condicion_b"": {""al15f"": ""1-12"", ""ds2"": ""2""}, ""condicion_b_con_saltos"": {""al1"": ""1"", ""al15f"": ""1-12"", ""al4"": ""1-5"", ""ds2"": ""2""}, ""condicion_a_garantizada"": {""al4"": ""1-5""}, ""saltos_usados"": [""al15f<-al4"", ""al4<-al1""]}, {""condicion_b"": {""al15g"": ""1-12"", ""ds2"": ""2""}, ""condicion_b_con_saltos"": {""al1"": ""1"", ""al15g"": ""1-12"", ""al4"": ""1-5"", ""ds2"": ""2""}, ""condicion_a_garantizada"": {""al4"": ""1-5""}, ""saltos_usados"": [""al15g<-al4"", ""al4<-al1""]}]}, {""tipo"": ""salto_del_cuestionario_verificado"", ""archivo"": ""encodat_analysis/correlations/evidence/questionnaire_routing.json"", ""saltos"": [{""salto"": ""al12g<-al4"", ""parent_question"": ""AL4. En los últimos 12 meses, ¿tomó alguna bebida que contenga alcohol?"", ""parent_enabling_codes"": [1, 2, 3, 4, 5], ""counterexamples"": 0}, {""salto"": ""al12h<-al4"", ""parent_question"": ""AL4. En los últimos 12 meses, ¿tomó alguna bebida que contenga alcohol?"", ""parent_enabling_codes"": [1, 2, 3, 4, 5], ""counterexamples"": 0}, {""salto"": ""al12i<-al4"", ""parent_question"": ""AL4. En los últimos 12 meses, ¿tomó alguna bebida que contenga alcohol?"", ""parent_enabling_codes"": [1, 2, 3, 4, 5], ""counterexamples"": 0}, {""salto"": ""al12j<-al4"", ""parent_question"": ""AL4. En los últimos 12 meses, ¿tomó alguna bebida que contenga alcohol?"", ""parent_enabling_codes"": [1, 2, 3, 4, 5], ""counterexamples"": 0}, {""salto"": ""al14a<-al4"", ""parent_question"": ""AL4. En los últimos 12 meses, ¿tomó alguna bebida que contenga alcohol?"", ""parent_enabling_codes"": [1, 2, 3, 4, 5], ""counterexamples"": 0}, {""salto"": ""al14b<-al4"", ""parent_question"": ""AL4. En los últimos 12 meses, ¿tomó alguna bebida que contenga alcohol?"", ""parent_enabling_codes"": [1, 2, 3, 4, 5], ""counterexamples"": 0}, {""salto"": ""al14c<-al4"", ""parent_question"": ""AL4. En los últimos 12 meses, ¿tomó alguna bebida que contenga alcohol?"", ""parent_enabling_codes"": [1, 2, 3, 4, 5], ""counterexamples"": 0}, {""salto"": ""al14d<-al4"", ""parent_question"": ""AL4. En los últimos 12 meses, ¿tomó alguna bebida que contenga alcohol?"", ""parent_enabling_codes"": [1, 2, 3, 4, 5], ""counterexamples"": 0}, {""salto"": ""al14e<-al4"", ""parent_question"": ""AL4. En los últimos 12 meses, ¿tomó alguna bebida que contenga alcohol?"", ""parent_enabling_codes"": [1, 2, 3, 4, 5], ""counterexamples"": 0}, {""salto"": ""al14f<-al4"", ""parent_question"": ""AL4. En los últimos 12 meses, ¿tomó alguna bebida que contenga alcohol?"", ""parent_enabling_codes"": [1, 2, 3, 4, 5], ""counterexamples"": 0}, {""salto"": ""al14g<-al4"", ""parent_question"": ""AL4. En los últimos 12 meses, ¿tomó alguna bebida que contenga alcohol?"", ""parent_enabling_codes"": [1, 2, 3, 4, 5], ""counterexamples"": 0}, {""salto"": ""al15a<-al4"", ""parent_question"": ""AL4. En los últimos 12 meses, ¿tomó alguna bebida que contenga alcohol?"", ""parent_enabling_codes"": [1, 2, 3, 4, 5], ""counterexamples"": 0}, {""salto"": ""al15b<-al4"", ""parent_question"": ""AL4. En los últimos 12 meses, ¿tomó alguna bebida que contenga alcohol?"", ""parent_enabling_codes"": [1, 2, 3, 4, 5], ""counterexamples"": 0}, {""salto"": ""al15c<-al4"", ""parent_question"": ""AL4. En los últimos 12 meses, ¿tomó alguna bebida que contenga alcohol?"", ""parent_enabling_codes"": [1, 2, 3, 4, 5], ""counterexamples"": 0}, {""salto"": ""al15d<-al4"", ""parent_question"": ""AL4. En los últimos 12 meses, ¿tomó alguna bebida que contenga alcohol?"", ""parent_enabling_codes"": [1, 2, 3, 4, 5], ""counterexamples"": 0}, {""salto"": ""al15e<-al4"", ""parent_question"": ""AL4. En los últimos 12 meses, ¿tomó alguna bebida que contenga alcohol?"", ""parent_enabling_codes"": [1, 2, 3, 4, 5], ""counterexamples"": 0}, {""salto"": ""al15f<-al4"", ""parent_question"": ""AL4. En los últimos 12 meses, ¿tomó alguna bebida que contenga alcohol?"", ""parent_enabling_codes"": [1, 2, 3, 4, 5], ""counterexamples"": 0}, {""salto"": ""al15g<-al4"", ""parent_question"": ""AL4. En los últimos 12 meses, ¿tomó alguna bebida que contenga alcohol?"", ""parent_enabling_codes"": [1, 2, 3, 4, 5], ""counterexamples"": 0}, {""salto"": ""al4<-al1"", ""parent_question"": ""AL1. ¿Ha consumido alguna vez cualquier bebida que contenga alcohol?"", ""parent_enabling_codes"": [1], ""counterexamples"": 0}]}]","[""alc_ult_ano"", ""alc_excesivo_ult_ano""]",alc_ult_ano: Diferencia con el objetivo nacional registrada por el propio análisis; falta resolver derivación y reproducir fuente antes de exponer resultados como validados.; alc_excesivo_ult_ano: Diferencia con el objetivo nacional registrada por el propio análisis; falta resolver derivación y reproducir fuente antes de exponer resultados como validados.,True,True,excluded_from_analysis
alc_excesivo_ult_mes|alc_ult_ano,alc_ult_ano,alc_excesivo_ult_mes,Alcohol (año),Excesivo (mes),,,excluded,salto_del_cuestionario,"Un positivo del primero solo es posible si el segundo ya es positivo, por el salto del cuestionario.",Todo positivo de alc_excesivo_ult_mes es necesariamente un positivo de alc_ult_ano por construcción.,"[{""tipo"": ""grafo_de_variables_derivadas"", ""archivo"": ""encodat_analysis/src/derived_vars.py"", ""indicador"": ""alc_ult_ano"", ""variable_derivada"": null, ""etiqueta_oficial"": null, ""syntax_source"": ""reconstruccion_proyecto"", ""bloque"": null, ""regla_de_confirmacion"": null, ""variables_de_origen"": [""al4""], ""componentes_declarados"": [], ""condicion_positiva"": [""al4 en {1-5}""], ""origen_de_la_condicion"": ""AL4, categorías 1..5; el código 6 es «Nunca en los últimos 12 meses»""}, {""tipo"": ""grafo_de_variables_derivadas"", ""archivo"": ""encodat_analysis/src/derived_vars.py"", ""indicador"": ""alc_excesivo_ult_mes"", ""variable_derivada"": null, ""etiqueta_oficial"": null, ""syntax_source"": ""reconstruccion_proyecto"", ""bloque"": null, ""regla_de_confirmacion"": null, ""variables_de_origen"": [""al12g"", ""al12h"", ""al12i"", ""al12j"", ""al14a"", ""al14b"", ""al14c"", ""al14d"", ""al14e"", ""al14f"", ""al14g"", ""al15a"", ""al15b"", ""al15c"", ""al15d"", ""al15e"", ""al15f"", ""al15g"", ""ds2""], ""componentes_declarados"": [], ""condicion_positiva"": [""al12g en {1-4} y ds2 en {1}"", ""al12h en {1-4} y ds2 en {1}"", ""al14a en {1-8} y ds2 en {1}"", ""al14b en {1-8} y ds2 en {1}"", ""al14c en {1-8} y ds2 en {1}"", ""al14d en {1-8} y ds2 en {1}"", ""al14e en {1-8} y ds2 en {1}"", ""al14f en {1-8} y ds2 en {1}"", ""al14g en {1-8} y ds2 en {1}"", ""al12i en {1-4} y ds2 en {2}"", ""al12j en {1-4} y ds2 en {2}"", ""al15a en {1-8} y ds2 en {2}"", ""al15b en {1-8} y ds2 en {2}"", ""al15c en {1-8} y ds2 en {2}"", ""al15d en {1-8} y ds2 en {2}"", ""al15e en {1-8} y ds2 en {2}"", ""al15f en {1-8} y ds2 en {2}"", ""al15g en {1-8} y ds2 en {2}""], ""origen_de_la_condicion"": ""binge(d, 4, 8); AL12 código 4 = «2 a 4 veces por mes», AL14/AL15 código 8 = «Aproximadamente una vez al mes»""}, {""tipo"": ""implicacion_logica"", ""implica"": ""alc_excesivo_ult_mes"", ""implicado"": ""alc_ult_ano"", ""alcance"": ""total"", ""demostracion"": [{""condicion_b"": {""al12g"": ""1-4"", ""ds2"": ""1""}, ""condicion_b_con_saltos"": {""al1"": ""1"", ""al12g"": ""1-4"", ""al4"": ""1-5"", ""ds2"": ""1""}, ""condicion_a_garantizada"": {""al4"": ""1-5""}, ""saltos_usados"": [""al12g<-al4"", ""al4<-al1""]}, {""condicion_b"": {""al12h"": ""1-4"", ""ds2"": ""1""}, ""condicion_b_con_saltos"": {""al1"": ""1"", ""al12h"": ""1-4"", ""al4"": ""1-5"", ""ds2"": ""1""}, ""condicion_a_garantizada"": {""al4"": ""1-5""}, ""saltos_usados"": [""al12h<-al4"", ""al4<-al1""]}, {""condicion_b"": {""al14a"": ""1-8"", ""ds2"": ""1""}, ""condicion_b_con_saltos"": {""al1"": ""1"", ""al14a"": ""1-8"", ""al4"": ""1-5"", ""ds2"": ""1""}, ""condicion_a_garantizada"": {""al4"": ""1-5""}, ""saltos_usados"": [""al14a<-al4"", ""al4<-al1""]}, {""condicion_b"": {""al14b"": ""1-8"", ""ds2"": ""1""}, ""condicion_b_con_saltos"": {""al1"": ""1"", ""al14b"": ""1-8"", ""al4"": ""1-5"", ""ds2"": ""1""}, ""condicion_a_garantizada"": {""al4"": ""1-5""}, ""saltos_usados"": [""al14b<-al4"", ""al4<-al1""]}, {""condicion_b"": {""al14c"": ""1-8"", ""ds2"": ""1""}, ""condicion_b_con_saltos"": {""al1"": ""1"", ""al14c"": ""1-8"", ""al4"": ""1-5"", ""ds2"": ""1""}, ""condicion_a_garantizada"": {""al4"": ""1-5""}, ""saltos_usados"": [""al14c<-al4"", ""al4<-al1""]}, {""condicion_b"": {""al14d"": ""1-8"", ""ds2"": ""1""}, ""condicion_b_con_saltos"": {""al1"": ""1"", ""al14d"": ""1-8"", ""al4"": ""1-5"", ""ds2"": ""1""}, ""condicion_a_garantizada"": {""al4"": ""1-5""}, ""saltos_usados"": [""al14d<-al4"", ""al4<-al1""]}, {""condicion_b"": {""al14e"": ""1-8"", ""ds2"": ""1""}, ""condicion_b_con_saltos"": {""al1"": ""1"", ""al14e"": ""1-8"", ""al4"": ""1-5"", ""ds2"": ""1""}, ""condicion_a_garantizada"": {""al4"": ""1-5""}, ""saltos_usados"": [""al14e<-al4"", ""al4<-al1""]}, {""condicion_b"": {""al14f"": ""1-8"", ""ds2"": ""1""}, ""condicion_b_con_saltos"": {""al1"": ""1"", ""al14f"": ""1-8"", ""al4"": ""1-5"", ""ds2"": ""1""}, ""condicion_a_garantizada"": {""al4"": ""1-5""}, ""saltos_usados"": [""al14f<-al4"", ""al4<-al1""]}, {""condicion_b"": {""al14g"": ""1-8"", ""ds2"": ""1""}, ""condicion_b_con_saltos"": {""al1"": ""1"", ""al14g"": ""1-8"", ""al4"": ""1-5"", ""ds2"": ""1""}, ""condicion_a_garantizada"": {""al4"": ""1-5""}, ""saltos_usados"": [""al14g<-al4"", ""al4<-al1""]}, {""condicion_b"": {""al12i"": ""1-4"", ""ds2"": ""2""}, ""condicion_b_con_saltos"": {""al1"": ""1"", ""al12i"": ""1-4"", ""al4"": ""1-5"", ""ds2"": ""2""}, ""condicion_a_garantizada"": {""al4"": ""1-5""}, ""saltos_usados"": [""al12i<-al4"", ""al4<-al1""]}, {""condicion_b"": {""al12j"": ""1-4"", ""ds2"": ""2""}, ""condicion_b_con_saltos"": {""al1"": ""1"", ""al12j"": ""1-4"", ""al4"": ""1-5"", ""ds2"": ""2""}, ""condicion_a_garantizada"": {""al4"": ""1-5""}, ""saltos_usados"": [""al12j<-al4"", ""al4<-al1""]}, {""condicion_b"": {""al15a"": ""1-8"", ""ds2"": ""2""}, ""condicion_b_con_saltos"": {""al1"": ""1"", ""al15a"": ""1-8"", ""al4"": ""1-5"", ""ds2"": ""2""}, ""condicion_a_garantizada"": {""al4"": ""1-5""}, ""saltos_usados"": [""al15a<-al4"", ""al4<-al1""]}, {""condicion_b"": {""al15b"": ""1-8"", ""ds2"": ""2""}, ""condicion_b_con_saltos"": {""al1"": ""1"", ""al15b"": ""1-8"", ""al4"": ""1-5"", ""ds2"": ""2""}, ""condicion_a_garantizada"": {""al4"": ""1-5""}, ""saltos_usados"": [""al15b<-al4"", ""al4<-al1""]}, {""condicion_b"": {""al15c"": ""1-8"", ""ds2"": ""2""}, ""condicion_b_con_saltos"": {""al1"": ""1"", ""al15c"": ""1-8"", ""al4"": ""1-5"", ""ds2"": ""2""}, ""condicion_a_garantizada"": {""al4"": ""1-5""}, ""saltos_usados"": [""al15c<-al4"", ""al4<-al1""]}, {""condicion_b"": {""al15d"": ""1-8"", ""ds2"": ""2""}, ""condicion_b_con_saltos"": {""al1"": ""1"", ""al15d"": ""1-8"", ""al4"": ""1-5"", ""ds2"": ""2""}, ""condicion_a_garantizada"": {""al4"": ""1-5""}, ""saltos_usados"": [""al15d<-al4"", ""al4<-al1""]}, {""condicion_b"": {""al15e"": ""1-8"", ""ds2"": ""2""}, ""condicion_b_con_saltos"": {""al1"": ""1"", ""al15e"": ""1-8"", ""al4"": ""1-5"", ""ds2"": ""2""}, ""condicion_a_garantizada"": {""al4"": ""1-5""}, ""saltos_usados"": [""al15e<-al4"", ""al4<-al1""]}, {""condicion_b"": {""al15f"": ""1-8"", ""ds2"": ""2""}, ""condicion_b_con_saltos"": {""al1"": ""1"", ""al15f"": ""1-8"", ""al4"": ""1-5"", ""ds2"": ""2""}, ""condicion_a_garantizada"": {""al4"": ""1-5""}, ""saltos_usados"": [""al15f<-al4"", ""al4<-al1""]}, {""condicion_b"": {""al15g"": ""1-8"", ""ds2"": ""2""}, ""condicion_b_con_saltos"": {""al1"": ""1"", ""al15g"": ""1-8"", ""al4"": ""1-5"", ""ds2"": ""2""}, ""condicion_a_garantizada"": {""al4"": ""1-5""}, ""saltos_usados"": [""al15g<-al4"", ""al4<-al1""]}]}, {""tipo"": ""salto_del_cuestionario_verificado"", ""archivo"": ""encodat_analysis/correlations/evidence/questionnaire_routing.json"", ""saltos"": [{""salto"": ""al12g<-al4"", ""parent_question"": ""AL4. En los últimos 12 meses, ¿tomó alguna bebida que contenga alcohol?"", ""parent_enabling_codes"": [1, 2, 3, 4, 5], ""counterexamples"": 0}, {""salto"": ""al12h<-al4"", ""parent_question"": ""AL4. En los últimos 12 meses, ¿tomó alguna bebida que contenga alcohol?"", ""parent_enabling_codes"": [1, 2, 3, 4, 5], ""counterexamples"": 0}, {""salto"": ""al12i<-al4"", ""parent_question"": ""AL4. En los últimos 12 meses, ¿tomó alguna bebida que contenga alcohol?"", ""parent_enabling_codes"": [1, 2, 3, 4, 5], ""counterexamples"": 0}, {""salto"": ""al12j<-al4"", ""parent_question"": ""AL4. En los últimos 12 meses, ¿tomó alguna bebida que contenga alcohol?"", ""parent_enabling_codes"": [1, 2, 3, 4, 5], ""counterexamples"": 0}, {""salto"": ""al14a<-al4"", ""parent_question"": ""AL4. En los últimos 12 meses, ¿tomó alguna bebida que contenga alcohol?"", ""parent_enabling_codes"": [1, 2, 3, 4, 5], ""counterexamples"": 0}, {""salto"": ""al14b<-al4"", ""parent_question"": ""AL4. En los últimos 12 meses, ¿tomó alguna bebida que contenga alcohol?"", ""parent_enabling_codes"": [1, 2, 3, 4, 5], ""counterexamples"": 0}, {""salto"": ""al14c<-al4"", ""parent_question"": ""AL4. En los últimos 12 meses, ¿tomó alguna bebida que contenga alcohol?"", ""parent_enabling_codes"": [1, 2, 3, 4, 5], ""counterexamples"": 0}, {""salto"": ""al14d<-al4"", ""parent_question"": ""AL4. En los últimos 12 meses, ¿tomó alguna bebida que contenga alcohol?"", ""parent_enabling_codes"": [1, 2, 3, 4, 5], ""counterexamples"": 0}, {""salto"": ""al14e<-al4"", ""parent_question"": ""AL4. En los últimos 12 meses, ¿tomó alguna bebida que contenga alcohol?"", ""parent_enabling_codes"": [1, 2, 3, 4, 5], ""counterexamples"": 0}, {""salto"": ""al14f<-al4"", ""parent_question"": ""AL4. En los últimos 12 meses, ¿tomó alguna bebida que contenga alcohol?"", ""parent_enabling_codes"": [1, 2, 3, 4, 5], ""counterexamples"": 0}, {""salto"": ""al14g<-al4"", ""parent_question"": ""AL4. En los últimos 12 meses, ¿tomó alguna bebida que contenga alcohol?"", ""parent_enabling_codes"": [1, 2, 3, 4, 5], ""counterexamples"": 0}, {""salto"": ""al15a<-al4"", ""parent_question"": ""AL4. En los últimos 12 meses, ¿tomó alguna bebida que contenga alcohol?"", ""parent_enabling_codes"": [1, 2, 3, 4, 5], ""counterexamples"": 0}, {""salto"": ""al15b<-al4"", ""parent_question"": ""AL4. En los últimos 12 meses, ¿tomó alguna bebida que contenga alcohol?"", ""parent_enabling_codes"": [1, 2, 3, 4, 5], ""counterexamples"": 0}, {""salto"": ""al15c<-al4"", ""parent_question"": ""AL4. En los últimos 12 meses, ¿tomó alguna bebida que contenga alcohol?"", ""parent_enabling_codes"": [1, 2, 3, 4, 5], ""counterexamples"": 0}, {""salto"": ""al15d<-al4"", ""parent_question"": ""AL4. En los últimos 12 meses, ¿tomó alguna bebida que contenga alcohol?"", ""parent_enabling_codes"": [1, 2, 3, 4, 5], ""counterexamples"": 0}, {""salto"": ""al15e<-al4"", ""parent_question"": ""AL4. En los últimos 12 meses, ¿tomó alguna bebida que contenga alcohol?"", ""parent_enabling_codes"": [1, 2, 3, 4, 5], ""counterexamples"": 0}, {""salto"": ""al15f<-al4"", ""parent_question"": ""AL4. En los últimos 12 meses, ¿tomó alguna bebida que contenga alcohol?"", ""parent_enabling_codes"": [1, 2, 3, 4, 5], ""counterexamples"": 0}, {""salto"": ""al15g<-al4"", ""parent_question"": ""AL4. En los últimos 12 meses, ¿tomó alguna bebida que contenga alcohol?"", ""parent_enabling_codes"": [1, 2, 3, 4, 5], ""counterexamples"": 0}, {""salto"": ""al4<-al1"", ""parent_question"": ""AL1. ¿Ha consumido alguna vez cualquier bebida que contenga alcohol?"", ""parent_enabling_codes"": [1], ""counterexamples"": 0}]}]","[""alc_ult_ano"", ""alc_excesivo_ult_mes""]",alc_ult_ano: Diferencia con el objetivo nacional registrada por el propio análisis; falta resolver derivación y reproducir fuente antes de exponer resultados como validados.; alc_excesivo_ult_mes: Diferencia con el objetivo nacional registrada por el propio análisis; falta resolver derivación y reproducir fuente antes de exponer resultados como validados.,True,True,excluded_from_analysis
alc_excesivo_semanal|alc_ult_ano,alc_ult_ano,alc_excesivo_semanal,Alcohol (año),Excesivo (semanal),,,excluded,salto_del_cuestionario,"Un positivo del primero solo es posible si el segundo ya es positivo, por el salto del cuestionario.",Todo positivo de alc_excesivo_semanal es necesariamente un positivo de alc_ult_ano por construcción.,"[{""tipo"": ""grafo_de_variables_derivadas"", ""archivo"": ""encodat_analysis/src/derived_vars.py"", ""indicador"": ""alc_ult_ano"", ""variable_derivada"": null, ""etiqueta_oficial"": null, ""syntax_source"": ""reconstruccion_proyecto"", ""bloque"": null, ""regla_de_confirmacion"": null, ""variables_de_origen"": [""al4""], ""componentes_declarados"": [], ""condicion_positiva"": [""al4 en {1-5}""], ""origen_de_la_condicion"": ""AL4, categorías 1..5; el código 6 es «Nunca en los últimos 12 meses»""}, {""tipo"": ""grafo_de_variables_derivadas"", ""archivo"": ""encodat_analysis/src/derived_vars.py"", ""indicador"": ""alc_excesivo_semanal"", ""variable_derivada"": null, ""etiqueta_oficial"": null, ""syntax_source"": ""reconstruccion_proyecto"", ""bloque"": null, ""regla_de_confirmacion"": null, ""variables_de_origen"": [""al12g"", ""al12h"", ""al12i"", ""al12j"", ""al14a"", ""al14b"", ""al14c"", ""al14d"", ""al14e"", ""al14f"", ""al14g"", ""al15a"", ""al15b"", ""al15c"", ""al15d"", ""al15e"", ""al15f"", ""al15g"", ""ds2""], ""componentes_declarados"": [], ""condicion_positiva"": [""al12g en {1-3} y ds2 en {1}"", ""al12h en {1-3} y ds2 en {1}"", ""al14a en {1-6} y ds2 en {1}"", ""al14b en {1-6} y ds2 en {1}"", ""al14c en {1-6} y ds2 en {1}"", ""al14d en {1-6} y ds2 en {1}"", ""al14e en {1-6} y ds2 en {1}"", ""al14f en {1-6} y ds2 en {1}"", ""al14g en {1-6} y ds2 en {1}"", ""al12i en {1-3} y ds2 en {2}"", ""al12j en {1-3} y ds2 en {2}"", ""al15a en {1-6} y ds2 en {2}"", ""al15b en {1-6} y ds2 en {2}"", ""al15c en {1-6} y ds2 en {2}"", ""al15d en {1-6} y ds2 en {2}"", ""al15e en {1-6} y ds2 en {2}"", ""al15f en {1-6} y ds2 en {2}"", ""al15g en {1-6} y ds2 en {2}""], ""origen_de_la_condicion"": ""binge(d, 3, 6); AL12 código 3 = «Una vez por semana», AL14/AL15 código 6 = «Una o dos veces a la semana»""}, {""tipo"": ""implicacion_logica"", ""implica"": ""alc_excesivo_semanal"", ""implicado"": ""alc_ult_ano"", ""alcance"": ""total"", ""demostracion"": [{""condicion_b"": {""al12g"": ""1-3"", ""ds2"": ""1""}, ""condicion_b_con_saltos"": {""al1"": ""1"", ""al12g"": ""1-3"", ""al4"": ""1-5"", ""ds2"": ""1""}, ""condicion_a_garantizada"": {""al4"": ""1-5""}, ""saltos_usados"": [""al12g<-al4"", ""al4<-al1""]}, {""condicion_b"": {""al12h"": ""1-3"", ""ds2"": ""1""}, ""condicion_b_con_saltos"": {""al1"": ""1"", ""al12h"": ""1-3"", ""al4"": ""1-5"", ""ds2"": ""1""}, ""condicion_a_garantizada"": {""al4"": ""1-5""}, ""saltos_usados"": [""al12h<-al4"", ""al4<-al1""]}, {""condicion_b"": {""al14a"": ""1-6"", ""ds2"": ""1""}, ""condicion_b_con_saltos"": {""al1"": ""1"", ""al14a"": ""1-6"", ""al4"": ""1-5"", ""ds2"": ""1""}, ""condicion_a_garantizada"": {""al4"": ""1-5""}, ""saltos_usados"": [""al14a<-al4"", ""al4<-al1""]}, {""condicion_b"": {""al14b"": ""1-6"", ""ds2"": ""1""}, ""condicion_b_con_saltos"": {""al1"": ""1"", ""al14b"": ""1-6"", ""al4"": ""1-5"", ""ds2"": ""1""}, ""condicion_a_garantizada"": {""al4"": ""1-5""}, ""saltos_usados"": [""al14b<-al4"", ""al4<-al1""]}, {""condicion_b"": {""al14c"": ""1-6"", ""ds2"": ""1""}, ""condicion_b_con_saltos"": {""al1"": ""1"", ""al14c"": ""1-6"", ""al4"": ""1-5"", ""ds2"": ""1""}, ""condicion_a_garantizada"": {""al4"": ""1-5""}, ""saltos_usados"": [""al14c<-al4"", ""al4<-al1""]}, {""condicion_b"": {""al14d"": ""1-6"", ""ds2"": ""1""}, ""condicion_b_con_saltos"": {""al1"": ""1"", ""al14d"": ""1-6"", ""al4"": ""1-5"", ""ds2"": ""1""}, ""condicion_a_garantizada"": {""al4"": ""1-5""}, ""saltos_usados"": [""al14d<-al4"", ""al4<-al1""]}, {""condicion_b"": {""al14e"": ""1-6"", ""ds2"": ""1""}, ""condicion_b_con_saltos"": {""al1"": ""1"", ""al14e"": ""1-6"", ""al4"": ""1-5"", ""ds2"": ""1""}, ""condicion_a_garantizada"": {""al4"": ""1-5""}, ""saltos_usados"": [""al14e<-al4"", ""al4<-al1""]}, {""condicion_b"": {""al14f"": ""1-6"", ""ds2"": ""1""}, ""condicion_b_con_saltos"": {""al1"": ""1"", ""al14f"": ""1-6"", ""al4"": ""1-5"", ""ds2"": ""1""}, ""condicion_a_garantizada"": {""al4"": ""1-5""}, ""saltos_usados"": [""al14f<-al4"", ""al4<-al1""]}, {""condicion_b"": {""al14g"": ""1-6"", ""ds2"": ""1""}, ""condicion_b_con_saltos"": {""al1"": ""1"", ""al14g"": ""1-6"", ""al4"": ""1-5"", ""ds2"": ""1""}, ""condicion_a_garantizada"": {""al4"": ""1-5""}, ""saltos_usados"": [""al14g<-al4"", ""al4<-al1""]}, {""condicion_b"": {""al12i"": ""1-3"", ""ds2"": ""2""}, ""condicion_b_con_saltos"": {""al1"": ""1"", ""al12i"": ""1-3"", ""al4"": ""1-5"", ""ds2"": ""2""}, ""condicion_a_garantizada"": {""al4"": ""1-5""}, ""saltos_usados"": [""al12i<-al4"", ""al4<-al1""]}, {""condicion_b"": {""al12j"": ""1-3"", ""ds2"": ""2""}, ""condicion_b_con_saltos"": {""al1"": ""1"", ""al12j"": ""1-3"", ""al4"": ""1-5"", ""ds2"": ""2""}, ""condicion_a_garantizada"": {""al4"": ""1-5""}, ""saltos_usados"": [""al12j<-al4"", ""al4<-al1""]}, {""condicion_b"": {""al15a"": ""1-6"", ""ds2"": ""2""}, ""condicion_b_con_saltos"": {""al1"": ""1"", ""al15a"": ""1-6"", ""al4"": ""1-5"", ""ds2"": ""2""}, ""condicion_a_garantizada"": {""al4"": ""1-5""}, ""saltos_usados"": [""al15a<-al4"", ""al4<-al1""]}, {""condicion_b"": {""al15b"": ""1-6"", ""ds2"": ""2""}, ""condicion_b_con_saltos"": {""al1"": ""1"", ""al15b"": ""1-6"", ""al4"": ""1-5"", ""ds2"": ""2""}, ""condicion_a_garantizada"": {""al4"": ""1-5""}, ""saltos_usados"": [""al15b<-al4"", ""al4<-al1""]}, {""condicion_b"": {""al15c"": ""1-6"", ""ds2"": ""2""}, ""condicion_b_con_saltos"": {""al1"": ""1"", ""al15c"": ""1-6"", ""al4"": ""1-5"", ""ds2"": ""2""}, ""condicion_a_garantizada"": {""al4"": ""1-5""}, ""saltos_usados"": [""al15c<-al4"", ""al4<-al1""]}, {""condicion_b"": {""al15d"": ""1-6"", ""ds2"": ""2""}, ""condicion_b_con_saltos"": {""al1"": ""1"", ""al15d"": ""1-6"", ""al4"": ""1-5"", ""ds2"": ""2""}, ""condicion_a_garantizada"": {""al4"": ""1-5""}, ""saltos_usados"": [""al15d<-al4"", ""al4<-al1""]}, {""condicion_b"": {""al15e"": ""1-6"", ""ds2"": ""2""}, ""condicion_b_con_saltos"": {""al1"": ""1"", ""al15e"": ""1-6"", ""al4"": ""1-5"", ""ds2"": ""2""}, ""condicion_a_garantizada"": {""al4"": ""1-5""}, ""saltos_usados"": [""al15e<-al4"", ""al4<-al1""]}, {""condicion_b"": {""al15f"": ""1-6"", ""ds2"": ""2""}, ""condicion_b_con_saltos"": {""al1"": ""1"", ""al15f"": ""1-6"", ""al4"": ""1-5"", ""ds2"": ""2""}, ""condicion_a_garantizada"": {""al4"": ""1-5""}, ""saltos_usados"": [""al15f<-al4"", ""al4<-al1""]}, {""condicion_b"": {""al15g"": ""1-6"", ""ds2"": ""2""}, ""condicion_b_con_saltos"": {""al1"": ""1"", ""al15g"": ""1-6"", ""al4"": ""1-5"", ""ds2"": ""2""}, ""condicion_a_garantizada"": {""al4"": ""1-5""}, ""saltos_usados"": [""al15g<-al4"", ""al4<-al1""]}]}, {""tipo"": ""salto_del_cuestionario_verificado"", ""archivo"": ""encodat_analysis/correlations/evidence/questionnaire_routing.json"", ""saltos"": [{""salto"": ""al12g<-al4"", ""parent_question"": ""AL4. En los últimos 12 meses, ¿tomó alguna bebida que contenga alcohol?"", ""parent_enabling_codes"": [1, 2, 3, 4, 5], ""counterexamples"": 0}, {""salto"": ""al12h<-al4"", ""parent_question"": ""AL4. En los últimos 12 meses, ¿tomó alguna bebida que contenga alcohol?"", ""parent_enabling_codes"": [1, 2, 3, 4, 5], ""counterexamples"": 0}, {""salto"": ""al12i<-al4"", ""parent_question"": ""AL4. En los últimos 12 meses, ¿tomó alguna bebida que contenga alcohol?"", ""parent_enabling_codes"": [1, 2, 3, 4, 5], ""counterexamples"": 0}, {""salto"": ""al12j<-al4"", ""parent_question"": ""AL4. En los últimos 12 meses, ¿tomó alguna bebida que contenga alcohol?"", ""parent_enabling_codes"": [1, 2, 3, 4, 5], ""counterexamples"": 0}, {""salto"": ""al14a<-al4"", ""parent_question"": ""AL4. En los últimos 12 meses, ¿tomó alguna bebida que contenga alcohol?"", ""parent_enabling_codes"": [1, 2, 3, 4, 5], ""counterexamples"": 0}, {""salto"": ""al14b<-al4"", ""parent_question"": ""AL4. En los últimos 12 meses, ¿tomó alguna bebida que contenga alcohol?"", ""parent_enabling_codes"": [1, 2, 3, 4, 5], ""counterexamples"": 0}, {""salto"": ""al14c<-al4"", ""parent_question"": ""AL4. En los últimos 12 meses, ¿tomó alguna bebida que contenga alcohol?"", ""parent_enabling_codes"": [1, 2, 3, 4, 5], ""counterexamples"": 0}, {""salto"": ""al14d<-al4"", ""parent_question"": ""AL4. En los últimos 12 meses, ¿tomó alguna bebida que contenga alcohol?"", ""parent_enabling_codes"": [1, 2, 3, 4, 5], ""counterexamples"": 0}, {""salto"": ""al14e<-al4"", ""parent_question"": ""AL4. En los últimos 12 meses, ¿tomó alguna bebida que contenga alcohol?"", ""parent_enabling_codes"": [1, 2, 3, 4, 5], ""counterexamples"": 0}, {""salto"": ""al14f<-al4"", ""parent_question"": ""AL4. En los últimos 12 meses, ¿tomó alguna bebida que contenga alcohol?"", ""parent_enabling_codes"": [1, 2, 3, 4, 5], ""counterexamples"": 0}, {""salto"": ""al14g<-al4"", ""parent_question"": ""AL4. En los últimos 12 meses, ¿tomó alguna bebida que contenga alcohol?"", ""parent_enabling_codes"": [1, 2, 3, 4, 5], ""counterexamples"": 0}, {""salto"": ""al15a<-al4"", ""parent_question"": ""AL4. En los últimos 12 meses, ¿tomó alguna bebida que contenga alcohol?"", ""parent_enabling_codes"": [1, 2, 3, 4, 5], ""counterexamples"": 0}, {""salto"": ""al15b<-al4"", ""parent_question"": ""AL4. En los últimos 12 meses, ¿tomó alguna bebida que contenga alcohol?"", ""parent_enabling_codes"": [1, 2, 3, 4, 5], ""counterexamples"": 0}, {""salto"": ""al15c<-al4"", ""parent_question"": ""AL4. En los últimos 12 meses, ¿tomó alguna bebida que contenga alcohol?"", ""parent_enabling_codes"": [1, 2, 3, 4, 5], ""counterexamples"": 0}, {""salto"": ""al15d<-al4"", ""parent_question"": ""AL4. En los últimos 12 meses, ¿tomó alguna bebida que contenga alcohol?"", ""parent_enabling_codes"": [1, 2, 3, 4, 5], ""counterexamples"": 0}, {""salto"": ""al15e<-al4"", ""parent_question"": ""AL4. En los últimos 12 meses, ¿tomó alguna bebida que contenga alcohol?"", ""parent_enabling_codes"": [1, 2, 3, 4, 5], ""counterexamples"": 0}, {""salto"": ""al15f<-al4"", ""parent_question"": ""AL4. En los últimos 12 meses, ¿tomó alguna bebida que contenga alcohol?"", ""parent_enabling_codes"": [1, 2, 3, 4, 5], ""counterexamples"": 0}, {""salto"": ""al15g<-al4"", ""parent_question"": ""AL4. En los últimos 12 meses, ¿tomó alguna bebida que contenga alcohol?"", ""parent_enabling_codes"": [1, 2, 3, 4, 5], ""counterexamples"": 0}, {""salto"": ""al4<-al1"", ""parent_question"": ""AL1. ¿Ha consumido alguna vez cualquier bebida que contenga alcohol?"", ""parent_enabling_codes"": [1], ""counterexamples"": 0}]}]","[""alc_ult_ano"", ""alc_excesivo_semanal""]",alc_ult_ano: Diferencia con el objetivo nacional registrada por el propio análisis; falta resolver derivación y reproducir fuente antes de exponer resultados como validados.; alc_excesivo_semanal: Diferencia con el objetivo nacional registrada por el propio análisis; falta resolver derivación y reproducir fuente antes de exponer resultados como validados.,True,True,excluded_from_analysis
alc_excesivo_diario|alc_ult_ano,alc_ult_ano,alc_excesivo_diario,Alcohol (año),Excesivo (diario),,,excluded,salto_del_cuestionario,"Un positivo del primero solo es posible si el segundo ya es positivo, por el salto del cuestionario.",Todo positivo de alc_excesivo_diario es necesariamente un positivo de alc_ult_ano por construcción.,"[{""tipo"": ""grafo_de_variables_derivadas"", ""archivo"": ""encodat_analysis/src/derived_vars.py"", ""indicador"": ""alc_ult_ano"", ""variable_derivada"": null, ""etiqueta_oficial"": null, ""syntax_source"": ""reconstruccion_proyecto"", ""bloque"": null, ""regla_de_confirmacion"": null, ""variables_de_origen"": [""al4""], ""componentes_declarados"": [], ""condicion_positiva"": [""al4 en {1-5}""], ""origen_de_la_condicion"": ""AL4, categorías 1..5; el código 6 es «Nunca en los últimos 12 meses»""}, {""tipo"": ""grafo_de_variables_derivadas"", ""archivo"": ""encodat_analysis/src/derived_vars.py"", ""indicador"": ""alc_excesivo_diario"", ""variable_derivada"": null, ""etiqueta_oficial"": null, ""syntax_source"": ""reconstruccion_proyecto"", ""bloque"": null, ""regla_de_confirmacion"": null, ""variables_de_origen"": [""al12g"", ""al12h"", ""al12i"", ""al12j"", ""al14a"", ""al14b"", ""al14c"", ""al14d"", ""al14e"", ""al14f"", ""al14g"", ""al15a"", ""al15b"", ""al15c"", ""al15d"", ""al15e"", ""al15f"", ""al15g"", ""ds2""], ""componentes_declarados"": [], ""condicion_positiva"": [""al12g en {1} y ds2 en {1}"", ""al12h en {1} y ds2 en {1}"", ""al14a en {1-4} y ds2 en {1}"", ""al14b en {1-4} y ds2 en {1}"", ""al14c en {1-4} y ds2 en {1}"", ""al14d en {1-4} y ds2 en {1}"", ""al14e en {1-4} y ds2 en {1}"", ""al14f en {1-4} y ds2 en {1}"", ""al14g en {1-4} y ds2 en {1}"", ""al12i en {1} y ds2 en {2}"", ""al12j en {1} y ds2 en {2}"", ""al15a en {1-4} y ds2 en {2}"", ""al15b en {1-4} y ds2 en {2}"", ""al15c en {1-4} y ds2 en {2}"", ""al15d en {1-4} y ds2 en {2}"", ""al15e en {1-4} y ds2 en {2}"", ""al15f en {1-4} y ds2 en {2}"", ""al15g en {1-4} y ds2 en {2}""], ""origen_de_la_condicion"": ""binge(d, 1, 4); AL12 código 1 = «Diario», AL14/AL15 código 4 = «Casi todos los días (5-6 veces por semana)»""}, {""tipo"": ""implicacion_logica"", ""implica"": ""alc_excesivo_diario"", ""implicado"": ""alc_ult_ano"", ""alcance"": ""total"", ""demostracion"": [{""condicion_b"": {""al12g"": ""1"", ""ds2"": ""1""}, ""condicion_b_con_saltos"": {""al1"": ""1"", ""al12g"": ""1"", ""al4"": ""1-5"", ""ds2"": ""1""}, ""condicion_a_garantizada"": {""al4"": ""1-5""}, ""saltos_usados"": [""al12g<-al4"", ""al4<-al1""]}, {""condicion_b"": {""al12h"": ""1"", ""ds2"": ""1""}, ""condicion_b_con_saltos"": {""al1"": ""1"", ""al12h"": ""1"", ""al4"": ""1-5"", ""ds2"": ""1""}, ""condicion_a_garantizada"": {""al4"": ""1-5""}, ""saltos_usados"": [""al12h<-al4"", ""al4<-al1""]}, {""condicion_b"": {""al14a"": ""1-4"", ""ds2"": ""1""}, ""condicion_b_con_saltos"": {""al1"": ""1"", ""al14a"": ""1-4"", ""al4"": ""1-5"", ""ds2"": ""1""}, ""condicion_a_garantizada"": {""al4"": ""1-5""}, ""saltos_usados"": [""al14a<-al4"", ""al4<-al1""]}, {""condicion_b"": {""al14b"": ""1-4"", ""ds2"": ""1""}, ""condicion_b_con_saltos"": {""al1"": ""1"", ""al14b"": ""1-4"", ""al4"": ""1-5"", ""ds2"": ""1""}, ""condicion_a_garantizada"": {""al4"": ""1-5""}, ""saltos_usados"": [""al14b<-al4"", ""al4<-al1""]}, {""condicion_b"": {""al14c"": ""1-4"", ""ds2"": ""1""}, ""condicion_b_con_saltos"": {""al1"": ""1"", ""al14c"": ""1-4"", ""al4"": ""1-5"", ""ds2"": ""1""}, ""condicion_a_garantizada"": {""al4"": ""1-5""}, ""saltos_usados"": [""al14c<-al4"", ""al4<-al1""]}, {""condicion_b"": {""al14d"": ""1-4"", ""ds2"": ""1""}, ""condicion_b_con_saltos"": {""al1"": ""1"", ""al14d"": ""1-4"", ""al4"": ""1-5"", ""ds2"": ""1""}, ""condicion_a_garantizada"": {""al4"": ""1-5""}, ""saltos_usados"": [""al14d<-al4"", ""al4<-al1""]}, {""condicion_b"": {""al14e"": ""1-4"", ""ds2"": ""1""}, ""condicion_b_con_saltos"": {""al1"": ""1"", ""al14e"": ""1-4"", ""al4"": ""1-5"", ""ds2"": ""1""}, ""condicion_a_garantizada"": {""al4"": ""1-5""}, ""saltos_usados"": [""al14e<-al4"", ""al4<-al1""]}, {""condicion_b"": {""al14f"": ""1-4"", ""ds2"": ""1""}, ""condicion_b_con_saltos"": {""al1"": ""1"", ""al14f"": ""1-4"", ""al4"": ""1-5"", ""ds2"": ""1""}, ""condicion_a_garantizada"": {""al4"": ""1-5""}, ""saltos_usados"": [""al14f<-al4"", ""al4<-al1""]}, {""condicion_b"": {""al14g"": ""1-4"", ""ds2"": ""1""}, ""condicion_b_con_saltos"": {""al1"": ""1"", ""al14g"": ""1-4"", ""al4"": ""1-5"", ""ds2"": ""1""}, ""condicion_a_garantizada"": {""al4"": ""1-5""}, ""saltos_usados"": [""al14g<-al4"", ""al4<-al1""]}, {""condicion_b"": {""al12i"": ""1"", ""ds2"": ""2""}, ""condicion_b_con_saltos"": {""al1"": ""1"", ""al12i"": ""1"", ""al4"": ""1-5"", ""ds2"": ""2""}, ""condicion_a_garantizada"": {""al4"": ""1-5""}, ""saltos_usados"": [""al12i<-al4"", ""al4<-al1""]}, {""condicion_b"": {""al12j"": ""1"", ""ds2"": ""2""}, ""condicion_b_con_saltos"": {""al1"": ""1"", ""al12j"": ""1"", ""al4"": ""1-5"", ""ds2"": ""2""}, ""condicion_a_garantizada"": {""al4"": ""1-5""}, ""saltos_usados"": [""al12j<-al4"", ""al4<-al1""]}, {""condicion_b"": {""al15a"": ""1-4"", ""ds2"": ""2""}, ""condicion_b_con_saltos"": {""al1"": ""1"", ""al15a"": ""1-4"", ""al4"": ""1-5"", ""ds2"": ""2""}, ""condicion_a_garantizada"": {""al4"": ""1-5""}, ""saltos_usados"": [""al15a<-al4"", ""al4<-al1""]}, {""condicion_b"": {""al15b"": ""1-4"", ""ds2"": ""2""}, ""condicion_b_con_saltos"": {""al1"": ""1"", ""al15b"": ""1-4"", ""al4"": ""1-5"", ""ds2"": ""2""}, ""condicion_a_garantizada"": {""al4"": ""1-5""}, ""saltos_usados"": [""al15b<-al4"", ""al4<-al1""]}, {""condicion_b"": {""al15c"": ""1-4"", ""ds2"": ""2""}, ""condicion_b_con_saltos"": {""al1"": ""1"", ""al15c"": ""1-4"", ""al4"": ""1-5"", ""ds2"": ""2""}, ""condicion_a_garantizada"": {""al4"": ""1-5""}, ""saltos_usados"": [""al15c<-al4"", ""al4<-al1""]}, {""condicion_b"": {""al15d"": ""1-4"", ""ds2"": ""2""}, ""condicion_b_con_saltos"": {""al1"": ""1"", ""al15d"": ""1-4"", ""al4"": ""1-5"", ""ds2"": ""2""}, ""condicion_a_garantizada"": {""al4"": ""1-5""}, ""saltos_usados"": [""al15d<-al4"", ""al4<-al1""]}, {""condicion_b"": {""al15e"": ""1-4"", ""ds2"": ""2""}, ""condicion_b_con_saltos"": {""al1"": ""1"", ""al15e"": ""1-4"", ""al4"": ""1-5"", ""ds2"": ""2""}, ""condicion_a_garantizada"": {""al4"": ""1-5""}, ""saltos_usados"": [""al15e<-al4"", ""al4<-al1""]}, {""condicion_b"": {""al15f"": ""1-4"", ""ds2"": ""2""}, ""condicion_b_con_saltos"": {""al1"": ""1"", ""al15f"": ""1-4"", ""al4"": ""1-5"", ""ds2"": ""2""}, ""condicion_a_garantizada"": {""al4"": ""1-5""}, ""saltos_usados"": [""al15f<-al4"", ""al4<-al1""]}, {""condicion_b"": {""al15g"": ""1-4"", ""ds2"": ""2""}, ""condicion_b_con_saltos"": {""al1"": ""1"", ""al15g"": ""1-4"", ""al4"": ""1-5"", ""ds2"": ""2""}, ""condicion_a_garantizada"": {""al4"": ""1-5""}, ""saltos_usados"": [""al15g<-al4"", ""al4<-al1""]}]}, {""tipo"": ""salto_del_cuestionario_verificado"", ""archivo"": ""encodat_analysis/correlations/evidence/questionnaire_routing.json"", ""saltos"": [{""salto"": ""al12g<-al4"", ""parent_question"": ""AL4. En los últimos 12 meses, ¿tomó alguna bebida que contenga alcohol?"", ""parent_enabling_codes"": [1, 2, 3, 4, 5], ""counterexamples"": 0}, {""salto"": ""al12h<-al4"", ""parent_question"": ""AL4. En los últimos 12 meses, ¿tomó alguna bebida que contenga alcohol?"", ""parent_enabling_codes"": [1, 2, 3, 4, 5], ""counterexamples"": 0}, {""salto"": ""al12i<-al4"", ""parent_question"": ""AL4. En los últimos 12 meses, ¿tomó alguna bebida que contenga alcohol?"", ""parent_enabling_codes"": [1, 2, 3, 4, 5], ""counterexamples"": 0}, {""salto"": ""al12j<-al4"", ""parent_question"": ""AL4. En los últimos 12 meses, ¿tomó alguna bebida que contenga alcohol?"", ""parent_enabling_codes"": [1, 2, 3, 4, 5], ""counterexamples"": 0}, {""salto"": ""al14a<-al4"", ""parent_question"": ""AL4. En los últimos 12 meses, ¿tomó alguna bebida que contenga alcohol?"", ""parent_enabling_codes"": [1, 2, 3, 4, 5], ""counterexamples"": 0}, {""salto"": ""al14b<-al4"", ""parent_question"": ""AL4. En los últimos 12 meses, ¿tomó alguna bebida que contenga alcohol?"", ""parent_enabling_codes"": [1, 2, 3, 4, 5], ""counterexamples"": 0}, {""salto"": ""al14c<-al4"", ""parent_question"": ""AL4. En los últimos 12 meses, ¿tomó alguna bebida que contenga alcohol?"", ""parent_enabling_codes"": [1, 2, 3, 4, 5], ""counterexamples"": 0}, {""salto"": ""al14d<-al4"", ""parent_question"": ""AL4. En los últimos 12 meses, ¿tomó alguna bebida que contenga alcohol?"", ""parent_enabling_codes"": [1, 2, 3, 4, 5], ""counterexamples"": 0}, {""salto"": ""al14e<-al4"", ""parent_question"": ""AL4. En los últimos 12 meses, ¿tomó alguna bebida que contenga alcohol?"", ""parent_enabling_codes"": [1, 2, 3, 4, 5], ""counterexamples"": 0}, {""salto"": ""al14f<-al4"", ""parent_question"": ""AL4. En los últimos 12 meses, ¿tomó alguna bebida que contenga alcohol?"", ""parent_enabling_codes"": [1, 2, 3, 4, 5], ""counterexamples"": 0}, {""salto"": ""al14g<-al4"", ""parent_question"": ""AL4. En los últimos 12 meses, ¿tomó alguna bebida que contenga alcohol?"", ""parent_enabling_codes"": [1, 2, 3, 4, 5], ""counterexamples"": 0}, {""salto"": ""al15a<-al4"", ""parent_question"": ""AL4. En los últimos 12 meses, ¿tomó alguna bebida que contenga alcohol?"", ""parent_enabling_codes"": [1, 2, 3, 4, 5], ""counterexamples"": 0}, {""salto"": ""al15b<-al4"", ""parent_question"": ""AL4. En los últimos 12 meses, ¿tomó alguna bebida que contenga alcohol?"", ""parent_enabling_codes"": [1, 2, 3, 4, 5], ""counterexamples"": 0}, {""salto"": ""al15c<-al4"", ""parent_question"": ""AL4. En los últimos 12 meses, ¿tomó alguna bebida que contenga alcohol?"", ""parent_enabling_codes"": [1, 2, 3, 4, 5], ""counterexamples"": 0}, {""salto"": ""al15d<-al4"", ""parent_question"": ""AL4. En los últimos 12 meses, ¿tomó alguna bebida que contenga alcohol?"", ""parent_enabling_codes"": [1, 2, 3, 4, 5], ""counterexamples"": 0}, {""salto"": ""al15e<-al4"", ""parent_question"": ""AL4. En los últimos 12 meses, ¿tomó alguna bebida que contenga alcohol?"", ""parent_enabling_codes"": [1, 2, 3, 4, 5], ""counterexamples"": 0}, {""salto"": ""al15f<-al4"", ""parent_question"": ""AL4. En los últimos 12 meses, ¿tomó alguna bebida que contenga alcohol?"", ""parent_enabling_codes"": [1, 2, 3, 4, 5], ""counterexamples"": 0}, {""salto"": ""al15g<-al4"", ""parent_question"": ""AL4. En los últimos 12 meses, ¿tomó alguna bebida que contenga alcohol?"", ""parent_enabling_codes"": [1, 2, 3, 4, 5], ""counterexamples"": 0}, {""salto"": ""al4<-al1"", ""parent_question"": ""AL1. ¿Ha consumido alguna vez cualquier bebida que contenga alcohol?"", ""parent_enabling_codes"": [1], ""counterexamples"": 0}]}]","[""alc_ult_ano"", ""alc_excesivo_diario""]",alc_ult_ano: Diferencia con el objetivo nacional registrada por el propio análisis; falta resolver derivación y reproducir fuente antes de exponer resultados como validados.; alc_excesivo_diario: Diferencia con el objetivo nacional registrada por el propio análisis; falta resolver derivación y reproducir fuente antes de exponer resultados como validados.,True,True,excluded_from_analysis
alc_ult_ano|dep_alcohol,alc_ult_ano,dep_alcohol,Alcohol (año),Dependencia alcohol,,,excluded,salto_del_cuestionario,"Un positivo del primero solo es posible si el segundo ya es positivo, por el salto del cuestionario.",Todo positivo de dep_alcohol es necesariamente un positivo de alc_ult_ano por construcción.,"[{""tipo"": ""grafo_de_variables_derivadas"", ""archivo"": ""encodat_analysis/src/derived_vars.py"", ""indicador"": ""alc_ult_ano"", ""variable_derivada"": null, ""etiqueta_oficial"": null, ""syntax_source"": ""reconstruccion_proyecto"", ""bloque"": null, ""regla_de_confirmacion"": null, ""variables_de_origen"": [""al4""], ""componentes_declarados"": [], ""condicion_positiva"": [""al4 en {1-5}""], ""origen_de_la_condicion"": ""AL4, categorías 1..5; el código 6 es «Nunca en los últimos 12 meses»""}, {""tipo"": ""grafo_de_variables_derivadas"", ""archivo"": ""encodat_analysis/src/derived_vars.py"", ""indicador"": ""dep_alcohol"", ""variable_derivada"": null, ""etiqueta_oficial"": null, ""syntax_source"": ""reconstruccion_proyecto"", ""bloque"": null, ""regla_de_confirmacion"": null, ""variables_de_origen"": [""al26"", ""al27"", ""ta1"", ""ta2"", ""ta3"", ""ta4"", ""ta5"", ""ta6"", ""ta7""], ""componentes_declarados"": [], ""condicion_positiva"": null, ""origen_de_la_condicion"": ""Al menos dos de TA1-TA7 en {1,2} y daño AL26 o AL27 = Sí. Un conteo de síntomas no es una DNF: solo se usa la clausura de saltos de sus columnas.""}, {""tipo"": ""implicacion_logica"", ""implica"": ""dep_alcohol"", ""implicado"": ""alc_ult_ano"", ""alcance"": ""total"", ""demostracion"": [{""condicion_b"": {""ta1"": ""cualquier respuesta registrada""}, ""condicion_b_con_saltos"": {""al1"": ""1"", ""al4"": ""1-5"", ""ta1"": ""cualquier respuesta registrada""}, ""condicion_a_garantizada"": {""al4"": ""1-5""}, ""saltos_usados"": [""al4<-al1"", ""ta1<-al4""]}, {""condicion_b"": {""ta2"": ""cualquier respuesta registrada""}, ""condicion_b_con_saltos"": {""al1"": ""1"", ""al4"": ""1-5"", ""ta2"": ""cualquier respuesta registrada""}, ""condicion_a_garantizada"": {""al4"": ""1-5""}, ""saltos_usados"": [""al4<-al1"", ""ta2<-al4""]}, {""condicion_b"": {""ta3"": ""cualquier respuesta registrada""}, ""condicion_b_con_saltos"": {""al1"": ""1"", ""al4"": ""1-5"", ""ta3"": ""cualquier respuesta registrada""}, ""condicion_a_garantizada"": {""al4"": ""1-5""}, ""saltos_usados"": [""al4<-al1"", ""ta3<-al4""]}, {""condicion_b"": {""ta4"": ""cualquier respuesta registrada""}, ""condicion_b_con_saltos"": {""al1"": ""1"", ""al4"": ""1-5"", ""ta4"": ""cualquier respuesta registrada""}, ""condicion_a_garantizada"": {""al4"": ""1-5""}, ""saltos_usados"": [""al4<-al1"", ""ta4<-al4""]}, {""condicion_b"": {""ta5"": ""cualquier respuesta registrada""}, ""condicion_b_con_saltos"": {""al1"": ""1"", ""al4"": ""1-5"", ""ta5"": ""cualquier respuesta registrada""}, ""condicion_a_garantizada"": {""al4"": ""1-5""}, ""saltos_usados"": [""al4<-al1"", ""ta5<-al4""]}, {""condicion_b"": {""ta6"": ""cualquier respuesta registrada""}, ""condicion_b_con_saltos"": {""al1"": ""1"", ""al4"": ""1-5"", ""ta6"": ""cualquier respuesta registrada""}, ""condicion_a_garantizada"": {""al4"": ""1-5""}, ""saltos_usados"": [""al4<-al1"", ""ta6<-al4""]}, {""condicion_b"": {""ta7"": ""cualquier respuesta registrada""}, ""condicion_b_con_saltos"": {""al1"": ""1"", ""al4"": ""1-5"", ""ta7"": ""cualquier respuesta registrada""}, ""condicion_a_garantizada"": {""al4"": ""1-5""}, ""saltos_usados"": [""al4<-al1"", ""ta7<-al4""]}, {""condicion_b"": {""al26"": ""cualquier respuesta registrada""}, ""condicion_b_con_saltos"": {""al1"": ""1"", ""al26"": ""cualquier respuesta registrada"", ""al4"": ""1-5""}, ""condicion_a_garantizada"": {""al4"": ""1-5""}, ""saltos_usados"": [""al26<-al4"", ""al4<-al1""]}, {""condicion_b"": {""al27"": ""cualquier respuesta registrada""}, ""condicion_b_con_saltos"": {""al1"": ""1"", ""al27"": ""cualquier respuesta registrada"", ""al4"": ""1-5""}, ""condicion_a_garantizada"": {""al4"": ""1-5""}, ""saltos_usados"": [""al27<-al4"", ""al4<-al1""]}]}, {""tipo"": ""salto_del_cuestionario_verificado"", ""archivo"": ""encodat_analysis/correlations/evidence/questionnaire_routing.json"", ""saltos"": [{""salto"": ""al26<-al4"", ""parent_question"": ""AL4. En los últimos 12 meses, ¿tomó alguna bebida que contenga alcohol?"", ""parent_enabling_codes"": [1, 2, 3, 4, 5], ""counterexamples"": 0}, {""salto"": ""al27<-al4"", ""parent_question"": ""AL4. En los últimos 12 meses, ¿tomó alguna bebida que contenga alcohol?"", ""parent_enabling_codes"": [1, 2, 3, 4, 5], ""counterexamples"": 0}, {""salto"": ""al4<-al1"", ""parent_question"": ""AL1. ¿Ha consumido alguna vez cualquier bebida que contenga alcohol?"", ""parent_enabling_codes"": [1], ""counterexamples"": 0}, {""salto"": ""ta1<-al4"", ""parent_question"": ""AL4. En los últimos 12 meses, ¿tomó alguna bebida que contenga alcohol?"", ""parent_enabling_codes"": [1, 2, 3, 4, 5], ""counterexamples"": 0}, {""salto"": ""ta2<-al4"", ""parent_question"": ""AL4. En los últimos 12 meses, ¿tomó alguna bebida que contenga alcohol?"", ""parent_enabling_codes"": [1, 2, 3, 4, 5], ""counterexamples"": 0}, {""salto"": ""ta3<-al4"", ""parent_question"": ""AL4. En los últimos 12 meses, ¿tomó alguna bebida que contenga alcohol?"", ""parent_enabling_codes"": [1, 2, 3, 4, 5], ""counterexamples"": 0}, {""salto"": ""ta4<-al4"", ""parent_question"": ""AL4. En los últimos 12 meses, ¿tomó alguna bebida que contenga alcohol?"", ""parent_enabling_codes"": [1, 2, 3, 4, 5], ""counterexamples"": 0}, {""salto"": ""ta5<-al4"", ""parent_question"": ""AL4. En los últimos 12 meses, ¿tomó alguna bebida que contenga alcohol?"", ""parent_enabling_codes"": [1, 2, 3, 4, 5], ""counterexamples"": 0}, {""salto"": ""ta6<-al4"", ""parent_question"": ""AL4. En los últimos 12 meses, ¿tomó alguna bebida que contenga alcohol?"", ""parent_enabling_codes"": [1, 2, 3, 4, 5], ""counterexamples"": 0}, {""salto"": ""ta7<-al4"", ""parent_question"": ""AL4. En los últimos 12 meses, ¿tomó alguna bebida que contenga alcohol?"", ""parent_enabling_codes"": [1, 2, 3, 4, 5], ""counterexamples"": 0}]}]","[""alc_ult_ano"", ""dep_alcohol""]",alc_ult_ano: Diferencia con el objetivo nacional registrada por el propio análisis; falta resolver derivación y reproducir fuente antes de exponer resultados como validados.; dep_alcohol: Diferencia con el objetivo nacional registrada por el propio análisis; falta resolver derivación y reproducir fuente antes de exponer resultados como validados.,True,True,excluded_from_analysis
alc_excesivo_ult_ano|alc_ult_mes,alc_ult_mes,alc_excesivo_ult_ano,Alcohol (mes),Excesivo (año),,,excluded,base_condicionada_por_salto_comun,Ambos solo pueden valer 1 dentro de la misma subpoblación filtrada por un salto; fuera de ella valen 0 a la fuerza y la asociación sobre la población completa la produce el filtro.,"Ninguno implica al otro, pero los dos exigen al1 en {1} y al4 en {1-5} para poder valer 1. Fuera de esa subpoblación ambos valen 0 por el salto, no por la respuesta. El par sería analizable sobre esa base común, que este módulo no calcula.","[{""tipo"": ""grafo_de_variables_derivadas"", ""archivo"": ""encodat_analysis/src/derived_vars.py"", ""indicador"": ""alc_ult_mes"", ""variable_derivada"": null, ""etiqueta_oficial"": null, ""syntax_source"": ""reconstruccion_proyecto"", ""bloque"": null, ""regla_de_confirmacion"": null, ""variables_de_origen"": [""al8"", ""al9""], ""componentes_declarados"": [], ""condicion_positiva"": [""al8 en {1-8}"", ""al9 en {1-4}""], ""origen_de_la_condicion"": ""AL8 categorías 1..8 o AL9 categorías 1..4; AL9=5 es «nunca en el último mes»""}, {""tipo"": ""grafo_de_variables_derivadas"", ""archivo"": ""encodat_analysis/src/derived_vars.py"", ""indicador"": ""alc_excesivo_ult_ano"", ""variable_derivada"": null, ""etiqueta_oficial"": null, ""syntax_source"": ""reconstruccion_proyecto"", ""bloque"": null, ""regla_de_confirmacion"": null, ""variables_de_origen"": [""al12g"", ""al12h"", ""al12i"", ""al12j"", ""al14a"", ""al14b"", ""al14c"", ""al14d"", ""al14e"", ""al14f"", ""al14g"", ""al15a"", ""al15b"", ""al15c"", ""al15d"", ""al15e"", ""al15f"", ""al15g"", ""ds2""], ""componentes_declarados"": [], ""condicion_positiva"": [""al12g en {1-5} y ds2 en {1}"", ""al12h en {1-5} y ds2 en {1}"", ""al14a en {1-12} y ds2 en {1}"", ""al14b en {1-12} y ds2 en {1}"", ""al14c en {1-12} y ds2 en {1}"", ""al14d en {1-12} y ds2 en {1}"", ""al14e en {1-12} y ds2 en {1}"", ""al14f en {1-12} y ds2 en {1}"", ""al14g en {1-12} y ds2 en {1}"", ""al12i en {1-5} y ds2 en {2}"", ""al12j en {1-5} y ds2 en {2}"", ""al15a en {1-12} y ds2 en {2}"", ""al15b en {1-12} y ds2 en {2}"", ""al15c en {1-12} y ds2 en {2}"", ""al15d en {1-12} y ds2 en {2}"", ""al15e en {1-12} y ds2 en {2}"", ""al15f en {1-12} y ds2 en {2}"", ""al15g en {1-12} y ds2 en {2}""], ""origen_de_la_condicion"": ""binge(d, 5, 12) en indicators.py; AL12 código 5 = «1 a 11 veces en los últimos 12 meses», AL14/AL15 código 12 = «Una vez en los últimos 12 meses»""}, {""tipo"": ""salto_comun_verificado"", ""archivo"": ""encodat_analysis/correlations/evidence/questionnaire_routing.json"", ""condicion_compartida"": {""al1"": ""1"", ""al4"": ""1-5""}, ""condicion_impuesta_a"": {""al1"": ""1"", ""al4"": ""1-5""}, ""condicion_impuesta_b"": {""al1"": ""1"", ""al4"": ""1-5""}}]","[""alc_ult_mes"", ""alc_excesivo_ult_ano""]",alc_ult_mes: Diferencia con el objetivo nacional registrada por el propio análisis; falta resolver derivación y reproducir fuente antes de exponer resultados como validados.; alc_excesivo_ult_ano: Diferencia con el objetivo nacional registrada por el propio análisis; falta resolver derivación y reproducir fuente antes de exponer resultados como validados.,True,False,excluded_from_analysis
alc_excesivo_ult_mes|alc_ult_mes,alc_ult_mes,alc_excesivo_ult_mes,Alcohol (mes),Excesivo (mes),,,excluded,base_condicionada_por_salto_comun,Ambos solo pueden valer 1 dentro de la misma subpoblación filtrada por un salto; fuera de ella valen 0 a la fuerza y la asociación sobre la población completa la produce el filtro.,"Ninguno implica al otro, pero los dos exigen al1 en {1} y al4 en {1-5} para poder valer 1. Fuera de esa subpoblación ambos valen 0 por el salto, no por la respuesta. El par sería analizable sobre esa base común, que este módulo no calcula.","[{""tipo"": ""grafo_de_variables_derivadas"", ""archivo"": ""encodat_analysis/src/derived_vars.py"", ""indicador"": ""alc_ult_mes"", ""variable_derivada"": null, ""etiqueta_oficial"": null, ""syntax_source"": ""reconstruccion_proyecto"", ""bloque"": null, ""regla_de_confirmacion"": null, ""variables_de_origen"": [""al8"", ""al9""], ""componentes_declarados"": [], ""condicion_positiva"": [""al8 en {1-8}"", ""al9 en {1-4}""], ""origen_de_la_condicion"": ""AL8 categorías 1..8 o AL9 categorías 1..4; AL9=5 es «nunca en el último mes»""}, {""tipo"": ""grafo_de_variables_derivadas"", ""archivo"": ""encodat_analysis/src/derived_vars.py"", ""indicador"": ""alc_excesivo_ult_mes"", ""variable_derivada"": null, ""etiqueta_oficial"": null, ""syntax_source"": ""reconstruccion_proyecto"", ""bloque"": null, ""regla_de_confirmacion"": null, ""variables_de_origen"": [""al12g"", ""al12h"", ""al12i"", ""al12j"", ""al14a"", ""al14b"", ""al14c"", ""al14d"", ""al14e"", ""al14f"", ""al14g"", ""al15a"", ""al15b"", ""al15c"", ""al15d"", ""al15e"", ""al15f"", ""al15g"", ""ds2""], ""componentes_declarados"": [], ""condicion_positiva"": [""al12g en {1-4} y ds2 en {1}"", ""al12h en {1-4} y ds2 en {1}"", ""al14a en {1-8} y ds2 en {1}"", ""al14b en {1-8} y ds2 en {1}"", ""al14c en {1-8} y ds2 en {1}"", ""al14d en {1-8} y ds2 en {1}"", ""al14e en {1-8} y ds2 en {1}"", ""al14f en {1-8} y ds2 en {1}"", ""al14g en {1-8} y ds2 en {1}"", ""al12i en {1-4} y ds2 en {2}"", ""al12j en {1-4} y ds2 en {2}"", ""al15a en {1-8} y ds2 en {2}"", ""al15b en {1-8} y ds2 en {2}"", ""al15c en {1-8} y ds2 en {2}"", ""al15d en {1-8} y ds2 en {2}"", ""al15e en {1-8} y ds2 en {2}"", ""al15f en {1-8} y ds2 en {2}"", ""al15g en {1-8} y ds2 en {2}""], ""origen_de_la_condicion"": ""binge(d, 4, 8); AL12 código 4 = «2 a 4 veces por mes», AL14/AL15 código 8 = «Aproximadamente una vez al mes»""}, {""tipo"": ""salto_comun_verificado"", ""archivo"": ""encodat_analysis/correlations/evidence/questionnaire_routing.json"", ""condicion_compartida"": {""al1"": ""1"", ""al4"": ""1-5""}, ""condicion_impuesta_a"": {""al1"": ""1"", ""al4"": ""1-5""}, ""condicion_impuesta_b"": {""al1"": ""1"", ""al4"": ""1-5""}}]","[""alc_ult_mes"", ""alc_excesivo_ult_mes""]",alc_ult_mes: Diferencia con el objetivo nacional registrada por el propio análisis; falta resolver derivación y reproducir fuente antes de exponer resultados como validados.; alc_excesivo_ult_mes: Diferencia con el objetivo nacional registrada por el propio análisis; falta resolver derivación y reproducir fuente antes de exponer resultados como validados.,True,True,excluded_from_analysis
alc_excesivo_semanal|alc_ult_mes,alc_ult_mes,alc_excesivo_semanal,Alcohol (mes),Excesivo (semanal),,,excluded,base_condicionada_por_salto_comun,Ambos solo pueden valer 1 dentro de la misma subpoblación filtrada por un salto; fuera de ella valen 0 a la fuerza y la asociación sobre la población completa la produce el filtro.,"Ninguno implica al otro, pero los dos exigen al1 en {1} y al4 en {1-5} para poder valer 1. Fuera de esa subpoblación ambos valen 0 por el salto, no por la respuesta. El par sería analizable sobre esa base común, que este módulo no calcula.","[{""tipo"": ""grafo_de_variables_derivadas"", ""archivo"": ""encodat_analysis/src/derived_vars.py"", ""indicador"": ""alc_ult_mes"", ""variable_derivada"": null, ""etiqueta_oficial"": null, ""syntax_source"": ""reconstruccion_proyecto"", ""bloque"": null, ""regla_de_confirmacion"": null, ""variables_de_origen"": [""al8"", ""al9""], ""componentes_declarados"": [], ""condicion_positiva"": [""al8 en {1-8}"", ""al9 en {1-4}""], ""origen_de_la_condicion"": ""AL8 categorías 1..8 o AL9 categorías 1..4; AL9=5 es «nunca en el último mes»""}, {""tipo"": ""grafo_de_variables_derivadas"", ""archivo"": ""encodat_analysis/src/derived_vars.py"", ""indicador"": ""alc_excesivo_semanal"", ""variable_derivada"": null, ""etiqueta_oficial"": null, ""syntax_source"": ""reconstruccion_proyecto"", ""bloque"": null, ""regla_de_confirmacion"": null, ""variables_de_origen"": [""al12g"", ""al12h"", ""al12i"", ""al12j"", ""al14a"", ""al14b"", ""al14c"", ""al14d"", ""al14e"", ""al14f"", ""al14g"", ""al15a"", ""al15b"", ""al15c"", ""al15d"", ""al15e"", ""al15f"", ""al15g"", ""ds2""], ""componentes_declarados"": [], ""condicion_positiva"": [""al12g en {1-3} y ds2 en {1}"", ""al12h en {1-3} y ds2 en {1}"", ""al14a en {1-6} y ds2 en {1}"", ""al14b en {1-6} y ds2 en {1}"", ""al14c en {1-6} y ds2 en {1}"", ""al14d en {1-6} y ds2 en {1}"", ""al14e en {1-6} y ds2 en {1}"", ""al14f en {1-6} y ds2 en {1}"", ""al14g en {1-6} y ds2 en {1}"", ""al12i en {1-3} y ds2 en {2}"", ""al12j en {1-3} y ds2 en {2}"", ""al15a en {1-6} y ds2 en {2}"", ""al15b en {1-6} y ds2 en {2}"", ""al15c en {1-6} y ds2 en {2}"", ""al15d en {1-6} y ds2 en {2}"", ""al15e en {1-6} y ds2 en {2}"", ""al15f en {1-6} y ds2 en {2}"", ""al15g en {1-6} y ds2 en {2}""], ""origen_de_la_condicion"": ""binge(d, 3, 6); AL12 código 3 = «Una vez por semana», AL14/AL15 código 6 = «Una o dos veces a la semana»""}, {""tipo"": ""salto_comun_verificado"", ""archivo"": ""encodat_analysis/correlations/evidence/questionnaire_routing.json"", ""condicion_compartida"": {""al1"": ""1"", ""al4"": ""1-5""}, ""condicion_impuesta_a"": {""al1"": ""1"", ""al4"": ""1-5""}, ""condicion_impuesta_b"": {""al1"": ""1"", ""al4"": ""1-5""}}]","[""alc_ult_mes"", ""alc_excesivo_semanal""]",alc_ult_mes: Diferencia con el objetivo nacional registrada por el propio análisis; falta resolver derivación y reproducir fuente antes de exponer resultados como validados.; alc_excesivo_semanal: Diferencia con el objetivo nacional registrada por el propio análisis; falta resolver derivación y reproducir fuente antes de exponer resultados como validados.,True,True,excluded_from_analysis
alc_excesivo_diario|alc_ult_mes,alc_ult_mes,alc_excesivo_diario,Alcohol (mes),Excesivo (diario),,,excluded,base_condicionada_por_salto_comun,Ambos solo pueden valer 1 dentro de la misma subpoblación filtrada por un salto; fuera de ella valen 0 a la fuerza y la asociación sobre la población completa la produce el filtro.,"Ninguno implica al otro, pero los dos exigen al1 en {1} y al4 en {1-5} para poder valer 1. Fuera de esa subpoblación ambos valen 0 por el salto, no por la respuesta. El par sería analizable sobre esa base común, que este módulo no calcula.","[{""tipo"": ""grafo_de_variables_derivadas"", ""archivo"": ""encodat_analysis/src/derived_vars.py"", ""indicador"": ""alc_ult_mes"", ""variable_derivada"": null, ""etiqueta_oficial"": null, ""syntax_source"": ""reconstruccion_proyecto"", ""bloque"": null, ""regla_de_confirmacion"": null, ""variables_de_origen"": [""al8"", ""al9""], ""componentes_declarados"": [], ""condicion_positiva"": [""al8 en {1-8}"", ""al9 en {1-4}""], ""origen_de_la_condicion"": ""AL8 categorías 1..8 o AL9 categorías 1..4; AL9=5 es «nunca en el último mes»""}, {""tipo"": ""grafo_de_variables_derivadas"", ""archivo"": ""encodat_analysis/src/derived_vars.py"", ""indicador"": ""alc_excesivo_diario"", ""variable_derivada"": null, ""etiqueta_oficial"": null, ""syntax_source"": ""reconstruccion_proyecto"", ""bloque"": null, ""regla_de_confirmacion"": null, ""variables_de_origen"": [""al12g"", ""al12h"", ""al12i"", ""al12j"", ""al14a"", ""al14b"", ""al14c"", ""al14d"", ""al14e"", ""al14f"", ""al14g"", ""al15a"", ""al15b"", ""al15c"", ""al15d"", ""al15e"", ""al15f"", ""al15g"", ""ds2""], ""componentes_declarados"": [], ""condicion_positiva"": [""al12g en {1} y ds2 en {1}"", ""al12h en {1} y ds2 en {1}"", ""al14a en {1-4} y ds2 en {1}"", ""al14b en {1-4} y ds2 en {1}"", ""al14c en {1-4} y ds2 en {1}"", ""al14d en {1-4} y ds2 en {1}"", ""al14e en {1-4} y ds2 en {1}"", ""al14f en {1-4} y ds2 en {1}"", ""al14g en {1-4} y ds2 en {1}"", ""al12i en {1} y ds2 en {2}"", ""al12j en {1} y ds2 en {2}"", ""al15a en {1-4} y ds2 en {2}"", ""al15b en {1-4} y ds2 en {2}"", ""al15c en {1-4} y ds2 en {2}"", ""al15d en {1-4} y ds2 en {2}"", ""al15e en {1-4} y ds2 en {2}"", ""al15f en {1-4} y ds2 en {2}"", ""al15g en {1-4} y ds2 en {2}""], ""origen_de_la_condicion"": ""binge(d, 1, 4); AL12 código 1 = «Diario», AL14/AL15 código 4 = «Casi todos los días (5-6 veces por semana)»""}, {""tipo"": ""salto_comun_verificado"", ""archivo"": ""encodat_analysis/correlations/evidence/questionnaire_routing.json"", ""condicion_compartida"": {""al1"": ""1"", ""al4"": ""1-5""}, ""condicion_impuesta_a"": {""al1"": ""1"", ""al4"": ""1-5""}, ""condicion_impuesta_b"": {""al1"": ""1"", ""al4"": ""1-5""}}]","[""alc_ult_mes"", ""alc_excesivo_diario""]",alc_ult_mes: Diferencia con el objetivo nacional registrada por el propio análisis; falta resolver derivación y reproducir fuente antes de exponer resultados como validados.; alc_excesivo_diario: Diferencia con el objetivo nacional registrada por el propio análisis; falta resolver derivación y reproducir fuente antes de exponer resultados como validados.,True,False,excluded_from_analysis
alc_ult_mes|dep_alcohol,alc_ult_mes,dep_alcohol,Alcohol (mes),Dependencia alcohol,,,excluded,base_condicionada_por_salto_comun,Ambos solo pueden valer 1 dentro de la misma subpoblación filtrada por un salto; fuera de ella valen 0 a la fuerza y la asociación sobre la población completa la produce el filtro.,"Ninguno implica al otro, pero los dos exigen al1 en {1} y al4 en {1-5} para poder valer 1. Fuera de esa subpoblación ambos valen 0 por el salto, no por la respuesta. El par sería analizable sobre esa base común, que este módulo no calcula.","[{""tipo"": ""grafo_de_variables_derivadas"", ""archivo"": ""encodat_analysis/src/derived_vars.py"", ""indicador"": ""alc_ult_mes"", ""variable_derivada"": null, ""etiqueta_oficial"": null, ""syntax_source"": ""reconstruccion_proyecto"", ""bloque"": null, ""regla_de_confirmacion"": null, ""variables_de_origen"": [""al8"", ""al9""], ""componentes_declarados"": [], ""condicion_positiva"": [""al8 en {1-8}"", ""al9 en {1-4}""], ""origen_de_la_condicion"": ""AL8 categorías 1..8 o AL9 categorías 1..4; AL9=5 es «nunca en el último mes»""}, {""tipo"": ""grafo_de_variables_derivadas"", ""archivo"": ""encodat_analysis/src/derived_vars.py"", ""indicador"": ""dep_alcohol"", ""variable_derivada"": null, ""etiqueta_oficial"": null, ""syntax_source"": ""reconstruccion_proyecto"", ""bloque"": null, ""regla_de_confirmacion"": null, ""variables_de_origen"": [""al26"", ""al27"", ""ta1"", ""ta2"", ""ta3"", ""ta4"", ""ta5"", ""ta6"", ""ta7""], ""componentes_declarados"": [], ""condicion_positiva"": null, ""origen_de_la_condicion"": ""Al menos dos de TA1-TA7 en {1,2} y daño AL26 o AL27 = Sí. Un conteo de síntomas no es una DNF: solo se usa la clausura de saltos de sus columnas.""}, {""tipo"": ""salto_comun_verificado"", ""archivo"": ""encodat_analysis/correlations/evidence/questionnaire_routing.json"", ""condicion_compartida"": {""al1"": ""1"", ""al4"": ""1-5""}, ""condicion_impuesta_a"": {""al1"": ""1"", ""al4"": ""1-5""}, ""condicion_impuesta_b"": {""al1"": ""1"", ""al4"": ""1-5""}}]","[""alc_ult_mes"", ""dep_alcohol""]",alc_ult_mes: Diferencia con el objetivo nacional registrada por el propio análisis; falta resolver derivación y reproducir fuente antes de exponer resultados como validados.; dep_alcohol: Diferencia con el objetivo nacional registrada por el propio análisis; falta resolver derivación y reproducir fuente antes de exponer resultados como validados.,True,False,excluded_from_analysis
alc_excesivo_ult_ano|alc_excesivo_ult_mes,alc_excesivo_ult_ano,alc_excesivo_ult_mes,Excesivo (año),Excesivo (mes),,,excluded,umbral_de_frecuencia_anidado,Mismos reactivos con topes de frecuencia anidados: el umbral más estricto está contenido en el más laxo.,Todo positivo de alc_excesivo_ult_mes es necesariamente un positivo de alc_excesivo_ult_ano por construcción.,"[{""tipo"": ""grafo_de_variables_derivadas"", ""archivo"": ""encodat_analysis/src/derived_vars.py"", ""indicador"": ""alc_excesivo_ult_ano"", ""variable_derivada"": null, ""etiqueta_oficial"": null, ""syntax_source"": ""reconstruccion_proyecto"", ""bloque"": null, ""regla_de_confirmacion"": null, ""variables_de_origen"": [""al12g"", ""al12h"", ""al12i"", ""al12j"", ""al14a"", ""al14b"", ""al14c"", ""al14d"", ""al14e"", ""al14f"", ""al14g"", ""al15a"", ""al15b"", ""al15c"", ""al15d"", ""al15e"", ""al15f"", ""al15g"", ""ds2""], ""componentes_declarados"": [], ""condicion_positiva"": [""al12g en {1-5} y ds2 en {1}"", ""al12h en {1-5} y ds2 en {1}"", ""al14a en {1-12} y ds2 en {1}"", ""al14b en {1-12} y ds2 en {1}"", ""al14c en {1-12} y ds2 en {1}"", ""al14d en {1-12} y ds2 en {1}"", ""al14e en {1-12} y ds2 en {1}"", ""al14f en {1-12} y ds2 en {1}"", ""al14g en {1-12} y ds2 en {1}"", ""al12i en {1-5} y ds2 en {2}"", ""al12j en {1-5} y ds2 en {2}"", ""al15a en {1-12} y ds2 en {2}"", ""al15b en {1-12} y ds2 en {2}"", ""al15c en {1-12} y ds2 en {2}"", ""al15d en {1-12} y ds2 en {2}"", ""al15e en {1-12} y ds2 en {2}"", ""al15f en {1-12} y ds2 en {2}"", ""al15g en {1-12} y ds2 en {2}""], ""origen_de_la_condicion"": ""binge(d, 5, 12) en indicators.py; AL12 código 5 = «1 a 11 veces en los últimos 12 meses», AL14/AL15 código 12 = «Una vez en los últimos 12 meses»""}, {""tipo"": ""grafo_de_variables_derivadas"", ""archivo"": ""encodat_analysis/src/derived_vars.py"", ""indicador"": ""alc_excesivo_ult_mes"", ""variable_derivada"": null, ""etiqueta_oficial"": null, ""syntax_source"": ""reconstruccion_proyecto"", ""bloque"": null, ""regla_de_confirmacion"": null, ""variables_de_origen"": [""al12g"", ""al12h"", ""al12i"", ""al12j"", ""al14a"", ""al14b"", ""al14c"", ""al14d"", ""al14e"", ""al14f"", ""al14g"", ""al15a"", ""al15b"", ""al15c"", ""al15d"", ""al15e"", ""al15f"", ""al15g"", ""ds2""], ""componentes_declarados"": [], ""condicion_positiva"": [""al12g en {1-4} y ds2 en {1}"", ""al12h en {1-4} y ds2 en {1}"", ""al14a en {1-8} y ds2 en {1}"", ""al14b en {1-8} y ds2 en {1}"", ""al14c en {1-8} y ds2 en {1}"", ""al14d en {1-8} y ds2 en {1}"", ""al14e en {1-8} y ds2 en {1}"", ""al14f en {1-8} y ds2 en {1}"", ""al14g en {1-8} y ds2 en {1}"", ""al12i en {1-4} y ds2 en {2}"", ""al12j en {1-4} y ds2 en {2}"", ""al15a en {1-8} y ds2 en {2}"", ""al15b en {1-8} y ds2 en {2}"", ""al15c en {1-8} y ds2 en {2}"", ""al15d en {1-8} y ds2 en {2}"", ""al15e en {1-8} y ds2 en {2}"", ""al15f en {1-8} y ds2 en {2}"", ""al15g en {1-8} y ds2 en {2}""], ""origen_de_la_condicion"": ""binge(d, 4, 8); AL12 código 4 = «2 a 4 veces por mes», AL14/AL15 código 8 = «Aproximadamente una vez al mes»""}, {""tipo"": ""implicacion_logica"", ""implica"": ""alc_excesivo_ult_mes"", ""implicado"": ""alc_excesivo_ult_ano"", ""alcance"": ""total"", ""demostracion"": [{""condicion_b"": {""al12g"": ""1-4"", ""ds2"": ""1""}, ""condicion_b_con_saltos"": {""al1"": ""1"", ""al12g"": ""1-4"", ""al4"": ""1-5"", ""ds2"": ""1""}, ""condicion_a_garantizada"": {""al12g"": ""1-5"", ""ds2"": ""1""}, ""saltos_usados"": [""al12g<-al4"", ""al4<-al1""]}, {""condicion_b"": {""al12h"": ""1-4"", ""ds2"": ""1""}, ""condicion_b_con_saltos"": {""al1"": ""1"", ""al12h"": ""1-4"", ""al4"": ""1-5"", ""ds2"": ""1""}, ""condicion_a_garantizada"": {""al12h"": ""1-5"", ""ds2"": ""1""}, ""saltos_usados"": [""al12h<-al4"", ""al4<-al1""]}, {""condicion_b"": {""al14a"": ""1-8"", ""ds2"": ""1""}, ""condicion_b_con_saltos"": {""al1"": ""1"", ""al14a"": ""1-8"", ""al4"": ""1-5"", ""ds2"": ""1""}, ""condicion_a_garantizada"": {""al14a"": ""1-12"", ""ds2"": ""1""}, ""saltos_usados"": [""al14a<-al4"", ""al4<-al1""]}, {""condicion_b"": {""al14b"": ""1-8"", ""ds2"": ""1""}, ""condicion_b_con_saltos"": {""al1"": ""1"", ""al14b"": ""1-8"", ""al4"": ""1-5"", ""ds2"": ""1""}, ""condicion_a_garantizada"": {""al14b"": ""1-12"", ""ds2"": ""1""}, ""saltos_usados"": [""al14b<-al4"", ""al4<-al1""]}, {""condicion_b"": {""al14c"": ""1-8"", ""ds2"": ""1""}, ""condicion_b_con_saltos"": {""al1"": ""1"", ""al14c"": ""1-8"", ""al4"": ""1-5"", ""ds2"": ""1""}, ""condicion_a_garantizada"": {""al14c"": ""1-12"", ""ds2"": ""1""}, ""saltos_usados"": [""al14c<-al4"", ""al4<-al1""]}, {""condicion_b"": {""al14d"": ""1-8"", ""ds2"": ""1""}, ""condicion_b_con_saltos"": {""al1"": ""1"", ""al14d"": ""1-8"", ""al4"": ""1-5"", ""ds2"": ""1""}, ""condicion_a_garantizada"": {""al14d"": ""1-12"", ""ds2"": ""1""}, ""saltos_usados"": [""al14d<-al4"", ""al4<-al1""]}, {""condicion_b"": {""al14e"": ""1-8"", ""ds2"": ""1""}, ""condicion_b_con_saltos"": {""al1"": ""1"", ""al14e"": ""1-8"", ""al4"": ""1-5"", ""ds2"": ""1""}, ""condicion_a_garantizada"": {""al14e"": ""1-12"", ""ds2"": ""1""}, ""saltos_usados"": [""al14e<-al4"", ""al4<-al1""]}, {""condicion_b"": {""al14f"": ""1-8"", ""ds2"": ""1""}, ""condicion_b_con_saltos"": {""al1"": ""1"", ""al14f"": ""1-8"", ""al4"": ""1-5"", ""ds2"": ""1""}, ""condicion_a_garantizada"": {""al14f"": ""1-12"", ""ds2"": ""1""}, ""saltos_usados"": [""al14f<-al4"", ""al4<-al1""]}, {""condicion_b"": {""al14g"": ""1-8"", ""ds2"": ""1""}, ""condicion_b_con_saltos"": {""al1"": ""1"", ""al14g"": ""1-8"", ""al4"": ""1-5"", ""ds2"": ""1""}, ""condicion_a_garantizada"": {""al14g"": ""1-12"", ""ds2"": ""1""}, ""saltos_usados"": [""al14g<-al4"", ""al4<-al1""]}, {""condicion_b"": {""al12i"": ""1-4"", ""ds2"": ""2""}, ""condicion_b_con_saltos"": {""al1"": ""1"", ""al12i"": ""1-4"", ""al4"": ""1-5"", ""ds2"": ""2""}, ""condicion_a_garantizada"": {""al12i"": ""1-5"", ""ds2"": ""2""}, ""saltos_usados"": [""al12i<-al4"", ""al4<-al1""]}, {""condicion_b"": {""al12j"": ""1-4"", ""ds2"": ""2""}, ""condicion_b_con_saltos"": {""al1"": ""1"", ""al12j"": ""1-4"", ""al4"": ""1-5"", ""ds2"": ""2""}, ""condicion_a_garantizada"": {""al12j"": ""1-5"", ""ds2"": ""2""}, ""saltos_usados"": [""al12j<-al4"", ""al4<-al1""]}, {""condicion_b"": {""al15a"": ""1-8"", ""ds2"": ""2""}, ""condicion_b_con_saltos"": {""al1"": ""1"", ""al15a"": ""1-8"", ""al4"": ""1-5"", ""ds2"": ""2""}, ""condicion_a_garantizada"": {""al15a"": ""1-12"", ""ds2"": ""2""}, ""saltos_usados"": [""al15a<-al4"", ""al4<-al1""]}, {""condicion_b"": {""al15b"": ""1-8"", ""ds2"": ""2""}, ""condicion_b_con_saltos"": {""al1"": ""1"", ""al15b"": ""1-8"", ""al4"": ""1-5"", ""ds2"": ""2""}, ""condicion_a_garantizada"": {""al15b"": ""1-12"", ""ds2"": ""2""}, ""saltos_usados"": [""al15b<-al4"", ""al4<-al1""]}, {""condicion_b"": {""al15c"": ""1-8"", ""ds2"": ""2""}, ""condicion_b_con_saltos"": {""al1"": ""1"", ""al15c"": ""1-8"", ""al4"": ""1-5"", ""ds2"": ""2""}, ""condicion_a_garantizada"": {""al15c"": ""1-12"", ""ds2"": ""2""}, ""saltos_usados"": [""al15c<-al4"", ""al4<-al1""]}, {""condicion_b"": {""al15d"": ""1-8"", ""ds2"": ""2""}, ""condicion_b_con_saltos"": {""al1"": ""1"", ""al15d"": ""1-8"", ""al4"": ""1-5"", ""ds2"": ""2""}, ""condicion_a_garantizada"": {""al15d"": ""1-12"", ""ds2"": ""2""}, ""saltos_usados"": [""al15d<-al4"", ""al4<-al1""]}, {""condicion_b"": {""al15e"": ""1-8"", ""ds2"": ""2""}, ""condicion_b_con_saltos"": {""al1"": ""1"", ""al15e"": ""1-8"", ""al4"": ""1-5"", ""ds2"": ""2""}, ""condicion_a_garantizada"": {""al15e"": ""1-12"", ""ds2"": ""2""}, ""saltos_usados"": [""al15e<-al4"", ""al4<-al1""]}, {""condicion_b"": {""al15f"": ""1-8"", ""ds2"": ""2""}, ""condicion_b_con_saltos"": {""al1"": ""1"", ""al15f"": ""1-8"", ""al4"": ""1-5"", ""ds2"": ""2""}, ""condicion_a_garantizada"": {""al15f"": ""1-12"", ""ds2"": ""2""}, ""saltos_usados"": [""al15f<-al4"", ""al4<-al1""]}, {""condicion_b"": {""al15g"": ""1-8"", ""ds2"": ""2""}, ""condicion_b_con_saltos"": {""al1"": ""1"", ""al15g"": ""1-8"", ""al4"": ""1-5"", ""ds2"": ""2""}, ""condicion_a_garantizada"": {""al15g"": ""1-12"", ""ds2"": ""2""}, ""saltos_usados"": [""al15g<-al4"", ""al4<-al1""]}]}, {""tipo"": ""salto_del_cuestionario_verificado"", ""archivo"": ""encodat_analysis/correlations/evidence/questionnaire_routing.json"", ""saltos"": [{""salto"": ""al12g<-al4"", ""parent_question"": ""AL4. En los últimos 12 meses, ¿tomó alguna bebida que contenga alcohol?"", ""parent_enabling_codes"": [1, 2, 3, 4, 5], ""counterexamples"": 0}, {""salto"": ""al12h<-al4"", ""parent_question"": ""AL4. En los últimos 12 meses, ¿tomó alguna bebida que contenga alcohol?"", ""parent_enabling_codes"": [1, 2, 3, 4, 5], ""counterexamples"": 0}, {""salto"": ""al12i<-al4"", ""parent_question"": ""AL4. En los últimos 12 meses, ¿tomó alguna bebida que contenga alcohol?"", ""parent_enabling_codes"": [1, 2, 3, 4, 5], ""counterexamples"": 0}, {""salto"": ""al12j<-al4"", ""parent_question"": ""AL4. En los últimos 12 meses, ¿tomó alguna bebida que contenga alcohol?"", ""parent_enabling_codes"": [1, 2, 3, 4, 5], ""counterexamples"": 0}, {""salto"": ""al14a<-al4"", ""parent_question"": ""AL4. En los últimos 12 meses, ¿tomó alguna bebida que contenga alcohol?"", ""parent_enabling_codes"": [1, 2, 3, 4, 5], ""counterexamples"": 0}, {""salto"": ""al14b<-al4"", ""parent_question"": ""AL4. En los últimos 12 meses, ¿tomó alguna bebida que contenga alcohol?"", ""parent_enabling_codes"": [1, 2, 3, 4, 5], ""counterexamples"": 0}, {""salto"": ""al14c<-al4"", ""parent_question"": ""AL4. En los últimos 12 meses, ¿tomó alguna bebida que contenga alcohol?"", ""parent_enabling_codes"": [1, 2, 3, 4, 5], ""counterexamples"": 0}, {""salto"": ""al14d<-al4"", ""parent_question"": ""AL4. En los últimos 12 meses, ¿tomó alguna bebida que contenga alcohol?"", ""parent_enabling_codes"": [1, 2, 3, 4, 5], ""counterexamples"": 0}, {""salto"": ""al14e<-al4"", ""parent_question"": ""AL4. En los últimos 12 meses, ¿tomó alguna bebida que contenga alcohol?"", ""parent_enabling_codes"": [1, 2, 3, 4, 5], ""counterexamples"": 0}, {""salto"": ""al14f<-al4"", ""parent_question"": ""AL4. En los últimos 12 meses, ¿tomó alguna bebida que contenga alcohol?"", ""parent_enabling_codes"": [1, 2, 3, 4, 5], ""counterexamples"": 0}, {""salto"": ""al14g<-al4"", ""parent_question"": ""AL4. En los últimos 12 meses, ¿tomó alguna bebida que contenga alcohol?"", ""parent_enabling_codes"": [1, 2, 3, 4, 5], ""counterexamples"": 0}, {""salto"": ""al15a<-al4"", ""parent_question"": ""AL4. En los últimos 12 meses, ¿tomó alguna bebida que contenga alcohol?"", ""parent_enabling_codes"": [1, 2, 3, 4, 5], ""counterexamples"": 0}, {""salto"": ""al15b<-al4"", ""parent_question"": ""AL4. En los últimos 12 meses, ¿tomó alguna bebida que contenga alcohol?"", ""parent_enabling_codes"": [1, 2, 3, 4, 5], ""counterexamples"": 0}, {""salto"": ""al15c<-al4"", ""parent_question"": ""AL4. En los últimos 12 meses, ¿tomó alguna bebida que contenga alcohol?"", ""parent_enabling_codes"": [1, 2, 3, 4, 5], ""counterexamples"": 0}, {""salto"": ""al15d<-al4"", ""parent_question"": ""AL4. En los últimos 12 meses, ¿tomó alguna bebida que contenga alcohol?"", ""parent_enabling_codes"": [1, 2, 3, 4, 5], ""counterexamples"": 0}, {""salto"": ""al15e<-al4"", ""parent_question"": ""AL4. En los últimos 12 meses, ¿tomó alguna bebida que contenga alcohol?"", ""parent_enabling_codes"": [1, 2, 3, 4, 5], ""counterexamples"": 0}, {""salto"": ""al15f<-al4"", ""parent_question"": ""AL4. En los últimos 12 meses, ¿tomó alguna bebida que contenga alcohol?"", ""parent_enabling_codes"": [1, 2, 3, 4, 5], ""counterexamples"": 0}, {""salto"": ""al15g<-al4"", ""parent_question"": ""AL4. En los últimos 12 meses, ¿tomó alguna bebida que contenga alcohol?"", ""parent_enabling_codes"": [1, 2, 3, 4, 5], ""counterexamples"": 0}, {""salto"": ""al4<-al1"", ""parent_question"": ""AL1. ¿Ha consumido alguna vez cualquier bebida que contenga alcohol?"", ""parent_enabling_codes"": [1], ""counterexamples"": 0}]}]","[""alc_excesivo_ult_ano"", ""alc_excesivo_ult_mes""]",alc_excesivo_ult_ano: Diferencia con el objetivo nacional registrada por el propio análisis; falta resolver derivación y reproducir fuente antes de exponer resultados como validados.; alc_excesivo_ult_mes: Diferencia con el objetivo nacional registrada por el propio análisis; falta resolver derivación y reproducir fuente antes de exponer resultados como validados.,True,True,excluded_from_analysis
alc_excesivo_semanal|alc_excesivo_ult_ano,alc_excesivo_ult_ano,alc_excesivo_semanal,Excesivo (año),Excesivo (semanal),,,excluded,umbral_de_frecuencia_anidado,Mismos reactivos con topes de frecuencia anidados: el umbral más estricto está contenido en el más laxo.,Todo positivo de alc_excesivo_semanal es necesariamente un positivo de alc_excesivo_ult_ano por construcción.,"[{""tipo"": ""grafo_de_variables_derivadas"", ""archivo"": ""encodat_analysis/src/derived_vars.py"", ""indicador"": ""alc_excesivo_ult_ano"", ""variable_derivada"": null, ""etiqueta_oficial"": null, ""syntax_source"": ""reconstruccion_proyecto"", ""bloque"": null, ""regla_de_confirmacion"": null, ""variables_de_origen"": [""al12g"", ""al12h"", ""al12i"", ""al12j"", ""al14a"", ""al14b"", ""al14c"", ""al14d"", ""al14e"", ""al14f"", ""al14g"", ""al15a"", ""al15b"", ""al15c"", ""al15d"", ""al15e"", ""al15f"", ""al15g"", ""ds2""], ""componentes_declarados"": [], ""condicion_positiva"": [""al12g en {1-5} y ds2 en {1}"", ""al12h en {1-5} y ds2 en {1}"", ""al14a en {1-12} y ds2 en {1}"", ""al14b en {1-12} y ds2 en {1}"", ""al14c en {1-12} y ds2 en {1}"", ""al14d en {1-12} y ds2 en {1}"", ""al14e en {1-12} y ds2 en {1}"", ""al14f en {1-12} y ds2 en {1}"", ""al14g en {1-12} y ds2 en {1}"", ""al12i en {1-5} y ds2 en {2}"", ""al12j en {1-5} y ds2 en {2}"", ""al15a en {1-12} y ds2 en {2}"", ""al15b en {1-12} y ds2 en {2}"", ""al15c en {1-12} y ds2 en {2}"", ""al15d en {1-12} y ds2 en {2}"", ""al15e en {1-12} y ds2 en {2}"", ""al15f en {1-12} y ds2 en {2}"", ""al15g en {1-12} y ds2 en {2}""], ""origen_de_la_condicion"": ""binge(d, 5, 12) en indicators.py; AL12 código 5 = «1 a 11 veces en los últimos 12 meses», AL14/AL15 código 12 = «Una vez en los últimos 12 meses»""}, {""tipo"": ""grafo_de_variables_derivadas"", ""archivo"": ""encodat_analysis/src/derived_vars.py"", ""indicador"": ""alc_excesivo_semanal"", ""variable_derivada"": null, ""etiqueta_oficial"": null, ""syntax_source"": ""reconstruccion_proyecto"", ""bloque"": null, ""regla_de_confirmacion"": null, ""variables_de_origen"": [""al12g"", ""al12h"", ""al12i"", ""al12j"", ""al14a"", ""al14b"", ""al14c"", ""al14d"", ""al14e"", ""al14f"", ""al14g"", ""al15a"", ""al15b"", ""al15c"", ""al15d"", ""al15e"", ""al15f"", ""al15g"", ""ds2""], ""componentes_declarados"": [], ""condicion_positiva"": [""al12g en {1-3} y ds2 en {1}"", ""al12h en {1-3} y ds2 en {1}"", ""al14a en {1-6} y ds2 en {1}"", ""al14b en {1-6} y ds2 en {1}"", ""al14c en {1-6} y ds2 en {1}"", ""al14d en {1-6} y ds2 en {1}"", ""al14e en {1-6} y ds2 en {1}"", ""al14f en {1-6} y ds2 en {1}"", ""al14g en {1-6} y ds2 en {1}"", ""al12i en {1-3} y ds2 en {2}"", ""al12j en {1-3} y ds2 en {2}"", ""al15a en {1-6} y ds2 en {2}"", ""al15b en {1-6} y ds2 en {2}"", ""al15c en {1-6} y ds2 en {2}"", ""al15d en {1-6} y ds2 en {2}"", ""al15e en {1-6} y ds2 en {2}"", ""al15f en {1-6} y ds2 en {2}"", ""al15g en {1-6} y ds2 en {2}""], ""origen_de_la_condicion"": ""binge(d, 3, 6); AL12 código 3 = «Una vez por semana», AL14/AL15 código 6 = «Una o dos veces a la semana»""}, {""tipo"": ""implicacion_logica"", ""implica"": ""alc_excesivo_semanal"", ""implicado"": ""alc_excesivo_ult_ano"", ""alcance"": ""total"", ""demostracion"": [{""condicion_b"": {""al12g"": ""1-3"", ""ds2"": ""1""}, ""condicion_b_con_saltos"": {""al1"": ""1"", ""al12g"": ""1-3"", ""al4"": ""1-5"", ""ds2"": ""1""}, ""condicion_a_garantizada"": {""al12g"": ""1-5"", ""ds2"": ""1""}, ""saltos_usados"": [""al12g<-al4"", ""al4<-al1""]}, {""condicion_b"": {""al12h"": ""1-3"", ""ds2"": ""1""}, ""condicion_b_con_saltos"": {""al1"": ""1"", ""al12h"": ""1-3"", ""al4"": ""1-5"", ""ds2"": ""1""}, ""condicion_a_garantizada"": {""al12h"": ""1-5"", ""ds2"": ""1""}, ""saltos_usados"": [""al12h<-al4"", ""al4<-al1""]}, {""condicion_b"": {""al14a"": ""1-6"", ""ds2"": ""1""}, ""condicion_b_con_saltos"": {""al1"": ""1"", ""al14a"": ""1-6"", ""al4"": ""1-5"", ""ds2"": ""1""}, ""condicion_a_garantizada"": {""al14a"": ""1-12"", ""ds2"": ""1""}, ""saltos_usados"": [""al14a<-al4"", ""al4<-al1""]}, {""condicion_b"": {""al14b"": ""1-6"", ""ds2"": ""1""}, ""condicion_b_con_saltos"": {""al1"": ""1"", ""al14b"": ""1-6"", ""al4"": ""1-5"", ""ds2"": ""1""}, ""condicion_a_garantizada"": {""al14b"": ""1-12"", ""ds2"": ""1""}, ""saltos_usados"": [""al14b<-al4"", ""al4<-al1""]}, {""condicion_b"": {""al14c"": ""1-6"", ""ds2"": ""1""}, ""condicion_b_con_saltos"": {""al1"": ""1"", ""al14c"": ""1-6"", ""al4"": ""1-5"", ""ds2"": ""1""}, ""condicion_a_garantizada"": {""al14c"": ""1-12"", ""ds2"": ""1""}, ""saltos_usados"": [""al14c<-al4"", ""al4<-al1""]}, {""condicion_b"": {""al14d"": ""1-6"", ""ds2"": ""1""}, ""condicion_b_con_saltos"": {""al1"": ""1"", ""al14d"": ""1-6"", ""al4"": ""1-5"", ""ds2"": ""1""}, ""condicion_a_garantizada"": {""al14d"": ""1-12"", ""ds2"": ""1""}, ""saltos_usados"": [""al14d<-al4"", ""al4<-al1""]}, {""condicion_b"": {""al14e"": ""1-6"", ""ds2"": ""1""}, ""condicion_b_con_saltos"": {""al1"": ""1"", ""al14e"": ""1-6"", ""al4"": ""1-5"", ""ds2"": ""1""}, ""condicion_a_garantizada"": {""al14e"": ""1-12"", ""ds2"": ""1""}, ""saltos_usados"": [""al14e<-al4"", ""al4<-al1""]}, {""condicion_b"": {""al14f"": ""1-6"", ""ds2"": ""1""}, ""condicion_b_con_saltos"": {""al1"": ""1"", ""al14f"": ""1-6"", ""al4"": ""1-5"", ""ds2"": ""1""}, ""condicion_a_garantizada"": {""al14f"": ""1-12"", ""ds2"": ""1""}, ""saltos_usados"": [""al14f<-al4"", ""al4<-al1""]}, {""condicion_b"": {""al14g"": ""1-6"", ""ds2"": ""1""}, ""condicion_b_con_saltos"": {""al1"": ""1"", ""al14g"": ""1-6"", ""al4"": ""1-5"", ""ds2"": ""1""}, ""condicion_a_garantizada"": {""al14g"": ""1-12"", ""ds2"": ""1""}, ""saltos_usados"": [""al14g<-al4"", ""al4<-al1""]}, {""condicion_b"": {""al12i"": ""1-3"", ""ds2"": ""2""}, ""condicion_b_con_saltos"": {""al1"": ""1"", ""al12i"": ""1-3"", ""al4"": ""1-5"", ""ds2"": ""2""}, ""condicion_a_garantizada"": {""al12i"": ""1-5"", ""ds2"": ""2""}, ""saltos_usados"": [""al12i<-al4"", ""al4<-al1""]}, {""condicion_b"": {""al12j"": ""1-3"", ""ds2"": ""2""}, ""condicion_b_con_saltos"": {""al1"": ""1"", ""al12j"": ""1-3"", ""al4"": ""1-5"", ""ds2"": ""2""}, ""condicion_a_garantizada"": {""al12j"": ""1-5"", ""ds2"": ""2""}, ""saltos_usados"": [""al12j<-al4"", ""al4<-al1""]}, {""condicion_b"": {""al15a"": ""1-6"", ""ds2"": ""2""}, ""condicion_b_con_saltos"": {""al1"": ""1"", ""al15a"": ""1-6"", ""al4"": ""1-5"", ""ds2"": ""2""}, ""condicion_a_garantizada"": {""al15a"": ""1-12"", ""ds2"": ""2""}, ""saltos_usados"": [""al15a<-al4"", ""al4<-al1""]}, {""condicion_b"": {""al15b"": ""1-6"", ""ds2"": ""2""}, ""condicion_b_con_saltos"": {""al1"": ""1"", ""al15b"": ""1-6"", ""al4"": ""1-5"", ""ds2"": ""2""}, ""condicion_a_garantizada"": {""al15b"": ""1-12"", ""ds2"": ""2""}, ""saltos_usados"": [""al15b<-al4"", ""al4<-al1""]}, {""condicion_b"": {""al15c"": ""1-6"", ""ds2"": ""2""}, ""condicion_b_con_saltos"": {""al1"": ""1"", ""al15c"": ""1-6"", ""al4"": ""1-5"", ""ds2"": ""2""}, ""condicion_a_garantizada"": {""al15c"": ""1-12"", ""ds2"": ""2""}, ""saltos_usados"": [""al15c<-al4"", ""al4<-al1""]}, {""condicion_b"": {""al15d"": ""1-6"", ""ds2"": ""2""}, ""condicion_b_con_saltos"": {""al1"": ""1"", ""al15d"": ""1-6"", ""al4"": ""1-5"", ""ds2"": ""2""}, ""condicion_a_garantizada"": {""al15d"": ""1-12"", ""ds2"": ""2""}, ""saltos_usados"": [""al15d<-al4"", ""al4<-al1""]}, {""condicion_b"": {""al15e"": ""1-6"", ""ds2"": ""2""}, ""condicion_b_con_saltos"": {""al1"": ""1"", ""al15e"": ""1-6"", ""al4"": ""1-5"", ""ds2"": ""2""}, ""condicion_a_garantizada"": {""al15e"": ""1-12"", ""ds2"": ""2""}, ""saltos_usados"": [""al15e<-al4"", ""al4<-al1""]}, {""condicion_b"": {""al15f"": ""1-6"", ""ds2"": ""2""}, ""condicion_b_con_saltos"": {""al1"": ""1"", ""al15f"": ""1-6"", ""al4"": ""1-5"", ""ds2"": ""2""}, ""condicion_a_garantizada"": {""al15f"": ""1-12"", ""ds2"": ""2""}, ""saltos_usados"": [""al15f<-al4"", ""al4<-al1""]}, {""condicion_b"": {""al15g"": ""1-6"", ""ds2"": ""2""}, ""condicion_b_con_saltos"": {""al1"": ""1"", ""al15g"": ""1-6"", ""al4"": ""1-5"", ""ds2"": ""2""}, ""condicion_a_garantizada"": {""al15g"": ""1-12"", ""ds2"": ""2""}, ""saltos_usados"": [""al15g<-al4"", ""al4<-al1""]}]}, {""tipo"": ""salto_del_cuestionario_verificado"", ""archivo"": ""encodat_analysis/correlations/evidence/questionnaire_routing.json"", ""saltos"": [{""salto"": ""al12g<-al4"", ""parent_question"": ""AL4. En los últimos 12 meses, ¿tomó alguna bebida que contenga alcohol?"", ""parent_enabling_codes"": [1, 2, 3, 4, 5], ""counterexamples"": 0}, {""salto"": ""al12h<-al4"", ""parent_question"": ""AL4. En los últimos 12 meses, ¿tomó alguna bebida que contenga alcohol?"", ""parent_enabling_codes"": [1, 2, 3, 4, 5], ""counterexamples"": 0}, {""salto"": ""al12i<-al4"", ""parent_question"": ""AL4. En los últimos 12 meses, ¿tomó alguna bebida que contenga alcohol?"", ""parent_enabling_codes"": [1, 2, 3, 4, 5], ""counterexamples"": 0}, {""salto"": ""al12j<-al4"", ""parent_question"": ""AL4. En los últimos 12 meses, ¿tomó alguna bebida que contenga alcohol?"", ""parent_enabling_codes"": [1, 2, 3, 4, 5], ""counterexamples"": 0}, {""salto"": ""al14a<-al4"", ""parent_question"": ""AL4. En los últimos 12 meses, ¿tomó alguna bebida que contenga alcohol?"", ""parent_enabling_codes"": [1, 2, 3, 4, 5], ""counterexamples"": 0}, {""salto"": ""al14b<-al4"", ""parent_question"": ""AL4. En los últimos 12 meses, ¿tomó alguna bebida que contenga alcohol?"", ""parent_enabling_codes"": [1, 2, 3, 4, 5], ""counterexamples"": 0}, {""salto"": ""al14c<-al4"", ""parent_question"": ""AL4. En los últimos 12 meses, ¿tomó alguna bebida que contenga alcohol?"", ""parent_enabling_codes"": [1, 2, 3, 4, 5], ""counterexamples"": 0}, {""salto"": ""al14d<-al4"", ""parent_question"": ""AL4. En los últimos 12 meses, ¿tomó alguna bebida que contenga alcohol?"", ""parent_enabling_codes"": [1, 2, 3, 4, 5], ""counterexamples"": 0}, {""salto"": ""al14e<-al4"", ""parent_question"": ""AL4. En los últimos 12 meses, ¿tomó alguna bebida que contenga alcohol?"", ""parent_enabling_codes"": [1, 2, 3, 4, 5], ""counterexamples"": 0}, {""salto"": ""al14f<-al4"", ""parent_question"": ""AL4. En los últimos 12 meses, ¿tomó alguna bebida que contenga alcohol?"", ""parent_enabling_codes"": [1, 2, 3, 4, 5], ""counterexamples"": 0}, {""salto"": ""al14g<-al4"", ""parent_question"": ""AL4. En los últimos 12 meses, ¿tomó alguna bebida que contenga alcohol?"", ""parent_enabling_codes"": [1, 2, 3, 4, 5], ""counterexamples"": 0}, {""salto"": ""al15a<-al4"", ""parent_question"": ""AL4. En los últimos 12 meses, ¿tomó alguna bebida que contenga alcohol?"", ""parent_enabling_codes"": [1, 2, 3, 4, 5], ""counterexamples"": 0}, {""salto"": ""al15b<-al4"", ""parent_question"": ""AL4. En los últimos 12 meses, ¿tomó alguna bebida que contenga alcohol?"", ""parent_enabling_codes"": [1, 2, 3, 4, 5], ""counterexamples"": 0}, {""salto"": ""al15c<-al4"", ""parent_question"": ""AL4. En los últimos 12 meses, ¿tomó alguna bebida que contenga alcohol?"", ""parent_enabling_codes"": [1, 2, 3, 4, 5], ""counterexamples"": 0}, {""salto"": ""al15d<-al4"", ""parent_question"": ""AL4. En los últimos 12 meses, ¿tomó alguna bebida que contenga alcohol?"", ""parent_enabling_codes"": [1, 2, 3, 4, 5], ""counterexamples"": 0}, {""salto"": ""al15e<-al4"", ""parent_question"": ""AL4. En los últimos 12 meses, ¿tomó alguna bebida que contenga alcohol?"", ""parent_enabling_codes"": [1, 2, 3, 4, 5], ""counterexamples"": 0}, {""salto"": ""al15f<-al4"", ""parent_question"": ""AL4. En los últimos 12 meses, ¿tomó alguna bebida que contenga alcohol?"", ""parent_enabling_codes"": [1, 2, 3, 4, 5], ""counterexamples"": 0}, {""salto"": ""al15g<-al4"", ""parent_question"": ""AL4. En los últimos 12 meses, ¿tomó alguna bebida que contenga alcohol?"", ""parent_enabling_codes"": [1, 2, 3, 4, 5], ""counterexamples"": 0}, {""salto"": ""al4<-al1"", ""parent_question"": ""AL1. ¿Ha consumido alguna vez cualquier bebida que contenga alcohol?"", ""parent_enabling_codes"": [1], ""counterexamples"": 0}]}]","[""alc_excesivo_ult_ano"", ""alc_excesivo_semanal""]",alc_excesivo_ult_ano: Diferencia con el objetivo nacional registrada por el propio análisis; falta resolver derivación y reproducir fuente antes de exponer resultados como validados.; alc_excesivo_semanal: Diferencia con el objetivo nacional registrada por el propio análisis; falta resolver derivación y reproducir fuente antes de exponer resultados como validados.,True,True,excluded_from_analysis
alc_excesivo_diario|alc_excesivo_ult_ano,alc_excesivo_ult_ano,alc_excesivo_diario,Excesivo (año),Excesivo (diario),,,excluded,umbral_de_frecuencia_anidado,Mismos reactivos con topes de frecuencia anidados: el umbral más estricto está contenido en el más laxo.,Todo positivo de alc_excesivo_diario es necesariamente un positivo de alc_excesivo_ult_ano por construcción.,"[{""tipo"": ""grafo_de_variables_derivadas"", ""archivo"": ""encodat_analysis/src/derived_vars.py"", ""indicador"": ""alc_excesivo_ult_ano"", ""variable_derivada"": null, ""etiqueta_oficial"": null, ""syntax_source"": ""reconstruccion_proyecto"", ""bloque"": null, ""regla_de_confirmacion"": null, ""variables_de_origen"": [""al12g"", ""al12h"", ""al12i"", ""al12j"", ""al14a"", ""al14b"", ""al14c"", ""al14d"", ""al14e"", ""al14f"", ""al14g"", ""al15a"", ""al15b"", ""al15c"", ""al15d"", ""al15e"", ""al15f"", ""al15g"", ""ds2""], ""componentes_declarados"": [], ""condicion_positiva"": [""al12g en {1-5} y ds2 en {1}"", ""al12h en {1-5} y ds2 en {1}"", ""al14a en {1-12} y ds2 en {1}"", ""al14b en {1-12} y ds2 en {1}"", ""al14c en {1-12} y ds2 en {1}"", ""al14d en {1-12} y ds2 en {1}"", ""al14e en {1-12} y ds2 en {1}"", ""al14f en {1-12} y ds2 en {1}"", ""al14g en {1-12} y ds2 en {1}"", ""al12i en {1-5} y ds2 en {2}"", ""al12j en {1-5} y ds2 en {2}"", ""al15a en {1-12} y ds2 en {2}"", ""al15b en {1-12} y ds2 en {2}"", ""al15c en {1-12} y ds2 en {2}"", ""al15d en {1-12} y ds2 en {2}"", ""al15e en {1-12} y ds2 en {2}"", ""al15f en {1-12} y ds2 en {2}"", ""al15g en {1-12} y ds2 en {2}""], ""origen_de_la_condicion"": ""binge(d, 5, 12) en indicators.py; AL12 código 5 = «1 a 11 veces en los últimos 12 meses», AL14/AL15 código 12 = «Una vez en los últimos 12 meses»""}, {""tipo"": ""grafo_de_variables_derivadas"", ""archivo"": ""encodat_analysis/src/derived_vars.py"", ""indicador"": ""alc_excesivo_diario"", ""variable_derivada"": null, ""etiqueta_oficial"": null, ""syntax_source"": ""reconstruccion_proyecto"", ""bloque"": null, ""regla_de_confirmacion"": null, ""variables_de_origen"": [""al12g"", ""al12h"", ""al12i"", ""al12j"", ""al14a"", ""al14b"", ""al14c"", ""al14d"", ""al14e"", ""al14f"", ""al14g"", ""al15a"", ""al15b"", ""al15c"", ""al15d"", ""al15e"", ""al15f"", ""al15g"", ""ds2""], ""componentes_declarados"": [], ""condicion_positiva"": [""al12g en {1} y ds2 en {1}"", ""al12h en {1} y ds2 en {1}"", ""al14a en {1-4} y ds2 en {1}"", ""al14b en {1-4} y ds2 en {1}"", ""al14c en {1-4} y ds2 en {1}"", ""al14d en {1-4} y ds2 en {1}"", ""al14e en {1-4} y ds2 en {1}"", ""al14f en {1-4} y ds2 en {1}"", ""al14g en {1-4} y ds2 en {1}"", ""al12i en {1} y ds2 en {2}"", ""al12j en {1} y ds2 en {2}"", ""al15a en {1-4} y ds2 en {2}"", ""al15b en {1-4} y ds2 en {2}"", ""al15c en {1-4} y ds2 en {2}"", ""al15d en {1-4} y ds2 en {2}"", ""al15e en {1-4} y ds2 en {2}"", ""al15f en {1-4} y ds2 en {2}"", ""al15g en {1-4} y ds2 en {2}""], ""origen_de_la_condicion"": ""binge(d, 1, 4); AL12 código 1 = «Diario», AL14/AL15 código 4 = «Casi todos los días (5-6 veces por semana)»""}, {""tipo"": ""implicacion_logica"", ""implica"": ""alc_excesivo_diario"", ""implicado"": ""alc_excesivo_ult_ano"", ""alcance"": ""total"", ""demostracion"": [{""condicion_b"": {""al12g"": ""1"", ""ds2"": ""1""}, ""condicion_b_con_saltos"": {""al1"": ""1"", ""al12g"": ""1"", ""al4"": ""1-5"", ""ds2"": ""1""}, ""condicion_a_garantizada"": {""al12g"": ""1-5"", ""ds2"": ""1""}, ""saltos_usados"": [""al12g<-al4"", ""al4<-al1""]}, {""condicion_b"": {""al12h"": ""1"", ""ds2"": ""1""}, ""condicion_b_con_saltos"": {""al1"": ""1"", ""al12h"": ""1"", ""al4"": ""1-5"", ""ds2"": ""1""}, ""condicion_a_garantizada"": {""al12h"": ""1-5"", ""ds2"": ""1""}, ""saltos_usados"": [""al12h<-al4"", ""al4<-al1""]}, {""condicion_b"": {""al14a"": ""1-4"", ""ds2"": ""1""}, ""condicion_b_con_saltos"": {""al1"": ""1"", ""al14a"": ""1-4"", ""al4"": ""1-5"", ""ds2"": ""1""}, ""condicion_a_garantizada"": {""al14a"": ""1-12"", ""ds2"": ""1""}, ""saltos_usados"": [""al14a<-al4"", ""al4<-al1""]}, {""condicion_b"": {""al14b"": ""1-4"", ""ds2"": ""1""}, ""condicion_b_con_saltos"": {""al1"": ""1"", ""al14b"": ""1-4"", ""al4"": ""1-5"", ""ds2"": ""1""}, ""condicion_a_garantizada"": {""al14b"": ""1-12"", ""ds2"": ""1""}, ""saltos_usados"": [""al14b<-al4"", ""al4<-al1""]}, {""condicion_b"": {""al14c"": ""1-4"", ""ds2"": ""1""}, ""condicion_b_con_saltos"": {""al1"": ""1"", ""al14c"": ""1-4"", ""al4"": ""1-5"", ""ds2"": ""1""}, ""condicion_a_garantizada"": {""al14c"": ""1-12"", ""ds2"": ""1""}, ""saltos_usados"": [""al14c<-al4"", ""al4<-al1""]}, {""condicion_b"": {""al14d"": ""1-4"", ""ds2"": ""1""}, ""condicion_b_con_saltos"": {""al1"": ""1"", ""al14d"": ""1-4"", ""al4"": ""1-5"", ""ds2"": ""1""}, ""condicion_a_garantizada"": {""al14d"": ""1-12"", ""ds2"": ""1""}, ""saltos_usados"": [""al14d<-al4"", ""al4<-al1""]}, {""condicion_b"": {""al14e"": ""1-4"", ""ds2"": ""1""}, ""condicion_b_con_saltos"": {""al1"": ""1"", ""al14e"": ""1-4"", ""al4"": ""1-5"", ""ds2"": ""1""}, ""condicion_a_garantizada"": {""al14e"": ""1-12"", ""ds2"": ""1""}, ""saltos_usados"": [""al14e<-al4"", ""al4<-al1""]}, {""condicion_b"": {""al14f"": ""1-4"", ""ds2"": ""1""}, ""condicion_b_con_saltos"": {""al1"": ""1"", ""al14f"": ""1-4"", ""al4"": ""1-5"", ""ds2"": ""1""}, ""condicion_a_garantizada"": {""al14f"": ""1-12"", ""ds2"": ""1""}, ""saltos_usados"": [""al14f<-al4"", ""al4<-al1""]}, {""condicion_b"": {""al14g"": ""1-4"", ""ds2"": ""1""}, ""condicion_b_con_saltos"": {""al1"": ""1"", ""al14g"": ""1-4"", ""al4"": ""1-5"", ""ds2"": ""1""}, ""condicion_a_garantizada"": {""al14g"": ""1-12"", ""ds2"": ""1""}, ""saltos_usados"": [""al14g<-al4"", ""al4<-al1""]}, {""condicion_b"": {""al12i"": ""1"", ""ds2"": ""2""}, ""condicion_b_con_saltos"": {""al1"": ""1"", ""al12i"": ""1"", ""al4"": ""1-5"", ""ds2"": ""2""}, ""condicion_a_garantizada"": {""al12i"": ""1-5"", ""ds2"": ""2""}, ""saltos_usados"": [""al12i<-al4"", ""al4<-al1""]}, {""condicion_b"": {""al12j"": ""1"", ""ds2"": ""2""}, ""condicion_b_con_saltos"": {""al1"": ""1"", ""al12j"": ""1"", ""al4"": ""1-5"", ""ds2"": ""2""}, ""condicion_a_garantizada"": {""al12j"": ""1-5"", ""ds2"": ""2""}, ""saltos_usados"": [""al12j<-al4"", ""al4<-al1""]}, {""condicion_b"": {""al15a"": ""1-4"", ""ds2"": ""2""}, ""condicion_b_con_saltos"": {""al1"": ""1"", ""al15a"": ""1-4"", ""al4"": ""1-5"", ""ds2"": ""2""}, ""condicion_a_garantizada"": {""al15a"": ""1-12"", ""ds2"": ""2""}, ""saltos_usados"": [""al15a<-al4"", ""al4<-al1""]}, {""condicion_b"": {""al15b"": ""1-4"", ""ds2"": ""2""}, ""condicion_b_con_saltos"": {""al1"": ""1"", ""al15b"": ""1-4"", ""al4"": ""1-5"", ""ds2"": ""2""}, ""condicion_a_garantizada"": {""al15b"": ""1-12"", ""ds2"": ""2""}, ""saltos_usados"": [""al15b<-al4"", ""al4<-al1""]}, {""condicion_b"": {""al15c"": ""1-4"", ""ds2"": ""2""}, ""condicion_b_con_saltos"": {""al1"": ""1"", ""al15c"": ""1-4"", ""al4"": ""1-5"", ""ds2"": ""2""}, ""condicion_a_garantizada"": {""al15c"": ""1-12"", ""ds2"": ""2""}, ""saltos_usados"": [""al15c<-al4"", ""al4<-al1""]}, {""condicion_b"": {""al15d"": ""1-4"", ""ds2"": ""2""}, ""condicion_b_con_saltos"": {""al1"": ""1"", ""al15d"": ""1-4"", ""al4"": ""1-5"", ""ds2"": ""2""}, ""condicion_a_garantizada"": {""al15d"": ""1-12"", ""ds2"": ""2""}, ""saltos_usados"": [""al15d<-al4"", ""al4<-al1""]}, {""condicion_b"": {""al15e"": ""1-4"", ""ds2"": ""2""}, ""condicion_b_con_saltos"": {""al1"": ""1"", ""al15e"": ""1-4"", ""al4"": ""1-5"", ""ds2"": ""2""}, ""condicion_a_garantizada"": {""al15e"": ""1-12"", ""ds2"": ""2""}, ""saltos_usados"": [""al15e<-al4"", ""al4<-al1""]}, {""condicion_b"": {""al15f"": ""1-4"", ""ds2"": ""2""}, ""condicion_b_con_saltos"": {""al1"": ""1"", ""al15f"": ""1-4"", ""al4"": ""1-5"", ""ds2"": ""2""}, ""condicion_a_garantizada"": {""al15f"": ""1-12"", ""ds2"": ""2""}, ""saltos_usados"": [""al15f<-al4"", ""al4<-al1""]}, {""condicion_b"": {""al15g"": ""1-4"", ""ds2"": ""2""}, ""condicion_b_con_saltos"": {""al1"": ""1"", ""al15g"": ""1-4"", ""al4"": ""1-5"", ""ds2"": ""2""}, ""condicion_a_garantizada"": {""al15g"": ""1-12"", ""ds2"": ""2""}, ""saltos_usados"": [""al15g<-al4"", ""al4<-al1""]}]}, {""tipo"": ""salto_del_cuestionario_verificado"", ""archivo"": ""encodat_analysis/correlations/evidence/questionnaire_routing.json"", ""saltos"": [{""salto"": ""al12g<-al4"", ""parent_question"": ""AL4. En los últimos 12 meses, ¿tomó alguna bebida que contenga alcohol?"", ""parent_enabling_codes"": [1, 2, 3, 4, 5], ""counterexamples"": 0}, {""salto"": ""al12h<-al4"", ""parent_question"": ""AL4. En los últimos 12 meses, ¿tomó alguna bebida que contenga alcohol?"", ""parent_enabling_codes"": [1, 2, 3, 4, 5], ""counterexamples"": 0}, {""salto"": ""al12i<-al4"", ""parent_question"": ""AL4. En los últimos 12 meses, ¿tomó alguna bebida que contenga alcohol?"", ""parent_enabling_codes"": [1, 2, 3, 4, 5], ""counterexamples"": 0}, {""salto"": ""al12j<-al4"", ""parent_question"": ""AL4. En los últimos 12 meses, ¿tomó alguna bebida que contenga alcohol?"", ""parent_enabling_codes"": [1, 2, 3, 4, 5], ""counterexamples"": 0}, {""salto"": ""al14a<-al4"", ""parent_question"": ""AL4. En los últimos 12 meses, ¿tomó alguna bebida que contenga alcohol?"", ""parent_enabling_codes"": [1, 2, 3, 4, 5], ""counterexamples"": 0}, {""salto"": ""al14b<-al4"", ""parent_question"": ""AL4. En los últimos 12 meses, ¿tomó alguna bebida que contenga alcohol?"", ""parent_enabling_codes"": [1, 2, 3, 4, 5], ""counterexamples"": 0}, {""salto"": ""al14c<-al4"", ""parent_question"": ""AL4. En los últimos 12 meses, ¿tomó alguna bebida que contenga alcohol?"", ""parent_enabling_codes"": [1, 2, 3, 4, 5], ""counterexamples"": 0}, {""salto"": ""al14d<-al4"", ""parent_question"": ""AL4. En los últimos 12 meses, ¿tomó alguna bebida que contenga alcohol?"", ""parent_enabling_codes"": [1, 2, 3, 4, 5], ""counterexamples"": 0}, {""salto"": ""al14e<-al4"", ""parent_question"": ""AL4. En los últimos 12 meses, ¿tomó alguna bebida que contenga alcohol?"", ""parent_enabling_codes"": [1, 2, 3, 4, 5], ""counterexamples"": 0}, {""salto"": ""al14f<-al4"", ""parent_question"": ""AL4. En los últimos 12 meses, ¿tomó alguna bebida que contenga alcohol?"", ""parent_enabling_codes"": [1, 2, 3, 4, 5], ""counterexamples"": 0}, {""salto"": ""al14g<-al4"", ""parent_question"": ""AL4. En los últimos 12 meses, ¿tomó alguna bebida que contenga alcohol?"", ""parent_enabling_codes"": [1, 2, 3, 4, 5], ""counterexamples"": 0}, {""salto"": ""al15a<-al4"", ""parent_question"": ""AL4. En los últimos 12 meses, ¿tomó alguna bebida que contenga alcohol?"", ""parent_enabling_codes"": [1, 2, 3, 4, 5], ""counterexamples"": 0}, {""salto"": ""al15b<-al4"", ""parent_question"": ""AL4. En los últimos 12 meses, ¿tomó alguna bebida que contenga alcohol?"", ""parent_enabling_codes"": [1, 2, 3, 4, 5], ""counterexamples"": 0}, {""salto"": ""al15c<-al4"", ""parent_question"": ""AL4. En los últimos 12 meses, ¿tomó alguna bebida que contenga alcohol?"", ""parent_enabling_codes"": [1, 2, 3, 4, 5], ""counterexamples"": 0}, {""salto"": ""al15d<-al4"", ""parent_question"": ""AL4. En los últimos 12 meses, ¿tomó alguna bebida que contenga alcohol?"", ""parent_enabling_codes"": [1, 2, 3, 4, 5], ""counterexamples"": 0}, {""salto"": ""al15e<-al4"", ""parent_question"": ""AL4. En los últimos 12 meses, ¿tomó alguna bebida que contenga alcohol?"", ""parent_enabling_codes"": [1, 2, 3, 4, 5], ""counterexamples"": 0}, {""salto"": ""al15f<-al4"", ""parent_question"": ""AL4. En los últimos 12 meses, ¿tomó alguna bebida que contenga alcohol?"", ""parent_enabling_codes"": [1, 2, 3, 4, 5], ""counterexamples"": 0}, {""salto"": ""al15g<-al4"", ""parent_question"": ""AL4. En los últimos 12 meses, ¿tomó alguna bebida que contenga alcohol?"", ""parent_enabling_codes"": [1, 2, 3, 4, 5], ""counterexamples"": 0}, {""salto"": ""al4<-al1"", ""parent_question"": ""AL1. ¿Ha consumido alguna vez cualquier bebida que contenga alcohol?"", ""parent_enabling_codes"": [1], ""counterexamples"": 0}]}]","[""alc_excesivo_ult_ano"", ""alc_excesivo_diario""]",alc_excesivo_ult_ano: Diferencia con el objetivo nacional registrada por el propio análisis; falta resolver derivación y reproducir fuente antes de exponer resultados como validados.; alc_excesivo_diario: Diferencia con el objetivo nacional registrada por el propio análisis; falta resolver derivación y reproducir fuente antes de exponer resultados como validados.,True,True,excluded_from_analysis
alc_excesivo_ult_ano|dep_alcohol,alc_excesivo_ult_ano,dep_alcohol,Excesivo (año),Dependencia alcohol,,,excluded,base_condicionada_por_salto_comun,Ambos solo pueden valer 1 dentro de la misma subpoblación filtrada por un salto; fuera de ella valen 0 a la fuerza y la asociación sobre la población completa la produce el filtro.,"Ninguno implica al otro, pero los dos exigen al1 en {1} y al4 en {1-5} para poder valer 1. Fuera de esa subpoblación ambos valen 0 por el salto, no por la respuesta. El par sería analizable sobre esa base común, que este módulo no calcula.","[{""tipo"": ""grafo_de_variables_derivadas"", ""archivo"": ""encodat_analysis/src/derived_vars.py"", ""indicador"": ""alc_excesivo_ult_ano"", ""variable_derivada"": null, ""etiqueta_oficial"": null, ""syntax_source"": ""reconstruccion_proyecto"", ""bloque"": null, ""regla_de_confirmacion"": null, ""variables_de_origen"": [""al12g"", ""al12h"", ""al12i"", ""al12j"", ""al14a"", ""al14b"", ""al14c"", ""al14d"", ""al14e"", ""al14f"", ""al14g"", ""al15a"", ""al15b"", ""al15c"", ""al15d"", ""al15e"", ""al15f"", ""al15g"", ""ds2""], ""componentes_declarados"": [], ""condicion_positiva"": [""al12g en {1-5} y ds2 en {1}"", ""al12h en {1-5} y ds2 en {1}"", ""al14a en {1-12} y ds2 en {1}"", ""al14b en {1-12} y ds2 en {1}"", ""al14c en {1-12} y ds2 en {1}"", ""al14d en {1-12} y ds2 en {1}"", ""al14e en {1-12} y ds2 en {1}"", ""al14f en {1-12} y ds2 en {1}"", ""al14g en {1-12} y ds2 en {1}"", ""al12i en {1-5} y ds2 en {2}"", ""al12j en {1-5} y ds2 en {2}"", ""al15a en {1-12} y ds2 en {2}"", ""al15b en {1-12} y ds2 en {2}"", ""al15c en {1-12} y ds2 en {2}"", ""al15d en {1-12} y ds2 en {2}"", ""al15e en {1-12} y ds2 en {2}"", ""al15f en {1-12} y ds2 en {2}"", ""al15g en {1-12} y ds2 en {2}""], ""origen_de_la_condicion"": ""binge(d, 5, 12) en indicators.py; AL12 código 5 = «1 a 11 veces en los últimos 12 meses», AL14/AL15 código 12 = «Una vez en los últimos 12 meses»""}, {""tipo"": ""grafo_de_variables_derivadas"", ""archivo"": ""encodat_analysis/src/derived_vars.py"", ""indicador"": ""dep_alcohol"", ""variable_derivada"": null, ""etiqueta_oficial"": null, ""syntax_source"": ""reconstruccion_proyecto"", ""bloque"": null, ""regla_de_confirmacion"": null, ""variables_de_origen"": [""al26"", ""al27"", ""ta1"", ""ta2"", ""ta3"", ""ta4"", ""ta5"", ""ta6"", ""ta7""], ""componentes_declarados"": [], ""condicion_positiva"": null, ""origen_de_la_condicion"": ""Al menos dos de TA1-TA7 en {1,2} y daño AL26 o AL27 = Sí. Un conteo de síntomas no es una DNF: solo se usa la clausura de saltos de sus columnas.""}, {""tipo"": ""salto_comun_verificado"", ""archivo"": ""encodat_analysis/correlations/evidence/questionnaire_routing.json"", ""condicion_compartida"": {""al1"": ""1"", ""al4"": ""1-5""}, ""condicion_impuesta_a"": {""al1"": ""1"", ""al4"": ""1-5""}, ""condicion_impuesta_b"": {""al1"": ""1"", ""al4"": ""1-5""}}]","[""alc_excesivo_ult_ano"", ""dep_alcohol""]",alc_excesivo_ult_ano: Diferencia con el objetivo nacional registrada por el propio análisis; falta resolver derivación y reproducir fuente antes de exponer resultados como validados.; dep_alcohol: Diferencia con el objetivo nacional registrada por el propio análisis; falta resolver derivación y reproducir fuente antes de exponer resultados como validados.,True,False,excluded_from_analysis
alc_excesivo_semanal|alc_excesivo_ult_mes,alc_excesivo_ult_mes,alc_excesivo_semanal,Excesivo (mes),Excesivo (semanal),,,excluded,umbral_de_frecuencia_anidado,Mismos reactivos con topes de frecuencia anidados: el umbral más estricto está contenido en el más laxo.,Todo positivo de alc_excesivo_semanal es necesariamente un positivo de alc_excesivo_ult_mes por construcción.,"[{""tipo"": ""grafo_de_variables_derivadas"", ""archivo"": ""encodat_analysis/src/derived_vars.py"", ""indicador"": ""alc_excesivo_ult_mes"", ""variable_derivada"": null, ""etiqueta_oficial"": null, ""syntax_source"": ""reconstruccion_proyecto"", ""bloque"": null, ""regla_de_confirmacion"": null, ""variables_de_origen"": [""al12g"", ""al12h"", ""al12i"", ""al12j"", ""al14a"", ""al14b"", ""al14c"", ""al14d"", ""al14e"", ""al14f"", ""al14g"", ""al15a"", ""al15b"", ""al15c"", ""al15d"", ""al15e"", ""al15f"", ""al15g"", ""ds2""], ""componentes_declarados"": [], ""condicion_positiva"": [""al12g en {1-4} y ds2 en {1}"", ""al12h en {1-4} y ds2 en {1}"", ""al14a en {1-8} y ds2 en {1}"", ""al14b en {1-8} y ds2 en {1}"", ""al14c en {1-8} y ds2 en {1}"", ""al14d en {1-8} y ds2 en {1}"", ""al14e en {1-8} y ds2 en {1}"", ""al14f en {1-8} y ds2 en {1}"", ""al14g en {1-8} y ds2 en {1}"", ""al12i en {1-4} y ds2 en {2}"", ""al12j en {1-4} y ds2 en {2}"", ""al15a en {1-8} y ds2 en {2}"", ""al15b en {1-8} y ds2 en {2}"", ""al15c en {1-8} y ds2 en {2}"", ""al15d en {1-8} y ds2 en {2}"", ""al15e en {1-8} y ds2 en {2}"", ""al15f en {1-8} y ds2 en {2}"", ""al15g en {1-8} y ds2 en {2}""], ""origen_de_la_condicion"": ""binge(d, 4, 8); AL12 código 4 = «2 a 4 veces por mes», AL14/AL15 código 8 = «Aproximadamente una vez al mes»""}, {""tipo"": ""grafo_de_variables_derivadas"", ""archivo"": ""encodat_analysis/src/derived_vars.py"", ""indicador"": ""alc_excesivo_semanal"", ""variable_derivada"": null, ""etiqueta_oficial"": null, ""syntax_source"": ""reconstruccion_proyecto"", ""bloque"": null, ""regla_de_confirmacion"": null, ""variables_de_origen"": [""al12g"", ""al12h"", ""al12i"", ""al12j"", ""al14a"", ""al14b"", ""al14c"", ""al14d"", ""al14e"", ""al14f"", ""al14g"", ""al15a"", ""al15b"", ""al15c"", ""al15d"", ""al15e"", ""al15f"", ""al15g"", ""ds2""], ""componentes_declarados"": [], ""condicion_positiva"": [""al12g en {1-3} y ds2 en {1}"", ""al12h en {1-3} y ds2 en {1}"", ""al14a en {1-6} y ds2 en {1}"", ""al14b en {1-6} y ds2 en {1}"", ""al14c en {1-6} y ds2 en {1}"", ""al14d en {1-6} y ds2 en {1}"", ""al14e en {1-6} y ds2 en {1}"", ""al14f en {1-6} y ds2 en {1}"", ""al14g en {1-6} y ds2 en {1}"", ""al12i en {1-3} y ds2 en {2}"", ""al12j en {1-3} y ds2 en {2}"", ""al15a en {1-6} y ds2 en {2}"", ""al15b en {1-6} y ds2 en {2}"", ""al15c en {1-6} y ds2 en {2}"", ""al15d en {1-6} y ds2 en {2}"", ""al15e en {1-6} y ds2 en {2}"", ""al15f en {1-6} y ds2 en {2}"", ""al15g en {1-6} y ds2 en {2}""], ""origen_de_la_condicion"": ""binge(d, 3, 6); AL12 código 3 = «Una vez por semana», AL14/AL15 código 6 = «Una o dos veces a la semana»""}, {""tipo"": ""implicacion_logica"", ""implica"": ""alc_excesivo_semanal"", ""implicado"": ""alc_excesivo_ult_mes"", ""alcance"": ""total"", ""demostracion"": [{""condicion_b"": {""al12g"": ""1-3"", ""ds2"": ""1""}, ""condicion_b_con_saltos"": {""al1"": ""1"", ""al12g"": ""1-3"", ""al4"": ""1-5"", ""ds2"": ""1""}, ""condicion_a_garantizada"": {""al12g"": ""1-4"", ""ds2"": ""1""}, ""saltos_usados"": [""al12g<-al4"", ""al4<-al1""]}, {""condicion_b"": {""al12h"": ""1-3"", ""ds2"": ""1""}, ""condicion_b_con_saltos"": {""al1"": ""1"", ""al12h"": ""1-3"", ""al4"": ""1-5"", ""ds2"": ""1""}, ""condicion_a_garantizada"": {""al12h"": ""1-4"", ""ds2"": ""1""}, ""saltos_usados"": [""al12h<-al4"", ""al4<-al1""]}, {""condicion_b"": {""al14a"": ""1-6"", ""ds2"": ""1""}, ""condicion_b_con_saltos"": {""al1"": ""1"", ""al14a"": ""1-6"", ""al4"": ""1-5"", ""ds2"": ""1""}, ""condicion_a_garantizada"": {""al14a"": ""1-8"", ""ds2"": ""1""}, ""saltos_usados"": [""al14a<-al4"", ""al4<-al1""]}, {""condicion_b"": {""al14b"": ""1-6"", ""ds2"": ""1""}, ""condicion_b_con_saltos"": {""al1"": ""1"", ""al14b"": ""1-6"", ""al4"": ""1-5"", ""ds2"": ""1""}, ""condicion_a_garantizada"": {""al14b"": ""1-8"", ""ds2"": ""1""}, ""saltos_usados"": [""al14b<-al4"", ""al4<-al1""]}, {""condicion_b"": {""al14c"": ""1-6"", ""ds2"": ""1""}, ""condicion_b_con_saltos"": {""al1"": ""1"", ""al14c"": ""1-6"", ""al4"": ""1-5"", ""ds2"": ""1""}, ""condicion_a_garantizada"": {""al14c"": ""1-8"", ""ds2"": ""1""}, ""saltos_usados"": [""al14c<-al4"", ""al4<-al1""]}, {""condicion_b"": {""al14d"": ""1-6"", ""ds2"": ""1""}, ""condicion_b_con_saltos"": {""al1"": ""1"", ""al14d"": ""1-6"", ""al4"": ""1-5"", ""ds2"": ""1""}, ""condicion_a_garantizada"": {""al14d"": ""1-8"", ""ds2"": ""1""}, ""saltos_usados"": [""al14d<-al4"", ""al4<-al1""]}, {""condicion_b"": {""al14e"": ""1-6"", ""ds2"": ""1""}, ""condicion_b_con_saltos"": {""al1"": ""1"", ""al14e"": ""1-6"", ""al4"": ""1-5"", ""ds2"": ""1""}, ""condicion_a_garantizada"": {""al14e"": ""1-8"", ""ds2"": ""1""}, ""saltos_usados"": [""al14e<-al4"", ""al4<-al1""]}, {""condicion_b"": {""al14f"": ""1-6"", ""ds2"": ""1""}, ""condicion_b_con_saltos"": {""al1"": ""1"", ""al14f"": ""1-6"", ""al4"": ""1-5"", ""ds2"": ""1""}, ""condicion_a_garantizada"": {""al14f"": ""1-8"", ""ds2"": ""1""}, ""saltos_usados"": [""al14f<-al4"", ""al4<-al1""]}, {""condicion_b"": {""al14g"": ""1-6"", ""ds2"": ""1""}, ""condicion_b_con_saltos"": {""al1"": ""1"", ""al14g"": ""1-6"", ""al4"": ""1-5"", ""ds2"": ""1""}, ""condicion_a_garantizada"": {""al14g"": ""1-8"", ""ds2"": ""1""}, ""saltos_usados"": [""al14g<-al4"", ""al4<-al1""]}, {""condicion_b"": {""al12i"": ""1-3"", ""ds2"": ""2""}, ""condicion_b_con_saltos"": {""al1"": ""1"", ""al12i"": ""1-3"", ""al4"": ""1-5"", ""ds2"": ""2""}, ""condicion_a_garantizada"": {""al12i"": ""1-4"", ""ds2"": ""2""}, ""saltos_usados"": [""al12i<-al4"", ""al4<-al1""]}, {""condicion_b"": {""al12j"": ""1-3"", ""ds2"": ""2""}, ""condicion_b_con_saltos"": {""al1"": ""1"", ""al12j"": ""1-3"", ""al4"": ""1-5"", ""ds2"": ""2""}, ""condicion_a_garantizada"": {""al12j"": ""1-4"", ""ds2"": ""2""}, ""saltos_usados"": [""al12j<-al4"", ""al4<-al1""]}, {""condicion_b"": {""al15a"": ""1-6"", ""ds2"": ""2""}, ""condicion_b_con_saltos"": {""al1"": ""1"", ""al15a"": ""1-6"", ""al4"": ""1-5"", ""ds2"": ""2""}, ""condicion_a_garantizada"": {""al15a"": ""1-8"", ""ds2"": ""2""}, ""saltos_usados"": [""al15a<-al4"", ""al4<-al1""]}, {""condicion_b"": {""al15b"": ""1-6"", ""ds2"": ""2""}, ""condicion_b_con_saltos"": {""al1"": ""1"", ""al15b"": ""1-6"", ""al4"": ""1-5"", ""ds2"": ""2""}, ""condicion_a_garantizada"": {""al15b"": ""1-8"", ""ds2"": ""2""}, ""saltos_usados"": [""al15b<-al4"", ""al4<-al1""]}, {""condicion_b"": {""al15c"": ""1-6"", ""ds2"": ""2""}, ""condicion_b_con_saltos"": {""al1"": ""1"", ""al15c"": ""1-6"", ""al4"": ""1-5"", ""ds2"": ""2""}, ""condicion_a_garantizada"": {""al15c"": ""1-8"", ""ds2"": ""2""}, ""saltos_usados"": [""al15c<-al4"", ""al4<-al1""]}, {""condicion_b"": {""al15d"": ""1-6"", ""ds2"": ""2""}, ""condicion_b_con_saltos"": {""al1"": ""1"", ""al15d"": ""1-6"", ""al4"": ""1-5"", ""ds2"": ""2""}, ""condicion_a_garantizada"": {""al15d"": ""1-8"", ""ds2"": ""2""}, ""saltos_usados"": [""al15d<-al4"", ""al4<-al1""]}, {""condicion_b"": {""al15e"": ""1-6"", ""ds2"": ""2""}, ""condicion_b_con_saltos"": {""al1"": ""1"", ""al15e"": ""1-6"", ""al4"": ""1-5"", ""ds2"": ""2""}, ""condicion_a_garantizada"": {""al15e"": ""1-8"", ""ds2"": ""2""}, ""saltos_usados"": [""al15e<-al4"", ""al4<-al1""]}, {""condicion_b"": {""al15f"": ""1-6"", ""ds2"": ""2""}, ""condicion_b_con_saltos"": {""al1"": ""1"", ""al15f"": ""1-6"", ""al4"": ""1-5"", ""ds2"": ""2""}, ""condicion_a_garantizada"": {""al15f"": ""1-8"", ""ds2"": ""2""}, ""saltos_usados"": [""al15f<-al4"", ""al4<-al1""]}, {""condicion_b"": {""al15g"": ""1-6"", ""ds2"": ""2""}, ""condicion_b_con_saltos"": {""al1"": ""1"", ""al15g"": ""1-6"", ""al4"": ""1-5"", ""ds2"": ""2""}, ""condicion_a_garantizada"": {""al15g"": ""1-8"", ""ds2"": ""2""}, ""saltos_usados"": [""al15g<-al4"", ""al4<-al1""]}]}, {""tipo"": ""salto_del_cuestionario_verificado"", ""archivo"": ""encodat_analysis/correlations/evidence/questionnaire_routing.json"", ""saltos"": [{""salto"": ""al12g<-al4"", ""parent_question"": ""AL4. En los últimos 12 meses, ¿tomó alguna bebida que contenga alcohol?"", ""parent_enabling_codes"": [1, 2, 3, 4, 5], ""counterexamples"": 0}, {""salto"": ""al12h<-al4"", ""parent_question"": ""AL4. En los últimos 12 meses, ¿tomó alguna bebida que contenga alcohol?"", ""parent_enabling_codes"": [1, 2, 3, 4, 5], ""counterexamples"": 0}, {""salto"": ""al12i<-al4"", ""parent_question"": ""AL4. En los últimos 12 meses, ¿tomó alguna bebida que contenga alcohol?"", ""parent_enabling_codes"": [1, 2, 3, 4, 5], ""counterexamples"": 0}, {""salto"": ""al12j<-al4"", ""parent_question"": ""AL4. En los últimos 12 meses, ¿tomó alguna bebida que contenga alcohol?"", ""parent_enabling_codes"": [1, 2, 3, 4, 5], ""counterexamples"": 0}, {""salto"": ""al14a<-al4"", ""parent_question"": ""AL4. En los últimos 12 meses, ¿tomó alguna bebida que contenga alcohol?"", ""parent_enabling_codes"": [1, 2, 3, 4, 5], ""counterexamples"": 0}, {""salto"": ""al14b<-al4"", ""parent_question"": ""AL4. En los últimos 12 meses, ¿tomó alguna bebida que contenga alcohol?"", ""parent_enabling_codes"": [1, 2, 3, 4, 5], ""counterexamples"": 0}, {""salto"": ""al14c<-al4"", ""parent_question"": ""AL4. En los últimos 12 meses, ¿tomó alguna bebida que contenga alcohol?"", ""parent_enabling_codes"": [1, 2, 3, 4, 5], ""counterexamples"": 0}, {""salto"": ""al14d<-al4"", ""parent_question"": ""AL4. En los últimos 12 meses, ¿tomó alguna bebida que contenga alcohol?"", ""parent_enabling_codes"": [1, 2, 3, 4, 5], ""counterexamples"": 0}, {""salto"": ""al14e<-al4"", ""parent_question"": ""AL4. En los últimos 12 meses, ¿tomó alguna bebida que contenga alcohol?"", ""parent_enabling_codes"": [1, 2, 3, 4, 5], ""counterexamples"": 0}, {""salto"": ""al14f<-al4"", ""parent_question"": ""AL4. En los últimos 12 meses, ¿tomó alguna bebida que contenga alcohol?"", ""parent_enabling_codes"": [1, 2, 3, 4, 5], ""counterexamples"": 0}, {""salto"": ""al14g<-al4"", ""parent_question"": ""AL4. En los últimos 12 meses, ¿tomó alguna bebida que contenga alcohol?"", ""parent_enabling_codes"": [1, 2, 3, 4, 5], ""counterexamples"": 0}, {""salto"": ""al15a<-al4"", ""parent_question"": ""AL4. En los últimos 12 meses, ¿tomó alguna bebida que contenga alcohol?"", ""parent_enabling_codes"": [1, 2, 3, 4, 5], ""counterexamples"": 0}, {""salto"": ""al15b<-al4"", ""parent_question"": ""AL4. En los últimos 12 meses, ¿tomó alguna bebida que contenga alcohol?"", ""parent_enabling_codes"": [1, 2, 3, 4, 5], ""counterexamples"": 0}, {""salto"": ""al15c<-al4"", ""parent_question"": ""AL4. En los últimos 12 meses, ¿tomó alguna bebida que contenga alcohol?"", ""parent_enabling_codes"": [1, 2, 3, 4, 5], ""counterexamples"": 0}, {""salto"": ""al15d<-al4"", ""parent_question"": ""AL4. En los últimos 12 meses, ¿tomó alguna bebida que contenga alcohol?"", ""parent_enabling_codes"": [1, 2, 3, 4, 5], ""counterexamples"": 0}, {""salto"": ""al15e<-al4"", ""parent_question"": ""AL4. En los últimos 12 meses, ¿tomó alguna bebida que contenga alcohol?"", ""parent_enabling_codes"": [1, 2, 3, 4, 5], ""counterexamples"": 0}, {""salto"": ""al15f<-al4"", ""parent_question"": ""AL4. En los últimos 12 meses, ¿tomó alguna bebida que contenga alcohol?"", ""parent_enabling_codes"": [1, 2, 3, 4, 5], ""counterexamples"": 0}, {""salto"": ""al15g<-al4"", ""parent_question"": ""AL4. En los últimos 12 meses, ¿tomó alguna bebida que contenga alcohol?"", ""parent_enabling_codes"": [1, 2, 3, 4, 5], ""counterexamples"": 0}, {""salto"": ""al4<-al1"", ""parent_question"": ""AL1. ¿Ha consumido alguna vez cualquier bebida que contenga alcohol?"", ""parent_enabling_codes"": [1], ""counterexamples"": 0}]}]","[""alc_excesivo_ult_mes"", ""alc_excesivo_semanal""]",alc_excesivo_ult_mes: Diferencia con el objetivo nacional registrada por el propio análisis; falta resolver derivación y reproducir fuente antes de exponer resultados como validados.; alc_excesivo_semanal: Diferencia con el objetivo nacional registrada por el propio análisis; falta resolver derivación y reproducir fuente antes de exponer resultados como validados.,True,True,excluded_from_analysis
alc_excesivo_diario|alc_excesivo_ult_mes,alc_excesivo_ult_mes,alc_excesivo_diario,Excesivo (mes),Excesivo (diario),,,excluded,umbral_de_frecuencia_anidado,Mismos reactivos con topes de frecuencia anidados: el umbral más estricto está contenido en el más laxo.,Todo positivo de alc_excesivo_diario es necesariamente un positivo de alc_excesivo_ult_mes por construcción.,"[{""tipo"": ""grafo_de_variables_derivadas"", ""archivo"": ""encodat_analysis/src/derived_vars.py"", ""indicador"": ""alc_excesivo_ult_mes"", ""variable_derivada"": null, ""etiqueta_oficial"": null, ""syntax_source"": ""reconstruccion_proyecto"", ""bloque"": null, ""regla_de_confirmacion"": null, ""variables_de_origen"": [""al12g"", ""al12h"", ""al12i"", ""al12j"", ""al14a"", ""al14b"", ""al14c"", ""al14d"", ""al14e"", ""al14f"", ""al14g"", ""al15a"", ""al15b"", ""al15c"", ""al15d"", ""al15e"", ""al15f"", ""al15g"", ""ds2""], ""componentes_declarados"": [], ""condicion_positiva"": [""al12g en {1-4} y ds2 en {1}"", ""al12h en {1-4} y ds2 en {1}"", ""al14a en {1-8} y ds2 en {1}"", ""al14b en {1-8} y ds2 en {1}"", ""al14c en {1-8} y ds2 en {1}"", ""al14d en {1-8} y ds2 en {1}"", ""al14e en {1-8} y ds2 en {1}"", ""al14f en {1-8} y ds2 en {1}"", ""al14g en {1-8} y ds2 en {1}"", ""al12i en {1-4} y ds2 en {2}"", ""al12j en {1-4} y ds2 en {2}"", ""al15a en {1-8} y ds2 en {2}"", ""al15b en {1-8} y ds2 en {2}"", ""al15c en {1-8} y ds2 en {2}"", ""al15d en {1-8} y ds2 en {2}"", ""al15e en {1-8} y ds2 en {2}"", ""al15f en {1-8} y ds2 en {2}"", ""al15g en {1-8} y ds2 en {2}""], ""origen_de_la_condicion"": ""binge(d, 4, 8); AL12 código 4 = «2 a 4 veces por mes», AL14/AL15 código 8 = «Aproximadamente una vez al mes»""}, {""tipo"": ""grafo_de_variables_derivadas"", ""archivo"": ""encodat_analysis/src/derived_vars.py"", ""indicador"": ""alc_excesivo_diario"", ""variable_derivada"": null, ""etiqueta_oficial"": null, ""syntax_source"": ""reconstruccion_proyecto"", ""bloque"": null, ""regla_de_confirmacion"": null, ""variables_de_origen"": [""al12g"", ""al12h"", ""al12i"", ""al12j"", ""al14a"", ""al14b"", ""al14c"", ""al14d"", ""al14e"", ""al14f"", ""al14g"", ""al15a"", ""al15b"", ""al15c"", ""al15d"", ""al15e"", ""al15f"", ""al15g"", ""ds2""], ""componentes_declarados"": [], ""condicion_positiva"": [""al12g en {1} y ds2 en {1}"", ""al12h en {1} y ds2 en {1}"", ""al14a en {1-4} y ds2 en {1}"", ""al14b en {1-4} y ds2 en {1}"", ""al14c en {1-4} y ds2 en {1}"", ""al14d en {1-4} y ds2 en {1}"", ""al14e en {1-4} y ds2 en {1}"", ""al14f en {1-4} y ds2 en {1}"", ""al14g en {1-4} y ds2 en {1}"", ""al12i en {1} y ds2 en {2}"", ""al12j en {1} y ds2 en {2}"", ""al15a en {1-4} y ds2 en {2}"", ""al15b en {1-4} y ds2 en {2}"", ""al15c en {1-4} y ds2 en {2}"", ""al15d en {1-4} y ds2 en {2}"", ""al15e en {1-4} y ds2 en {2}"", ""al15f en {1-4} y ds2 en {2}"", ""al15g en {1-4} y ds2 en {2}""], ""origen_de_la_condicion"": ""binge(d, 1, 4); AL12 código 1 = «Diario», AL14/AL15 código 4 = «Casi todos los días (5-6 veces por semana)»""}, {""tipo"": ""implicacion_logica"", ""implica"": ""alc_excesivo_diario"", ""implicado"": ""alc_excesivo_ult_mes"", ""alcance"": ""total"", ""demostracion"": [{""condicion_b"": {""al12g"": ""1"", ""ds2"": ""1""}, ""condicion_b_con_saltos"": {""al1"": ""1"", ""al12g"": ""1"", ""al4"": ""1-5"", ""ds2"": ""1""}, ""condicion_a_garantizada"": {""al12g"": ""1-4"", ""ds2"": ""1""}, ""saltos_usados"": [""al12g<-al4"", ""al4<-al1""]}, {""condicion_b"": {""al12h"": ""1"", ""ds2"": ""1""}, ""condicion_b_con_saltos"": {""al1"": ""1"", ""al12h"": ""1"", ""al4"": ""1-5"", ""ds2"": ""1""}, ""condicion_a_garantizada"": {""al12h"": ""1-4"", ""ds2"": ""1""}, ""saltos_usados"": [""al12h<-al4"", ""al4<-al1""]}, {""condicion_b"": {""al14a"": ""1-4"", ""ds2"": ""1""}, ""condicion_b_con_saltos"": {""al1"": ""1"", ""al14a"": ""1-4"", ""al4"": ""1-5"", ""ds2"": ""1""}, ""condicion_a_garantizada"": {""al14a"": ""1-8"", ""ds2"": ""1""}, ""saltos_usados"": [""al14a<-al4"", ""al4<-al1""]}, {""condicion_b"": {""al14b"": ""1-4"", ""ds2"": ""1""}, ""condicion_b_con_saltos"": {""al1"": ""1"", ""al14b"": ""1-4"", ""al4"": ""1-5"", ""ds2"": ""1""}, ""condicion_a_garantizada"": {""al14b"": ""1-8"", ""ds2"": ""1""}, ""saltos_usados"": [""al14b<-al4"", ""al4<-al1""]}, {""condicion_b"": {""al14c"": ""1-4"", ""ds2"": ""1""}, ""condicion_b_con_saltos"": {""al1"": ""1"", ""al14c"": ""1-4"", ""al4"": ""1-5"", ""ds2"": ""1""}, ""condicion_a_garantizada"": {""al14c"": ""1-8"", ""ds2"": ""1""}, ""saltos_usados"": [""al14c<-al4"", ""al4<-al1""]}, {""condicion_b"": {""al14d"": ""1-4"", ""ds2"": ""1""}, ""condicion_b_con_saltos"": {""al1"": ""1"", ""al14d"": ""1-4"", ""al4"": ""1-5"", ""ds2"": ""1""}, ""condicion_a_garantizada"": {""al14d"": ""1-8"", ""ds2"": ""1""}, ""saltos_usados"": [""al14d<-al4"", ""al4<-al1""]}, {""condicion_b"": {""al14e"": ""1-4"", ""ds2"": ""1""}, ""condicion_b_con_saltos"": {""al1"": ""1"", ""al14e"": ""1-4"", ""al4"": ""1-5"", ""ds2"": ""1""}, ""condicion_a_garantizada"": {""al14e"": ""1-8"", ""ds2"": ""1""}, ""saltos_usados"": [""al14e<-al4"", ""al4<-al1""]}, {""condicion_b"": {""al14f"": ""1-4"", ""ds2"": ""1""}, ""condicion_b_con_saltos"": {""al1"": ""1"", ""al14f"": ""1-4"", ""al4"": ""1-5"", ""ds2"": ""1""}, ""condicion_a_garantizada"": {""al14f"": ""1-8"", ""ds2"": ""1""}, ""saltos_usados"": [""al14f<-al4"", ""al4<-al1""]}, {""condicion_b"": {""al14g"": ""1-4"", ""ds2"": ""1""}, ""condicion_b_con_saltos"": {""al1"": ""1"", ""al14g"": ""1-4"", ""al4"": ""1-5"", ""ds2"": ""1""}, ""condicion_a_garantizada"": {""al14g"": ""1-8"", ""ds2"": ""1""}, ""saltos_usados"": [""al14g<-al4"", ""al4<-al1""]}, {""condicion_b"": {""al12i"": ""1"", ""ds2"": ""2""}, ""condicion_b_con_saltos"": {""al1"": ""1"", ""al12i"": ""1"", ""al4"": ""1-5"", ""ds2"": ""2""}, ""condicion_a_garantizada"": {""al12i"": ""1-4"", ""ds2"": ""2""}, ""saltos_usados"": [""al12i<-al4"", ""al4<-al1""]}, {""condicion_b"": {""al12j"": ""1"", ""ds2"": ""2""}, ""condicion_b_con_saltos"": {""al1"": ""1"", ""al12j"": ""1"", ""al4"": ""1-5"", ""ds2"": ""2""}, ""condicion_a_garantizada"": {""al12j"": ""1-4"", ""ds2"": ""2""}, ""saltos_usados"": [""al12j<-al4"", ""al4<-al1""]}, {""condicion_b"": {""al15a"": ""1-4"", ""ds2"": ""2""}, ""condicion_b_con_saltos"": {""al1"": ""1"", ""al15a"": ""1-4"", ""al4"": ""1-5"", ""ds2"": ""2""}, ""condicion_a_garantizada"": {""al15a"": ""1-8"", ""ds2"": ""2""}, ""saltos_usados"": [""al15a<-al4"", ""al4<-al1""]}, {""condicion_b"": {""al15b"": ""1-4"", ""ds2"": ""2""}, ""condicion_b_con_saltos"": {""al1"": ""1"", ""al15b"": ""1-4"", ""al4"": ""1-5"", ""ds2"": ""2""}, ""condicion_a_garantizada"": {""al15b"": ""1-8"", ""ds2"": ""2""}, ""saltos_usados"": [""al15b<-al4"", ""al4<-al1""]}, {""condicion_b"": {""al15c"": ""1-4"", ""ds2"": ""2""}, ""condicion_b_con_saltos"": {""al1"": ""1"", ""al15c"": ""1-4"", ""al4"": ""1-5"", ""ds2"": ""2""}, ""condicion_a_garantizada"": {""al15c"": ""1-8"", ""ds2"": ""2""}, ""saltos_usados"": [""al15c<-al4"", ""al4<-al1""]}, {""condicion_b"": {""al15d"": ""1-4"", ""ds2"": ""2""}, ""condicion_b_con_saltos"": {""al1"": ""1"", ""al15d"": ""1-4"", ""al4"": ""1-5"", ""ds2"": ""2""}, ""condicion_a_garantizada"": {""al15d"": ""1-8"", ""ds2"": ""2""}, ""saltos_usados"": [""al15d<-al4"", ""al4<-al1""]}, {""condicion_b"": {""al15e"": ""1-4"", ""ds2"": ""2""}, ""condicion_b_con_saltos"": {""al1"": ""1"", ""al15e"": ""1-4"", ""al4"": ""1-5"", ""ds2"": ""2""}, ""condicion_a_garantizada"": {""al15e"": ""1-8"", ""ds2"": ""2""}, ""saltos_usados"": [""al15e<-al4"", ""al4<-al1""]}, {""condicion_b"": {""al15f"": ""1-4"", ""ds2"": ""2""}, ""condicion_b_con_saltos"": {""al1"": ""1"", ""al15f"": ""1-4"", ""al4"": ""1-5"", ""ds2"": ""2""}, ""condicion_a_garantizada"": {""al15f"": ""1-8"", ""ds2"": ""2""}, ""saltos_usados"": [""al15f<-al4"", ""al4<-al1""]}, {""condicion_b"": {""al15g"": ""1-4"", ""ds2"": ""2""}, ""condicion_b_con_saltos"": {""al1"": ""1"", ""al15g"": ""1-4"", ""al4"": ""1-5"", ""ds2"": ""2""}, ""condicion_a_garantizada"": {""al15g"": ""1-8"", ""ds2"": ""2""}, ""saltos_usados"": [""al15g<-al4"", ""al4<-al1""]}]}, {""tipo"": ""salto_del_cuestionario_verificado"", ""archivo"": ""encodat_analysis/correlations/evidence/questionnaire_routing.json"", ""saltos"": [{""salto"": ""al12g<-al4"", ""parent_question"": ""AL4. En los últimos 12 meses, ¿tomó alguna bebida que contenga alcohol?"", ""parent_enabling_codes"": [1, 2, 3, 4, 5], ""counterexamples"": 0}, {""salto"": ""al12h<-al4"", ""parent_question"": ""AL4. En los últimos 12 meses, ¿tomó alguna bebida que contenga alcohol?"", ""parent_enabling_codes"": [1, 2, 3, 4, 5], ""counterexamples"": 0}, {""salto"": ""al12i<-al4"", ""parent_question"": ""AL4. En los últimos 12 meses, ¿tomó alguna bebida que contenga alcohol?"", ""parent_enabling_codes"": [1, 2, 3, 4, 5], ""counterexamples"": 0}, {""salto"": ""al12j<-al4"", ""parent_question"": ""AL4. En los últimos 12 meses, ¿tomó alguna bebida que contenga alcohol?"", ""parent_enabling_codes"": [1, 2, 3, 4, 5], ""counterexamples"": 0}, {""salto"": ""al14a<-al4"", ""parent_question"": ""AL4. En los últimos 12 meses, ¿tomó alguna bebida que contenga alcohol?"", ""parent_enabling_codes"": [1, 2, 3, 4, 5], ""counterexamples"": 0}, {""salto"": ""al14b<-al4"", ""parent_question"": ""AL4. En los últimos 12 meses, ¿tomó alguna bebida que contenga alcohol?"", ""parent_enabling_codes"": [1, 2, 3, 4, 5], ""counterexamples"": 0}, {""salto"": ""al14c<-al4"", ""parent_question"": ""AL4. En los últimos 12 meses, ¿tomó alguna bebida que contenga alcohol?"", ""parent_enabling_codes"": [1, 2, 3, 4, 5], ""counterexamples"": 0}, {""salto"": ""al14d<-al4"", ""parent_question"": ""AL4. En los últimos 12 meses, ¿tomó alguna bebida que contenga alcohol?"", ""parent_enabling_codes"": [1, 2, 3, 4, 5], ""counterexamples"": 0}, {""salto"": ""al14e<-al4"", ""parent_question"": ""AL4. En los últimos 12 meses, ¿tomó alguna bebida que contenga alcohol?"", ""parent_enabling_codes"": [1, 2, 3, 4, 5], ""counterexamples"": 0}, {""salto"": ""al14f<-al4"", ""parent_question"": ""AL4. En los últimos 12 meses, ¿tomó alguna bebida que contenga alcohol?"", ""parent_enabling_codes"": [1, 2, 3, 4, 5], ""counterexamples"": 0}, {""salto"": ""al14g<-al4"", ""parent_question"": ""AL4. En los últimos 12 meses, ¿tomó alguna bebida que contenga alcohol?"", ""parent_enabling_codes"": [1, 2, 3, 4, 5], ""counterexamples"": 0}, {""salto"": ""al15a<-al4"", ""parent_question"": ""AL4. En los últimos 12 meses, ¿tomó alguna bebida que contenga alcohol?"", ""parent_enabling_codes"": [1, 2, 3, 4, 5], ""counterexamples"": 0}, {""salto"": ""al15b<-al4"", ""parent_question"": ""AL4. En los últimos 12 meses, ¿tomó alguna bebida que contenga alcohol?"", ""parent_enabling_codes"": [1, 2, 3, 4, 5], ""counterexamples"": 0}, {""salto"": ""al15c<-al4"", ""parent_question"": ""AL4. En los últimos 12 meses, ¿tomó alguna bebida que contenga alcohol?"", ""parent_enabling_codes"": [1, 2, 3, 4, 5], ""counterexamples"": 0}, {""salto"": ""al15d<-al4"", ""parent_question"": ""AL4. En los últimos 12 meses, ¿tomó alguna bebida que contenga alcohol?"", ""parent_enabling_codes"": [1, 2, 3, 4, 5], ""counterexamples"": 0}, {""salto"": ""al15e<-al4"", ""parent_question"": ""AL4. En los últimos 12 meses, ¿tomó alguna bebida que contenga alcohol?"", ""parent_enabling_codes"": [1, 2, 3, 4, 5], ""counterexamples"": 0}, {""salto"": ""al15f<-al4"", ""parent_question"": ""AL4. En los últimos 12 meses, ¿tomó alguna bebida que contenga alcohol?"", ""parent_enabling_codes"": [1, 2, 3, 4, 5], ""counterexamples"": 0}, {""salto"": ""al15g<-al4"", ""parent_question"": ""AL4. En los últimos 12 meses, ¿tomó alguna bebida que contenga alcohol?"", ""parent_enabling_codes"": [1, 2, 3, 4, 5], ""counterexamples"": 0}, {""salto"": ""al4<-al1"", ""parent_question"": ""AL1. ¿Ha consumido alguna vez cualquier bebida que contenga alcohol?"", ""parent_enabling_codes"": [1], ""counterexamples"": 0}]}]","[""alc_excesivo_ult_mes"", ""alc_excesivo_diario""]",alc_excesivo_ult_mes: Diferencia con el objetivo nacional registrada por el propio análisis; falta resolver derivación y reproducir fuente antes de exponer resultados como validados.; alc_excesivo_diario: Diferencia con el objetivo nacional registrada por el propio análisis; falta resolver derivación y reproducir fuente antes de exponer resultados como validados.,True,True,excluded_from_analysis
alc_excesivo_ult_mes|dep_alcohol,alc_excesivo_ult_mes,dep_alcohol,Excesivo (mes),Dependencia alcohol,,,excluded,base_condicionada_por_salto_comun,Ambos solo pueden valer 1 dentro de la misma subpoblación filtrada por un salto; fuera de ella valen 0 a la fuerza y la asociación sobre la población completa la produce el filtro.,"Ninguno implica al otro, pero los dos exigen al1 en {1} y al4 en {1-5} para poder valer 1. Fuera de esa subpoblación ambos valen 0 por el salto, no por la respuesta. El par sería analizable sobre esa base común, que este módulo no calcula.","[{""tipo"": ""grafo_de_variables_derivadas"", ""archivo"": ""encodat_analysis/src/derived_vars.py"", ""indicador"": ""alc_excesivo_ult_mes"", ""variable_derivada"": null, ""etiqueta_oficial"": null, ""syntax_source"": ""reconstruccion_proyecto"", ""bloque"": null, ""regla_de_confirmacion"": null, ""variables_de_origen"": [""al12g"", ""al12h"", ""al12i"", ""al12j"", ""al14a"", ""al14b"", ""al14c"", ""al14d"", ""al14e"", ""al14f"", ""al14g"", ""al15a"", ""al15b"", ""al15c"", ""al15d"", ""al15e"", ""al15f"", ""al15g"", ""ds2""], ""componentes_declarados"": [], ""condicion_positiva"": [""al12g en {1-4} y ds2 en {1}"", ""al12h en {1-4} y ds2 en {1}"", ""al14a en {1-8} y ds2 en {1}"", ""al14b en {1-8} y ds2 en {1}"", ""al14c en {1-8} y ds2 en {1}"", ""al14d en {1-8} y ds2 en {1}"", ""al14e en {1-8} y ds2 en {1}"", ""al14f en {1-8} y ds2 en {1}"", ""al14g en {1-8} y ds2 en {1}"", ""al12i en {1-4} y ds2 en {2}"", ""al12j en {1-4} y ds2 en {2}"", ""al15a en {1-8} y ds2 en {2}"", ""al15b en {1-8} y ds2 en {2}"", ""al15c en {1-8} y ds2 en {2}"", ""al15d en {1-8} y ds2 en {2}"", ""al15e en {1-8} y ds2 en {2}"", ""al15f en {1-8} y ds2 en {2}"", ""al15g en {1-8} y ds2 en {2}""], ""origen_de_la_condicion"": ""binge(d, 4, 8); AL12 código 4 = «2 a 4 veces por mes», AL14/AL15 código 8 = «Aproximadamente una vez al mes»""}, {""tipo"": ""grafo_de_variables_derivadas"", ""archivo"": ""encodat_analysis/src/derived_vars.py"", ""indicador"": ""dep_alcohol"", ""variable_derivada"": null, ""etiqueta_oficial"": null, ""syntax_source"": ""reconstruccion_proyecto"", ""bloque"": null, ""regla_de_confirmacion"": null, ""variables_de_origen"": [""al26"", ""al27"", ""ta1"", ""ta2"", ""ta3"", ""ta4"", ""ta5"", ""ta6"", ""ta7""], ""componentes_declarados"": [], ""condicion_positiva"": null, ""origen_de_la_condicion"": ""Al menos dos de TA1-TA7 en {1,2} y daño AL26 o AL27 = Sí. Un conteo de síntomas no es una DNF: solo se usa la clausura de saltos de sus columnas.""}, {""tipo"": ""salto_comun_verificado"", ""archivo"": ""encodat_analysis/correlations/evidence/questionnaire_routing.json"", ""condicion_compartida"": {""al1"": ""1"", ""al4"": ""1-5""}, ""condicion_impuesta_a"": {""al1"": ""1"", ""al4"": ""1-5""}, ""condicion_impuesta_b"": {""al1"": ""1"", ""al4"": ""1-5""}}]","[""alc_excesivo_ult_mes"", ""dep_alcohol""]",alc_excesivo_ult_mes: Diferencia con el objetivo nacional registrada por el propio análisis; falta resolver derivación y reproducir fuente antes de exponer resultados como validados.; dep_alcohol: Diferencia con el objetivo nacional registrada por el propio análisis; falta resolver derivación y reproducir fuente antes de exponer resultados como validados.,True,False,excluded_from_analysis
alc_excesivo_diario|alc_excesivo_semanal,alc_excesivo_semanal,alc_excesivo_diario,Excesivo (semanal),Excesivo (diario),,,excluded,umbral_de_frecuencia_anidado,Mismos reactivos con topes de frecuencia anidados: el umbral más estricto está contenido en el más laxo.,Todo positivo de alc_excesivo_diario es necesariamente un positivo de alc_excesivo_semanal por construcción.,"[{""tipo"": ""grafo_de_variables_derivadas"", ""archivo"": ""encodat_analysis/src/derived_vars.py"", ""indicador"": ""alc_excesivo_semanal"", ""variable_derivada"": null, ""etiqueta_oficial"": null, ""syntax_source"": ""reconstruccion_proyecto"", ""bloque"": null, ""regla_de_confirmacion"": null, ""variables_de_origen"": [""al12g"", ""al12h"", ""al12i"", ""al12j"", ""al14a"", ""al14b"", ""al14c"", ""al14d"", ""al14e"", ""al14f"", ""al14g"", ""al15a"", ""al15b"", ""al15c"", ""al15d"", ""al15e"", ""al15f"", ""al15g"", ""ds2""], ""componentes_declarados"": [], ""condicion_positiva"": [""al12g en {1-3} y ds2 en {1}"", ""al12h en {1-3} y ds2 en {1}"", ""al14a en {1-6} y ds2 en {1}"", ""al14b en {1-6} y ds2 en {1}"", ""al14c en {1-6} y ds2 en {1}"", ""al14d en {1-6} y ds2 en {1}"", ""al14e en {1-6} y ds2 en {1}"", ""al14f en {1-6} y ds2 en {1}"", ""al14g en {1-6} y ds2 en {1}"", ""al12i en {1-3} y ds2 en {2}"", ""al12j en {1-3} y ds2 en {2}"", ""al15a en {1-6} y ds2 en {2}"", ""al15b en {1-6} y ds2 en {2}"", ""al15c en {1-6} y ds2 en {2}"", ""al15d en {1-6} y ds2 en {2}"", ""al15e en {1-6} y ds2 en {2}"", ""al15f en {1-6} y ds2 en {2}"", ""al15g en {1-6} y ds2 en {2}""], ""origen_de_la_condicion"": ""binge(d, 3, 6); AL12 código 3 = «Una vez por semana», AL14/AL15 código 6 = «Una o dos veces a la semana»""}, {""tipo"": ""grafo_de_variables_derivadas"", ""archivo"": ""encodat_analysis/src/derived_vars.py"", ""indicador"": ""alc_excesivo_diario"", ""variable_derivada"": null, ""etiqueta_oficial"": null, ""syntax_source"": ""reconstruccion_proyecto"", ""bloque"": null, ""regla_de_confirmacion"": null, ""variables_de_origen"": [""al12g"", ""al12h"", ""al12i"", ""al12j"", ""al14a"", ""al14b"", ""al14c"", ""al14d"", ""al14e"", ""al14f"", ""al14g"", ""al15a"", ""al15b"", ""al15c"", ""al15d"", ""al15e"", ""al15f"", ""al15g"", ""ds2""], ""componentes_declarados"": [], ""condicion_positiva"": [""al12g en {1} y ds2 en {1}"", ""al12h en {1} y ds2 en {1}"", ""al14a en {1-4} y ds2 en {1}"", ""al14b en {1-4} y ds2 en {1}"", ""al14c en {1-4} y ds2 en {1}"", ""al14d en {1-4} y ds2 en {1}"", ""al14e en {1-4} y ds2 en {1}"", ""al14f en {1-4} y ds2 en {1}"", ""al14g en {1-4} y ds2 en {1}"", ""al12i en {1} y ds2 en {2}"", ""al12j en {1} y ds2 en {2}"", ""al15a en {1-4} y ds2 en {2}"", ""al15b en {1-4} y ds2 en {2}"", ""al15c en {1-4} y ds2 en {2}"", ""al15d en {1-4} y ds2 en {2}"", ""al15e en {1-4} y ds2 en {2}"", ""al15f en {1-4} y ds2 en {2}"", ""al15g en {1-4} y ds2 en {2}""], ""origen_de_la_condicion"": ""binge(d, 1, 4); AL12 código 1 = «Diario», AL14/AL15 código 4 = «Casi todos los días (5-6 veces por semana)»""}, {""tipo"": ""implicacion_logica"", ""implica"": ""alc_excesivo_diario"", ""implicado"": ""alc_excesivo_semanal"", ""alcance"": ""total"", ""demostracion"": [{""condicion_b"": {""al12g"": ""1"", ""ds2"": ""1""}, ""condicion_b_con_saltos"": {""al1"": ""1"", ""al12g"": ""1"", ""al4"": ""1-5"", ""ds2"": ""1""}, ""condicion_a_garantizada"": {""al12g"": ""1-3"", ""ds2"": ""1""}, ""saltos_usados"": [""al12g<-al4"", ""al4<-al1""]}, {""condicion_b"": {""al12h"": ""1"", ""ds2"": ""1""}, ""condicion_b_con_saltos"": {""al1"": ""1"", ""al12h"": ""1"", ""al4"": ""1-5"", ""ds2"": ""1""}, ""condicion_a_garantizada"": {""al12h"": ""1-3"", ""ds2"": ""1""}, ""saltos_usados"": [""al12h<-al4"", ""al4<-al1""]}, {""condicion_b"": {""al14a"": ""1-4"", ""ds2"": ""1""}, ""condicion_b_con_saltos"": {""al1"": ""1"", ""al14a"": ""1-4"", ""al4"": ""1-5"", ""ds2"": ""1""}, ""condicion_a_garantizada"": {""al14a"": ""1-6"", ""ds2"": ""1""}, ""saltos_usados"": [""al14a<-al4"", ""al4<-al1""]}, {""condicion_b"": {""al14b"": ""1-4"", ""ds2"": ""1""}, ""condicion_b_con_saltos"": {""al1"": ""1"", ""al14b"": ""1-4"", ""al4"": ""1-5"", ""ds2"": ""1""}, ""condicion_a_garantizada"": {""al14b"": ""1-6"", ""ds2"": ""1""}, ""saltos_usados"": [""al14b<-al4"", ""al4<-al1""]}, {""condicion_b"": {""al14c"": ""1-4"", ""ds2"": ""1""}, ""condicion_b_con_saltos"": {""al1"": ""1"", ""al14c"": ""1-4"", ""al4"": ""1-5"", ""ds2"": ""1""}, ""condicion_a_garantizada"": {""al14c"": ""1-6"", ""ds2"": ""1""}, ""saltos_usados"": [""al14c<-al4"", ""al4<-al1""]}, {""condicion_b"": {""al14d"": ""1-4"", ""ds2"": ""1""}, ""condicion_b_con_saltos"": {""al1"": ""1"", ""al14d"": ""1-4"", ""al4"": ""1-5"", ""ds2"": ""1""}, ""condicion_a_garantizada"": {""al14d"": ""1-6"", ""ds2"": ""1""}, ""saltos_usados"": [""al14d<-al4"", ""al4<-al1""]}, {""condicion_b"": {""al14e"": ""1-4"", ""ds2"": ""1""}, ""condicion_b_con_saltos"": {""al1"": ""1"", ""al14e"": ""1-4"", ""al4"": ""1-5"", ""ds2"": ""1""}, ""condicion_a_garantizada"": {""al14e"": ""1-6"", ""ds2"": ""1""}, ""saltos_usados"": [""al14e<-al4"", ""al4<-al1""]}, {""condicion_b"": {""al14f"": ""1-4"", ""ds2"": ""1""}, ""condicion_b_con_saltos"": {""al1"": ""1"", ""al14f"": ""1-4"", ""al4"": ""1-5"", ""ds2"": ""1""}, ""condicion_a_garantizada"": {""al14f"": ""1-6"", ""ds2"": ""1""}, ""saltos_usados"": [""al14f<-al4"", ""al4<-al1""]}, {""condicion_b"": {""al14g"": ""1-4"", ""ds2"": ""1""}, ""condicion_b_con_saltos"": {""al1"": ""1"", ""al14g"": ""1-4"", ""al4"": ""1-5"", ""ds2"": ""1""}, ""condicion_a_garantizada"": {""al14g"": ""1-6"", ""ds2"": ""1""}, ""saltos_usados"": [""al14g<-al4"", ""al4<-al1""]}, {""condicion_b"": {""al12i"": ""1"", ""ds2"": ""2""}, ""condicion_b_con_saltos"": {""al1"": ""1"", ""al12i"": ""1"", ""al4"": ""1-5"", ""ds2"": ""2""}, ""condicion_a_garantizada"": {""al12i"": ""1-3"", ""ds2"": ""2""}, ""saltos_usados"": [""al12i<-al4"", ""al4<-al1""]}, {""condicion_b"": {""al12j"": ""1"", ""ds2"": ""2""}, ""condicion_b_con_saltos"": {""al1"": ""1"", ""al12j"": ""1"", ""al4"": ""1-5"", ""ds2"": ""2""}, ""condicion_a_garantizada"": {""al12j"": ""1-3"", ""ds2"": ""2""}, ""saltos_usados"": [""al12j<-al4"", ""al4<-al1""]}, {""condicion_b"": {""al15a"": ""1-4"", ""ds2"": ""2""}, ""condicion_b_con_saltos"": {""al1"": ""1"", ""al15a"": ""1-4"", ""al4"": ""1-5"", ""ds2"": ""2""}, ""condicion_a_garantizada"": {""al15a"": ""1-6"", ""ds2"": ""2""}, ""saltos_usados"": [""al15a<-al4"", ""al4<-al1""]}, {""condicion_b"": {""al15b"": ""1-4"", ""ds2"": ""2""}, ""condicion_b_con_saltos"": {""al1"": ""1"", ""al15b"": ""1-4"", ""al4"": ""1-5"", ""ds2"": ""2""}, ""condicion_a_garantizada"": {""al15b"": ""1-6"", ""ds2"": ""2""}, ""saltos_usados"": [""al15b<-al4"", ""al4<-al1""]}, {""condicion_b"": {""al15c"": ""1-4"", ""ds2"": ""2""}, ""condicion_b_con_saltos"": {""al1"": ""1"", ""al15c"": ""1-4"", ""al4"": ""1-5"", ""ds2"": ""2""}, ""condicion_a_garantizada"": {""al15c"": ""1-6"", ""ds2"": ""2""}, ""saltos_usados"": [""al15c<-al4"", ""al4<-al1""]}, {""condicion_b"": {""al15d"": ""1-4"", ""ds2"": ""2""}, ""condicion_b_con_saltos"": {""al1"": ""1"", ""al15d"": ""1-4"", ""al4"": ""1-5"", ""ds2"": ""2""}, ""condicion_a_garantizada"": {""al15d"": ""1-6"", ""ds2"": ""2""}, ""saltos_usados"": [""al15d<-al4"", ""al4<-al1""]}, {""condicion_b"": {""al15e"": ""1-4"", ""ds2"": ""2""}, ""condicion_b_con_saltos"": {""al1"": ""1"", ""al15e"": ""1-4"", ""al4"": ""1-5"", ""ds2"": ""2""}, ""condicion_a_garantizada"": {""al15e"": ""1-6"", ""ds2"": ""2""}, ""saltos_usados"": [""al15e<-al4"", ""al4<-al1""]}, {""condicion_b"": {""al15f"": ""1-4"", ""ds2"": ""2""}, ""condicion_b_con_saltos"": {""al1"": ""1"", ""al15f"": ""1-4"", ""al4"": ""1-5"", ""ds2"": ""2""}, ""condicion_a_garantizada"": {""al15f"": ""1-6"", ""ds2"": ""2""}, ""saltos_usados"": [""al15f<-al4"", ""al4<-al1""]}, {""condicion_b"": {""al15g"": ""1-4"", ""ds2"": ""2""}, ""condicion_b_con_saltos"": {""al1"": ""1"", ""al15g"": ""1-4"", ""al4"": ""1-5"", ""ds2"": ""2""}, ""condicion_a_garantizada"": {""al15g"": ""1-6"", ""ds2"": ""2""}, ""saltos_usados"": [""al15g<-al4"", ""al4<-al1""]}]}, {""tipo"": ""salto_del_cuestionario_verificado"", ""archivo"": ""encodat_analysis/correlations/evidence/questionnaire_routing.json"", ""saltos"": [{""salto"": ""al12g<-al4"", ""parent_question"": ""AL4. En los últimos 12 meses, ¿tomó alguna bebida que contenga alcohol?"", ""parent_enabling_codes"": [1, 2, 3, 4, 5], ""counterexamples"": 0}, {""salto"": ""al12h<-al4"", ""parent_question"": ""AL4. En los últimos 12 meses, ¿tomó alguna bebida que contenga alcohol?"", ""parent_enabling_codes"": [1, 2, 3, 4, 5], ""counterexamples"": 0}, {""salto"": ""al12i<-al4"", ""parent_question"": ""AL4. En los últimos 12 meses, ¿tomó alguna bebida que contenga alcohol?"", ""parent_enabling_codes"": [1, 2, 3, 4, 5], ""counterexamples"": 0}, {""salto"": ""al12j<-al4"", ""parent_question"": ""AL4. En los últimos 12 meses, ¿tomó alguna bebida que contenga alcohol?"", ""parent_enabling_codes"": [1, 2, 3, 4, 5], ""counterexamples"": 0}, {""salto"": ""al14a<-al4"", ""parent_question"": ""AL4. En los últimos 12 meses, ¿tomó alguna bebida que contenga alcohol?"", ""parent_enabling_codes"": [1, 2, 3, 4, 5], ""counterexamples"": 0}, {""salto"": ""al14b<-al4"", ""parent_question"": ""AL4. En los últimos 12 meses, ¿tomó alguna bebida que contenga alcohol?"", ""parent_enabling_codes"": [1, 2, 3, 4, 5], ""counterexamples"": 0}, {""salto"": ""al14c<-al4"", ""parent_question"": ""AL4. En los últimos 12 meses, ¿tomó alguna bebida que contenga alcohol?"", ""parent_enabling_codes"": [1, 2, 3, 4, 5], ""counterexamples"": 0}, {""salto"": ""al14d<-al4"", ""parent_question"": ""AL4. En los últimos 12 meses, ¿tomó alguna bebida que contenga alcohol?"", ""parent_enabling_codes"": [1, 2, 3, 4, 5], ""counterexamples"": 0}, {""salto"": ""al14e<-al4"", ""parent_question"": ""AL4. En los últimos 12 meses, ¿tomó alguna bebida que contenga alcohol?"", ""parent_enabling_codes"": [1, 2, 3, 4, 5], ""counterexamples"": 0}, {""salto"": ""al14f<-al4"", ""parent_question"": ""AL4. En los últimos 12 meses, ¿tomó alguna bebida que contenga alcohol?"", ""parent_enabling_codes"": [1, 2, 3, 4, 5], ""counterexamples"": 0}, {""salto"": ""al14g<-al4"", ""parent_question"": ""AL4. En los últimos 12 meses, ¿tomó alguna bebida que contenga alcohol?"", ""parent_enabling_codes"": [1, 2, 3, 4, 5], ""counterexamples"": 0}, {""salto"": ""al15a<-al4"", ""parent_question"": ""AL4. En los últimos 12 meses, ¿tomó alguna bebida que contenga alcohol?"", ""parent_enabling_codes"": [1, 2, 3, 4, 5], ""counterexamples"": 0}, {""salto"": ""al15b<-al4"", ""parent_question"": ""AL4. En los últimos 12 meses, ¿tomó alguna bebida que contenga alcohol?"", ""parent_enabling_codes"": [1, 2, 3, 4, 5], ""counterexamples"": 0}, {""salto"": ""al15c<-al4"", ""parent_question"": ""AL4. En los últimos 12 meses, ¿tomó alguna bebida que contenga alcohol?"", ""parent_enabling_codes"": [1, 2, 3, 4, 5], ""counterexamples"": 0}, {""salto"": ""al15d<-al4"", ""parent_question"": ""AL4. En los últimos 12 meses, ¿tomó alguna bebida que contenga alcohol?"", ""parent_enabling_codes"": [1, 2, 3, 4, 5], ""counterexamples"": 0}, {""salto"": ""al15e<-al4"", ""parent_question"": ""AL4. En los últimos 12 meses, ¿tomó alguna bebida que contenga alcohol?"", ""parent_enabling_codes"": [1, 2, 3, 4, 5], ""counterexamples"": 0}, {""salto"": ""al15f<-al4"", ""parent_question"": ""AL4. En los últimos 12 meses, ¿tomó alguna bebida que contenga alcohol?"", ""parent_enabling_codes"": [1, 2, 3, 4, 5], ""counterexamples"": 0}, {""salto"": ""al15g<-al4"", ""parent_question"": ""AL4. En los últimos 12 meses, ¿tomó alguna bebida que contenga alcohol?"", ""parent_enabling_codes"": [1, 2, 3, 4, 5], ""counterexamples"": 0}, {""salto"": ""al4<-al1"", ""parent_question"": ""AL1. ¿Ha consumido alguna vez cualquier bebida que contenga alcohol?"", ""parent_enabling_codes"": [1], ""counterexamples"": 0}]}]","[""alc_excesivo_semanal"", ""alc_excesivo_diario""]",alc_excesivo_semanal: Diferencia con el objetivo nacional registrada por el propio análisis; falta resolver derivación y reproducir fuente antes de exponer resultados como validados.; alc_excesivo_diario: Diferencia con el objetivo nacional registrada por el propio análisis; falta resolver derivación y reproducir fuente antes de exponer resultados como validados.,True,True,excluded_from_analysis
alc_excesivo_semanal|dep_alcohol,alc_excesivo_semanal,dep_alcohol,Excesivo (semanal),Dependencia alcohol,,,excluded,base_condicionada_por_salto_comun,Ambos solo pueden valer 1 dentro de la misma subpoblación filtrada por un salto; fuera de ella valen 0 a la fuerza y la asociación sobre la población completa la produce el filtro.,"Ninguno implica al otro, pero los dos exigen al1 en {1} y al4 en {1-5} para poder valer 1. Fuera de esa subpoblación ambos valen 0 por el salto, no por la respuesta. El par sería analizable sobre esa base común, que este módulo no calcula.","[{""tipo"": ""grafo_de_variables_derivadas"", ""archivo"": ""encodat_analysis/src/derived_vars.py"", ""indicador"": ""alc_excesivo_semanal"", ""variable_derivada"": null, ""etiqueta_oficial"": null, ""syntax_source"": ""reconstruccion_proyecto"", ""bloque"": null, ""regla_de_confirmacion"": null, ""variables_de_origen"": [""al12g"", ""al12h"", ""al12i"", ""al12j"", ""al14a"", ""al14b"", ""al14c"", ""al14d"", ""al14e"", ""al14f"", ""al14g"", ""al15a"", ""al15b"", ""al15c"", ""al15d"", ""al15e"", ""al15f"", ""al15g"", ""ds2""], ""componentes_declarados"": [], ""condicion_positiva"": [""al12g en {1-3} y ds2 en {1}"", ""al12h en {1-3} y ds2 en {1}"", ""al14a en {1-6} y ds2 en {1}"", ""al14b en {1-6} y ds2 en {1}"", ""al14c en {1-6} y ds2 en {1}"", ""al14d en {1-6} y ds2 en {1}"", ""al14e en {1-6} y ds2 en {1}"", ""al14f en {1-6} y ds2 en {1}"", ""al14g en {1-6} y ds2 en {1}"", ""al12i en {1-3} y ds2 en {2}"", ""al12j en {1-3} y ds2 en {2}"", ""al15a en {1-6} y ds2 en {2}"", ""al15b en {1-6} y ds2 en {2}"", ""al15c en {1-6} y ds2 en {2}"", ""al15d en {1-6} y ds2 en {2}"", ""al15e en {1-6} y ds2 en {2}"", ""al15f en {1-6} y ds2 en {2}"", ""al15g en {1-6} y ds2 en {2}""], ""origen_de_la_condicion"": ""binge(d, 3, 6); AL12 código 3 = «Una vez por semana», AL14/AL15 código 6 = «Una o dos veces a la semana»""}, {""tipo"": ""grafo_de_variables_derivadas"", ""archivo"": ""encodat_analysis/src/derived_vars.py"", ""indicador"": ""dep_alcohol"", ""variable_derivada"": null, ""etiqueta_oficial"": null, ""syntax_source"": ""reconstruccion_proyecto"", ""bloque"": null, ""regla_de_confirmacion"": null, ""variables_de_origen"": [""al26"", ""al27"", ""ta1"", ""ta2"", ""ta3"", ""ta4"", ""ta5"", ""ta6"", ""ta7""], ""componentes_declarados"": [], ""condicion_positiva"": null, ""origen_de_la_condicion"": ""Al menos dos de TA1-TA7 en {1,2} y daño AL26 o AL27 = Sí. Un conteo de síntomas no es una DNF: solo se usa la clausura de saltos de sus columnas.""}, {""tipo"": ""salto_comun_verificado"", ""archivo"": ""encodat_analysis/correlations/evidence/questionnaire_routing.json"", ""condicion_compartida"": {""al1"": ""1"", ""al4"": ""1-5""}, ""condicion_impuesta_a"": {""al1"": ""1"", ""al4"": ""1-5""}, ""condicion_impuesta_b"": {""al1"": ""1"", ""al4"": ""1-5""}}]","[""alc_excesivo_semanal"", ""dep_alcohol""]",alc_excesivo_semanal: Diferencia con el objetivo nacional registrada por el propio análisis; falta resolver derivación y reproducir fuente antes de exponer resultados como validados.; dep_alcohol: Diferencia con el objetivo nacional registrada por el propio análisis; falta resolver derivación y reproducir fuente antes de exponer resultados como validados.,True,False,excluded_from_analysis
alc_excesivo_diario|dep_alcohol,alc_excesivo_diario,dep_alcohol,Excesivo (diario),Dependencia alcohol,,,excluded,base_condicionada_por_salto_comun,Ambos solo pueden valer 1 dentro de la misma subpoblación filtrada por un salto; fuera de ella valen 0 a la fuerza y la asociación sobre la población completa la produce el filtro.,"Ninguno implica al otro, pero los dos exigen al1 en {1} y al4 en {1-5} para poder valer 1. Fuera de esa subpoblación ambos valen 0 por el salto, no por la respuesta. El par sería analizable sobre esa base común, que este módulo no calcula.","[{""tipo"": ""grafo_de_variables_derivadas"", ""archivo"": ""encodat_analysis/src/derived_vars.py"", ""indicador"": ""alc_excesivo_diario"", ""variable_derivada"": null, ""etiqueta_oficial"": null, ""syntax_source"": ""reconstruccion_proyecto"", ""bloque"": null, ""regla_de_confirmacion"": null, ""variables_de_origen"": [""al12g"", ""al12h"", ""al12i"", ""al12j"", ""al14a"", ""al14b"", ""al14c"", ""al14d"", ""al14e"", ""al14f"", ""al14g"", ""al15a"", ""al15b"", ""al15c"", ""al15d"", ""al15e"", ""al15f"", ""al15g"", ""ds2""], ""componentes_declarados"": [], ""condicion_positiva"": [""al12g en {1} y ds2 en {1}"", ""al12h en {1} y ds2 en {1}"", ""al14a en {1-4} y ds2 en {1}"", ""al14b en {1-4} y ds2 en {1}"", ""al14c en {1-4} y ds2 en {1}"", ""al14d en {1-4} y ds2 en {1}"", ""al14e en {1-4} y ds2 en {1}"", ""al14f en {1-4} y ds2 en {1}"", ""al14g en {1-4} y ds2 en {1}"", ""al12i en {1} y ds2 en {2}"", ""al12j en {1} y ds2 en {2}"", ""al15a en {1-4} y ds2 en {2}"", ""al15b en {1-4} y ds2 en {2}"", ""al15c en {1-4} y ds2 en {2}"", ""al15d en {1-4} y ds2 en {2}"", ""al15e en {1-4} y ds2 en {2}"", ""al15f en {1-4} y ds2 en {2}"", ""al15g en {1-4} y ds2 en {2}""], ""origen_de_la_condicion"": ""binge(d, 1, 4); AL12 código 1 = «Diario», AL14/AL15 código 4 = «Casi todos los días (5-6 veces por semana)»""}, {""tipo"": ""grafo_de_variables_derivadas"", ""archivo"": ""encodat_analysis/src/derived_vars.py"", ""indicador"": ""dep_alcohol"", ""variable_derivada"": null, ""etiqueta_oficial"": null, ""syntax_source"": ""reconstruccion_proyecto"", ""bloque"": null, ""regla_de_confirmacion"": null, ""variables_de_origen"": [""al26"", ""al27"", ""ta1"", ""ta2"", ""ta3"", ""ta4"", ""ta5"", ""ta6"", ""ta7""], ""componentes_declarados"": [], ""condicion_positiva"": null, ""origen_de_la_condicion"": ""Al menos dos de TA1-TA7 en {1,2} y daño AL26 o AL27 = Sí. Un conteo de síntomas no es una DNF: solo se usa la clausura de saltos de sus columnas.""}, {""tipo"": ""salto_comun_verificado"", ""archivo"": ""encodat_analysis/correlations/evidence/questionnaire_routing.json"", ""condicion_compartida"": {""al1"": ""1"", ""al4"": ""1-5""}, ""condicion_impuesta_a"": {""al1"": ""1"", ""al4"": ""1-5""}, ""condicion_impuesta_b"": {""al1"": ""1"", ""al4"": ""1-5""}}]","[""alc_excesivo_diario"", ""dep_alcohol""]",alc_excesivo_diario: Diferencia con el objetivo nacional registrada por el propio análisis; falta resolver derivación y reproducir fuente antes de exponer resultados como validados.; dep_alcohol: Diferencia con el objetivo nacional registrada por el propio análisis; falta resolver derivación y reproducir fuente antes de exponer resultados como validados.,False,,excluded_from_analysis
